DELETE FROM pl_users WHERE season = 2004;
DELETE FROM pl_games WHERE season = 2004;
DELETE FROM pl_picks WHERE season = 2004;
INSERT INTO pl_users VALUES('dschexnayder', 2004, 'U', 1, 'David', 'Schexnayder', 'Schex', MD5('aoeu'), 'texans', '', '', '', '', '');
INSERT INTO pl_users VALUES('jpnance', 2004, 'A', 2, 'Patrick', 'Nance', 'Patrick', MD5('aoeu'), 'cowboys', '', '', '', '', '');
INSERT INTO pl_users VALUES('ksomandar', 2004, 'U', 3, 'Keyon', 'Somandar', 'Keyon', MD5('aoeu'), 'cowboys', '', '', '', '', '');
INSERT INTO pl_users VALUES('dcurry', 2004, 'U', 4, 'Devin', 'Curry', 'Devin', MD5('aoeu'), 'colts', '', '', '', '', '');
INSERT INTO pl_users VALUES('isanmiguel', 2004, 'U', 5, 'Issac', 'San Miguel', 'Issac', MD5('aoeu'), 'cowboys', '', '', '', '', '');
INSERT INTO pl_users VALUES('lzimmermann', 2004, 'U', 6, 'Luke', 'Zimmermann', 'Luke', MD5('aoeu'), 'texans', '', '', '', '', '');
INSERT INTO pl_users VALUES('dwaldo', 2004, 'U', 7, 'David', 'Waldo', 'Waldo', MD5('aoeu'), 'texans', '', '', '', '', '');
INSERT INTO pl_users VALUES('jeff', 2004, 'U', 8, 'Jeff', 'Sneden', 'Jeff', MD5('aoeu'), 'steelers', '', '', '', '', '');
INSERT INTO pl_users VALUES('dnims', 2004, 'U', 9, 'David', 'Nims', 'Nims', MD5('aoeu'), 'broncos', '', '', '', '', '');
INSERT INTO pl_users VALUES('akubaryk', 2004, 'U', 10, 'Adam', 'Kubaryk', 'Adam', MD5('aoeu'), 'ravens', '', '', '', '', '');
INSERT INTO pl_games VALUES('STL', 'CHI', 2004, 0, '2004-08-13 00:00:00', 10, 13, -4.0);
INSERT INTO pl_picks VALUES('jpnance', 'STL', 'CHI', 2004, 0, 'STL', 0);
INSERT INTO pl_picks VALUES('dcurry', 'STL', 'CHI', 2004, 0, 'CHI', 0);
INSERT INTO pl_games VALUES('BAL', 'ATL', 2004, 0, '2004-08-13 00:00:00', 24, 0, -3.5);
INSERT INTO pl_picks VALUES('jpnance', 'BAL', 'ATL', 2004, 0, 'ATL', 0);
INSERT INTO pl_picks VALUES('dcurry', 'BAL', 'ATL', 2004, 0, 'ATL', 0);
INSERT INTO pl_games VALUES('NE', 'PHI', 2004, 0, '2004-08-14 00:00:00', 24, 6, -3.5);
INSERT INTO pl_picks VALUES('jpnance', 'NE', 'PHI', 2004, 0, 'PHI', 0);
INSERT INTO pl_picks VALUES('dcurry', 'NE', 'PHI', 2004, 0, 'PHI', 0);
INSERT INTO pl_games VALUES('NO', 'NYJ', 2004, 0, '2004-08-14 00:00:00', 23, 13, -2.5);
INSERT INTO pl_picks VALUES('jpnance', 'NO', 'NYJ', 2004, 0, 'NYJ', 0);
INSERT INTO pl_picks VALUES('dcurry', 'NO', 'NYJ', 2004, 0, 'NYJ', 0);
INSERT INTO pl_games VALUES('NYG', 'KC', 2004, 0, '2004-08-14 00:00:00', 34, 24, -2.0);
INSERT INTO pl_picks VALUES('jpnance', 'NYG', 'KC', 2004, 0, 'NYG', 0);
INSERT INTO pl_picks VALUES('dcurry', 'NYG', 'KC', 2004, 0, 'KC', 0);
INSERT INTO pl_games VALUES('TB', 'CIN', 2004, 0, '2004-08-14 23:00:00', 20, 6, -3.5);
INSERT INTO pl_picks VALUES('jpnance', 'TB', 'CIN', 2004, 0, 'CIN', 0);
INSERT INTO pl_picks VALUES('ksomandar', 'TB', 'CIN', 2004, 0, 'CIN', 0);
INSERT INTO pl_picks VALUES('dcurry', 'TB', 'CIN', 2004, 0, 'CIN', 0);
INSERT INTO pl_games VALUES('MIA', 'JAX', 2004, 0, '2004-08-14 23:30:00', 16, 5, -3.0);
INSERT INTO pl_picks VALUES('jpnance', 'MIA', 'JAX', 2004, 0, 'JAX', 0);
INSERT INTO pl_picks VALUES('ksomandar', 'MIA', 'JAX', 2004, 0, 'JAX', 0);
INSERT INTO pl_picks VALUES('dcurry', 'MIA', 'JAX', 2004, 0, 'JAX', 0);
INSERT INTO pl_games VALUES('DET', 'PIT', 2004, 0, '2004-08-14 23:30:00', 27, 21, -3.0);
INSERT INTO pl_picks VALUES('jpnance', 'DET', 'PIT', 2004, 0, 'PIT', 0);
INSERT INTO pl_picks VALUES('ksomandar', 'DET', 'PIT', 2004, 0, 'DET', 0);
INSERT INTO pl_picks VALUES('dcurry', 'DET', 'PIT', 2004, 0, 'DET', 0);
INSERT INTO pl_games VALUES('TEN', 'CLE', 2004, 0, '2004-08-15 00:00:00', 24, 3, -3.0);
INSERT INTO pl_picks VALUES('jpnance', 'TEN', 'CLE', 2004, 0, 'TEN', 0);
INSERT INTO pl_picks VALUES('ksomandar', 'TEN', 'CLE', 2004, 0, 'TEN', 0);
INSERT INTO pl_picks VALUES('dcurry', 'TEN', 'CLE', 2004, 0, 'TEN', 0);
INSERT INTO pl_games VALUES('MIN', 'ARI', 2004, 0, '2004-08-15 00:00:00', 23, 6, -4.0);
INSERT INTO pl_picks VALUES('jpnance', 'MIN', 'ARI', 2004, 0, 'ARI', 0);
INSERT INTO pl_picks VALUES('ksomandar', 'MIN', 'ARI', 2004, 0, 'MIN', 0);
INSERT INTO pl_picks VALUES('dcurry', 'MIN', 'ARI', 2004, 0, 'MIN', 0);
INSERT INTO pl_games VALUES('WAS', 'CAR', 2004, 0, '2004-08-15 00:00:00', 20, 23, -3.0);
INSERT INTO pl_picks VALUES('jpnance', 'WAS', 'CAR', 2004, 0, 'CAR', 0);
INSERT INTO pl_picks VALUES('ksomandar', 'WAS', 'CAR', 2004, 0, 'WAS', 0);
INSERT INTO pl_picks VALUES('dcurry', 'WAS', 'CAR', 2004, 0, 'WAS', 0);
INSERT INTO pl_games VALUES('HOU', 'DAL', 2004, 0, '2004-08-15 00:00:00', 18, 0, 2.0);
INSERT INTO pl_picks VALUES('jpnance', 'HOU', 'DAL', 2004, 0, 'DAL', 0);
INSERT INTO pl_picks VALUES('ksomandar', 'HOU', 'DAL', 2004, 0, 'HOU', 0);
INSERT INTO pl_picks VALUES('dcurry', 'HOU', 'DAL', 2004, 0, 'DAL', 0);
INSERT INTO pl_games VALUES('SF', 'OAK', 2004, 0, '2004-08-15 00:00:00', 30, 33, 1.0);
INSERT INTO pl_picks VALUES('jpnance', 'SF', 'OAK', 2004, 0, 'OAK', 0);
INSERT INTO pl_picks VALUES('ksomandar', 'SF', 'OAK', 2004, 0, 'OAK', 0);
INSERT INTO pl_picks VALUES('dcurry', 'SF', 'OAK', 2004, 0, 'OAK', 0);
INSERT INTO pl_games VALUES('SD', 'IND', 2004, 0, '2004-08-15 02:00:00', 17, 21, 1.5);
INSERT INTO pl_picks VALUES('jpnance', 'SD', 'IND', 2004, 0, 'IND', 0);
INSERT INTO pl_picks VALUES('ksomandar', 'SD', 'IND', 2004, 0, 'IND', 0);
INSERT INTO pl_picks VALUES('dcurry', 'SD', 'IND', 2004, 0, 'IND', 0);
INSERT INTO pl_games VALUES('BUF', 'DEN', 2004, 0, '2004-08-15 23:00:00', 16, 6, -3.0);
INSERT INTO pl_picks VALUES('jpnance', 'BUF', 'DEN', 2004, 0, 'DEN', 0);
INSERT INTO pl_picks VALUES('ksomandar', 'BUF', 'DEN', 2004, 0, 'DEN', 0);
INSERT INTO pl_picks VALUES('dcurry', 'BUF', 'DEN', 2004, 0, 'DEN', 0);
INSERT INTO pl_games VALUES('GB', 'SEA', 2004, 0, '2004-08-17 00:00:00', 3, 21, -3.5);
INSERT INTO pl_picks VALUES('jpnance', 'GB', 'SEA', 2004, 0, 'GB', 0);
INSERT INTO pl_picks VALUES('ksomandar', 'GB', 'SEA', 2004, 0, 'SEA', 0);
INSERT INTO pl_picks VALUES('dcurry', 'GB', 'SEA', 2004, 0, 'GB', 0);
INSERT INTO pl_games VALUES('NE', 'IND', 2004, 1, '2004-09-10 01:00:00', 27, 24, -3.5);
INSERT INTO pl_picks VALUES('dschexnayder', 'NE', 'IND', 2004, 1, 'NE', 0);
INSERT INTO pl_picks VALUES('jpnance', 'NE', 'IND', 2004, 1, 'NE', 0);
INSERT INTO pl_picks VALUES('ksomandar', 'NE', 'IND', 2004, 1, 'IND', 0);
INSERT INTO pl_picks VALUES('dcurry', 'NE', 'IND', 2004, 1, 'IND', 0);
INSERT INTO pl_picks VALUES('isanmiguel', 'NE', 'IND', 2004, 1, 'NE', 0);
INSERT INTO pl_picks VALUES('lzimmermann', 'NE', 'IND', 2004, 1, 'NE', 0);
INSERT INTO pl_picks VALUES('dwaldo', 'NE', 'IND', 2004, 1, 'IND', 0);
INSERT INTO pl_picks VALUES('jeff', 'NE', 'IND', 2004, 1, 'NE', 0);
INSERT INTO pl_picks VALUES('dnims', 'NE', 'IND', 2004, 1, 'NE', 0);
INSERT INTO pl_picks VALUES('akubaryk', 'NE', 'IND', 2004, 1, 'NE', 0);
INSERT INTO pl_games VALUES('NO', 'SEA', 2004, 1, '2004-09-12 17:00:00', 7, 21, 2.5);
INSERT INTO pl_picks VALUES('dschexnayder', 'NO', 'SEA', 2004, 1, 'SEA', 0);
INSERT INTO pl_picks VALUES('jpnance', 'NO', 'SEA', 2004, 1, 'SEA', 0);
INSERT INTO pl_picks VALUES('ksomandar', 'NO', 'SEA', 2004, 1, 'SEA', 0);
INSERT INTO pl_picks VALUES('dcurry', 'NO', 'SEA', 2004, 1, 'SEA', 0);
INSERT INTO pl_picks VALUES('isanmiguel', 'NO', 'SEA', 2004, 1, 'SEA', 0);
INSERT INTO pl_picks VALUES('dwaldo', 'NO', 'SEA', 2004, 1, 'SEA', 0);
INSERT INTO pl_picks VALUES('jeff', 'NO', 'SEA', 2004, 1, 'SEA', 0);
INSERT INTO pl_picks VALUES('dnims', 'NO', 'SEA', 2004, 1, 'SEA', 0);
INSERT INTO pl_picks VALUES('akubaryk', 'NO', 'SEA', 2004, 1, 'SEA', 0);
INSERT INTO pl_games VALUES('NYJ', 'CIN', 2004, 1, '2004-09-12 17:00:00', 31, 24, -4.5);
INSERT INTO pl_picks VALUES('dschexnayder', 'NYJ', 'CIN', 2004, 1, 'NYJ', 0);
INSERT INTO pl_picks VALUES('jpnance', 'NYJ', 'CIN', 2004, 1, 'NYJ', 0);
INSERT INTO pl_picks VALUES('ksomandar', 'NYJ', 'CIN', 2004, 1, 'CIN', 0);
INSERT INTO pl_picks VALUES('dcurry', 'NYJ', 'CIN', 2004, 1, 'CIN', 0);
INSERT INTO pl_picks VALUES('isanmiguel', 'NYJ', 'CIN', 2004, 1, 'NYJ', 0);
INSERT INTO pl_picks VALUES('dwaldo', 'NYJ', 'CIN', 2004, 1, 'NYJ', 0);
INSERT INTO pl_picks VALUES('jeff', 'NYJ', 'CIN', 2004, 1, 'CIN', 0);
INSERT INTO pl_picks VALUES('dnims', 'NYJ', 'CIN', 2004, 1, 'CIN', 0);
INSERT INTO pl_picks VALUES('akubaryk', 'NYJ', 'CIN', 2004, 1, 'NYJ', 0);
INSERT INTO pl_games VALUES('STL', 'ARI', 2004, 1, '2004-09-12 17:00:00', 17, 10, -10.5);
INSERT INTO pl_picks VALUES('dschexnayder', 'STL', 'ARI', 2004, 1, 'STL', 0);
INSERT INTO pl_picks VALUES('jpnance', 'STL', 'ARI', 2004, 1, 'STL', 0);
INSERT INTO pl_picks VALUES('ksomandar', 'STL', 'ARI', 2004, 1, 'ARI', 0);
INSERT INTO pl_picks VALUES('dcurry', 'STL', 'ARI', 2004, 1, 'STL', 0);
INSERT INTO pl_picks VALUES('isanmiguel', 'STL', 'ARI', 2004, 1, 'STL', 0);
INSERT INTO pl_picks VALUES('dwaldo', 'STL', 'ARI', 2004, 1, 'STL', 0);
INSERT INTO pl_picks VALUES('jeff', 'STL', 'ARI', 2004, 1, 'ARI', 0);
INSERT INTO pl_picks VALUES('dnims', 'STL', 'ARI', 2004, 1, 'STL', 0);
INSERT INTO pl_picks VALUES('akubaryk', 'STL', 'ARI', 2004, 1, 'STL', 0);
INSERT INTO pl_games VALUES('MIA', 'TEN', 2004, 1, '2004-09-11 17:00:00', 7, 17, 2.5);
INSERT INTO pl_picks VALUES('dschexnayder', 'MIA', 'TEN', 2004, 1, 'TEN', 0);
INSERT INTO pl_picks VALUES('jpnance', 'MIA', 'TEN', 2004, 1, 'TEN', 0);
INSERT INTO pl_picks VALUES('dcurry', 'MIA', 'TEN', 2004, 1, 'TEN', 0);
INSERT INTO pl_picks VALUES('isanmiguel', 'MIA', 'TEN', 2004, 1, 'TEN', 0);
INSERT INTO pl_picks VALUES('dwaldo', 'MIA', 'TEN', 2004, 1, 'TEN', 0);
INSERT INTO pl_picks VALUES('jeff', 'MIA', 'TEN', 2004, 1, 'TEN', 0);
INSERT INTO pl_picks VALUES('dnims', 'MIA', 'TEN', 2004, 1, 'TEN', 0);
INSERT INTO pl_games VALUES('PIT', 'OAK', 2004, 1, '2004-09-12 17:00:00', 24, 21, -3.5);
INSERT INTO pl_picks VALUES('dschexnayder', 'PIT', 'OAK', 2004, 1, 'OAK', 0);
INSERT INTO pl_picks VALUES('jpnance', 'PIT', 'OAK', 2004, 1, 'PIT', 0);
INSERT INTO pl_picks VALUES('ksomandar', 'PIT', 'OAK', 2004, 1, 'PIT', 0);
INSERT INTO pl_picks VALUES('dcurry', 'PIT', 'OAK', 2004, 1, 'OAK', 0);
INSERT INTO pl_picks VALUES('isanmiguel', 'PIT', 'OAK', 2004, 1, 'PIT', 0);
INSERT INTO pl_picks VALUES('dwaldo', 'PIT', 'OAK', 2004, 1, 'PIT', 0);
INSERT INTO pl_picks VALUES('jeff', 'PIT', 'OAK', 2004, 1, 'PIT', 0);
INSERT INTO pl_picks VALUES('dnims', 'PIT', 'OAK', 2004, 1, 'PIT', 0);
INSERT INTO pl_picks VALUES('akubaryk', 'PIT', 'OAK', 2004, 1, 'OAK', 0);
INSERT INTO pl_games VALUES('HOU', 'SD', 2004, 1, '2004-09-12 17:00:00', 20, 27, -4.5);
INSERT INTO pl_picks VALUES('dschexnayder', 'HOU', 'SD', 2004, 1, 'HOU', 0);
INSERT INTO pl_picks VALUES('jpnance', 'HOU', 'SD', 2004, 1, 'SD', 0);
INSERT INTO pl_picks VALUES('ksomandar', 'HOU', 'SD', 2004, 1, 'HOU', 0);
INSERT INTO pl_picks VALUES('dcurry', 'HOU', 'SD', 2004, 1, 'HOU', 0);
INSERT INTO pl_picks VALUES('isanmiguel', 'HOU', 'SD', 2004, 1, 'HOU', 0);
INSERT INTO pl_picks VALUES('dwaldo', 'HOU', 'SD', 2004, 1, 'SD', 0);
INSERT INTO pl_picks VALUES('jeff', 'HOU', 'SD', 2004, 1, 'HOU', 0);
INSERT INTO pl_picks VALUES('dnims', 'HOU', 'SD', 2004, 1, 'HOU', 0);
INSERT INTO pl_picks VALUES('akubaryk', 'HOU', 'SD', 2004, 1, 'HOU', 0);
INSERT INTO pl_games VALUES('BUF', 'JAX', 2004, 1, '2004-09-12 17:00:00', 10, 13, -2.5);
INSERT INTO pl_picks VALUES('dschexnayder', 'BUF', 'JAX', 2004, 1, 'JAX', 0);
INSERT INTO pl_picks VALUES('jpnance', 'BUF', 'JAX', 2004, 1, 'BUF', 0);
INSERT INTO pl_picks VALUES('ksomandar', 'BUF', 'JAX', 2004, 1, 'BUF', 0);
INSERT INTO pl_picks VALUES('dcurry', 'BUF', 'JAX', 2004, 1, 'BUF', 0);
INSERT INTO pl_picks VALUES('isanmiguel', 'BUF', 'JAX', 2004, 1, 'JAX', 0);
INSERT INTO pl_picks VALUES('dwaldo', 'BUF', 'JAX', 2004, 1, 'BUF', 0);
INSERT INTO pl_picks VALUES('jeff', 'BUF', 'JAX', 2004, 1, 'JAX', 0);
INSERT INTO pl_picks VALUES('dnims', 'BUF', 'JAX', 2004, 1, 'JAX', 0);
INSERT INTO pl_picks VALUES('akubaryk', 'BUF', 'JAX', 2004, 1, 'BUF', 0);
INSERT INTO pl_games VALUES('CHI', 'DET', 2004, 1, '2004-09-12 17:00:00', 16, 20, -2.5);
INSERT INTO pl_picks VALUES('dschexnayder', 'CHI', 'DET', 2004, 1, 'CHI', 0);
INSERT INTO pl_picks VALUES('jpnance', 'CHI', 'DET', 2004, 1, 'DET', 0);
INSERT INTO pl_picks VALUES('ksomandar', 'CHI', 'DET', 2004, 1, 'DET', 0);
INSERT INTO pl_picks VALUES('dcurry', 'CHI', 'DET', 2004, 1, 'DET', 0);
INSERT INTO pl_picks VALUES('isanmiguel', 'CHI', 'DET', 2004, 1, 'DET', 0);
INSERT INTO pl_picks VALUES('dwaldo', 'CHI', 'DET', 2004, 1, 'DET', 0);
INSERT INTO pl_picks VALUES('jeff', 'CHI', 'DET', 2004, 1, 'DET', 0);
INSERT INTO pl_picks VALUES('dnims', 'CHI', 'DET', 2004, 1, 'DET', 0);
INSERT INTO pl_picks VALUES('akubaryk', 'CHI', 'DET', 2004, 1, 'CHI', 0);
INSERT INTO pl_games VALUES('CLE', 'BAL', 2004, 1, '2004-09-12 17:00:00', 20, 3, 2.5);
INSERT INTO pl_picks VALUES('dschexnayder', 'CLE', 'BAL', 2004, 1, 'BAL', 0);
INSERT INTO pl_picks VALUES('jpnance', 'CLE', 'BAL', 2004, 1, 'CLE', 0);
INSERT INTO pl_picks VALUES('ksomandar', 'CLE', 'BAL', 2004, 1, 'BAL', 0);
INSERT INTO pl_picks VALUES('dcurry', 'CLE', 'BAL', 2004, 1, 'BAL', 0);
INSERT INTO pl_picks VALUES('isanmiguel', 'CLE', 'BAL', 2004, 1, 'BAL', 0);
INSERT INTO pl_picks VALUES('dwaldo', 'CLE', 'BAL', 2004, 1, 'BAL', 0);
INSERT INTO pl_picks VALUES('jeff', 'CLE', 'BAL', 2004, 1, 'BAL', 0);
INSERT INTO pl_picks VALUES('dnims', 'CLE', 'BAL', 2004, 1, 'BAL', 0);
INSERT INTO pl_picks VALUES('akubaryk', 'CLE', 'BAL', 2004, 1, 'BAL', 0);
INSERT INTO pl_games VALUES('WAS', 'TB', 2004, 1, '2004-09-12 17:00:00', 16, 10, -1.5);
INSERT INTO pl_picks VALUES('dschexnayder', 'WAS', 'TB', 2004, 1, 'WAS', 0);
INSERT INTO pl_picks VALUES('jpnance', 'WAS', 'TB', 2004, 1, 'WAS', 0);
INSERT INTO pl_picks VALUES('ksomandar', 'WAS', 'TB', 2004, 1, 'WAS', 0);
INSERT INTO pl_picks VALUES('dcurry', 'WAS', 'TB', 2004, 1, 'WAS', 0);
INSERT INTO pl_picks VALUES('isanmiguel', 'WAS', 'TB', 2004, 1, 'TB', 0);
INSERT INTO pl_picks VALUES('dwaldo', 'WAS', 'TB', 2004, 1, 'WAS', 0);
INSERT INTO pl_picks VALUES('jeff', 'WAS', 'TB', 2004, 1, 'WAS', 0);
INSERT INTO pl_picks VALUES('dnims', 'WAS', 'TB', 2004, 1, 'WAS', 0);
INSERT INTO pl_picks VALUES('akubaryk', 'WAS', 'TB', 2004, 1, 'WAS', 0);
INSERT INTO pl_games VALUES('SF', 'ATL', 2004, 1, '2004-09-12 20:15:00', 19, 21, 3.5);
INSERT INTO pl_picks VALUES('dschexnayder', 'SF', 'ATL', 2004, 1, 'ATL', 0);
INSERT INTO pl_picks VALUES('jpnance', 'SF', 'ATL', 2004, 1, 'SF', 0);
INSERT INTO pl_picks VALUES('ksomandar', 'SF', 'ATL', 2004, 1, 'ATL', 0);
INSERT INTO pl_picks VALUES('dcurry', 'SF', 'ATL', 2004, 1, 'ATL', 0);
INSERT INTO pl_picks VALUES('isanmiguel', 'SF', 'ATL', 2004, 1, 'ATL', 0);
INSERT INTO pl_picks VALUES('dwaldo', 'SF', 'ATL', 2004, 1, 'ATL', 0);
INSERT INTO pl_picks VALUES('jeff', 'SF', 'ATL', 2004, 1, 'ATL', 0);
INSERT INTO pl_picks VALUES('dnims', 'SF', 'ATL', 2004, 1, 'ATL', 0);
INSERT INTO pl_picks VALUES('akubaryk', 'SF', 'ATL', 2004, 1, 'ATL', 0);
INSERT INTO pl_games VALUES('MIN', 'DAL', 2004, 1, '2004-09-12 20:15:00', 35, 17, -4.5);
INSERT INTO pl_picks VALUES('dschexnayder', 'MIN', 'DAL', 2004, 1, 'MIN', 0);
INSERT INTO pl_picks VALUES('jpnance', 'MIN', 'DAL', 2004, 1, 'DAL', 0);
INSERT INTO pl_picks VALUES('ksomandar', 'MIN', 'DAL', 2004, 1, 'DAL', 0);
INSERT INTO pl_picks VALUES('dcurry', 'MIN', 'DAL', 2004, 1, 'DAL', 0);
INSERT INTO pl_picks VALUES('isanmiguel', 'MIN', 'DAL', 2004, 1, 'DAL', 0);
INSERT INTO pl_picks VALUES('dwaldo', 'MIN', 'DAL', 2004, 1, 'DAL', 0);
INSERT INTO pl_picks VALUES('jeff', 'MIN', 'DAL', 2004, 1, 'DAL', 0);
INSERT INTO pl_picks VALUES('dnims', 'MIN', 'DAL', 2004, 1, 'DAL', 0);
INSERT INTO pl_picks VALUES('akubaryk', 'MIN', 'DAL', 2004, 1, 'MIN', 0);
INSERT INTO pl_games VALUES('PHI', 'NYG', 2004, 1, '2004-09-12 20:15:00', 31, 17, -8.5);
INSERT INTO pl_picks VALUES('dschexnayder', 'PHI', 'NYG', 2004, 1, 'NYG', 0);
INSERT INTO pl_picks VALUES('jpnance', 'PHI', 'NYG', 2004, 1, 'PHI', 0);
INSERT INTO pl_picks VALUES('ksomandar', 'PHI', 'NYG', 2004, 1, 'NYG', 0);
INSERT INTO pl_picks VALUES('dcurry', 'PHI', 'NYG', 2004, 1, 'PHI', 0);
INSERT INTO pl_picks VALUES('isanmiguel', 'PHI', 'NYG', 2004, 1, 'PHI', 0);
INSERT INTO pl_picks VALUES('dwaldo', 'PHI', 'NYG', 2004, 1, 'PHI', 0);
INSERT INTO pl_picks VALUES('jeff', 'PHI', 'NYG', 2004, 1, 'NYG', 0);
INSERT INTO pl_picks VALUES('dnims', 'PHI', 'NYG', 2004, 1, 'PHI', 0);
INSERT INTO pl_picks VALUES('akubaryk', 'PHI', 'NYG', 2004, 1, 'PHI', 0);
INSERT INTO pl_games VALUES('DEN', 'KC', 2004, 1, '2004-09-13 00:30:00', 34, 24, -2.5);
INSERT INTO pl_picks VALUES('dschexnayder', 'DEN', 'KC', 2004, 1, 'KC', 0);
INSERT INTO pl_picks VALUES('jpnance', 'DEN', 'KC', 2004, 1, 'DEN', 0);
INSERT INTO pl_picks VALUES('ksomandar', 'DEN', 'KC', 2004, 1, 'KC', 0);
INSERT INTO pl_picks VALUES('dcurry', 'DEN', 'KC', 2004, 1, 'KC', 0);
INSERT INTO pl_picks VALUES('isanmiguel', 'DEN', 'KC', 2004, 1, 'KC', 0);
INSERT INTO pl_picks VALUES('dwaldo', 'DEN', 'KC', 2004, 1, 'KC', 0);
INSERT INTO pl_picks VALUES('jeff', 'DEN', 'KC', 2004, 1, 'KC', 0);
INSERT INTO pl_picks VALUES('dnims', 'DEN', 'KC', 2004, 1, 'DEN', 0);
INSERT INTO pl_picks VALUES('akubaryk', 'DEN', 'KC', 2004, 1, 'DEN', 0);
INSERT INTO pl_games VALUES('CAR', 'GB', 2004, 1, '2004-09-14 01:00:00', 14, 24, -2.5);
INSERT INTO pl_picks VALUES('dschexnayder', 'CAR', 'GB', 2004, 1, 'CAR', 0);
INSERT INTO pl_picks VALUES('jpnance', 'CAR', 'GB', 2004, 1, 'CAR', 0);
INSERT INTO pl_picks VALUES('ksomandar', 'CAR', 'GB', 2004, 1, 'CAR', 0);
INSERT INTO pl_picks VALUES('dcurry', 'CAR', 'GB', 2004, 1, 'GB', 0);
INSERT INTO pl_picks VALUES('isanmiguel', 'CAR', 'GB', 2004, 1, 'GB', 0);
INSERT INTO pl_picks VALUES('lzimmermann', 'CAR', 'GB', 2004, 1, 'GB', 0);
INSERT INTO pl_picks VALUES('dwaldo', 'CAR', 'GB', 2004, 1, 'GB', 0);
INSERT INTO pl_picks VALUES('jeff', 'CAR', 'GB', 2004, 1, 'CAR', 0);
INSERT INTO pl_picks VALUES('dnims', 'CAR', 'GB', 2004, 1, 'CAR', 0);
INSERT INTO pl_games VALUES('NO', 'KC', 2004, 10, '2004-11-14 18:00:00', 27, 20, 3.5);
INSERT INTO pl_picks VALUES('dschexnayder', 'NO', 'KC', 2004, 10, 'KC', 0);
INSERT INTO pl_picks VALUES('jpnance', 'NO', 'KC', 2004, 10, 'NO', 0);
INSERT INTO pl_picks VALUES('dcurry', 'NO', 'KC', 2004, 10, 'KC', 0);
INSERT INTO pl_picks VALUES('dwaldo', 'NO', 'KC', 2004, 10, 'KC', 0);
INSERT INTO pl_picks VALUES('jeff', 'NO', 'KC', 2004, 10, 'KC', 0);
INSERT INTO pl_picks VALUES('akubaryk', 'NO', 'KC', 2004, 10, 'KC', 0);
INSERT INTO pl_games VALUES('NYJ', 'BAL', 2004, 10, '2004-11-14 18:00:00', 17, 20, 0.5);
INSERT INTO pl_picks VALUES('dschexnayder', 'NYJ', 'BAL', 2004, 10, 'NYJ', 0);
INSERT INTO pl_picks VALUES('jpnance', 'NYJ', 'BAL', 2004, 10, 'BAL', 0);
INSERT INTO pl_picks VALUES('dcurry', 'NYJ', 'BAL', 2004, 10, 'NYJ', 0);
INSERT INTO pl_picks VALUES('dwaldo', 'NYJ', 'BAL', 2004, 10, 'NYJ', 0);
INSERT INTO pl_picks VALUES('jeff', 'NYJ', 'BAL', 2004, 10, 'BAL', 0);
INSERT INTO pl_picks VALUES('akubaryk', 'NYJ', 'BAL', 2004, 10, 'BAL', 0);
INSERT INTO pl_games VALUES('JAX', 'DET', 2004, 10, '2004-11-14 18:00:00', 23, 17, -3.5);
INSERT INTO pl_picks VALUES('dschexnayder', 'JAX', 'DET', 2004, 10, 'JAX', 0);
INSERT INTO pl_picks VALUES('jpnance', 'JAX', 'DET', 2004, 10, 'JAX', 0);
INSERT INTO pl_picks VALUES('dcurry', 'JAX', 'DET', 2004, 10, 'DET', 0);
INSERT INTO pl_picks VALUES('dwaldo', 'JAX', 'DET', 2004, 10, 'DET', 0);
INSERT INTO pl_picks VALUES('jeff', 'JAX', 'DET', 2004, 10, 'JAX', 0);
INSERT INTO pl_picks VALUES('akubaryk', 'JAX', 'DET', 2004, 10, 'JAX', 0);
INSERT INTO pl_games VALUES('ATL', 'TB', 2004, 10, '2004-11-14 18:00:00', 24, 14, -3.5);
INSERT INTO pl_picks VALUES('dschexnayder', 'ATL', 'TB', 2004, 10, 'ATL', 0);
INSERT INTO pl_picks VALUES('jpnance', 'ATL', 'TB', 2004, 10, 'ATL', 0);
INSERT INTO pl_picks VALUES('dcurry', 'ATL', 'TB', 2004, 10, 'ATL', 0);
INSERT INTO pl_picks VALUES('dwaldo', 'ATL', 'TB', 2004, 10, 'ATL', 0);
INSERT INTO pl_picks VALUES('jeff', 'ATL', 'TB', 2004, 10, 'ATL', 0);
INSERT INTO pl_picks VALUES('akubaryk', 'ATL', 'TB', 2004, 10, 'TB', 0);
INSERT INTO pl_games VALUES('CLE', 'PIT', 2004, 10, '2004-11-14 18:00:00', 10, 24, 3.5);
INSERT INTO pl_picks VALUES('dschexnayder', 'CLE', 'PIT', 2004, 10, 'PIT', 0);
INSERT INTO pl_picks VALUES('jpnance', 'CLE', 'PIT', 2004, 10, 'PIT', 0);
INSERT INTO pl_picks VALUES('dcurry', 'CLE', 'PIT', 2004, 10, 'PIT', 0);
INSERT INTO pl_picks VALUES('dwaldo', 'CLE', 'PIT', 2004, 10, 'PIT', 0);
INSERT INTO pl_picks VALUES('jeff', 'CLE', 'PIT', 2004, 10, 'PIT', 0);
INSERT INTO pl_picks VALUES('akubaryk', 'CLE', 'PIT', 2004, 10, 'PIT', 0);
INSERT INTO pl_games VALUES('STL', 'SEA', 2004, 10, '2004-11-14 18:00:00', 23, 12, 0.5);
INSERT INTO pl_picks VALUES('dschexnayder', 'STL', 'SEA', 2004, 10, 'STL', 0);
INSERT INTO pl_picks VALUES('jpnance', 'STL', 'SEA', 2004, 10, 'SEA', 0);
INSERT INTO pl_picks VALUES('dcurry', 'STL', 'SEA', 2004, 10, 'SEA', 0);
INSERT INTO pl_picks VALUES('dwaldo', 'STL', 'SEA', 2004, 10, 'STL', 0);
INSERT INTO pl_picks VALUES('jeff', 'STL', 'SEA', 2004, 10, 'SEA', 0);
INSERT INTO pl_picks VALUES('akubaryk', 'STL', 'SEA', 2004, 10, 'STL', 0);
INSERT INTO pl_games VALUES('TEN', 'CHI', 2004, 10, '2004-11-14 18:00:00', 17, 19, -5.5);
INSERT INTO pl_picks VALUES('dschexnayder', 'TEN', 'CHI', 2004, 10, 'TEN', 0);
INSERT INTO pl_picks VALUES('jpnance', 'TEN', 'CHI', 2004, 10, 'CHI', 0);
INSERT INTO pl_picks VALUES('dcurry', 'TEN', 'CHI', 2004, 10, 'CHI', 0);
INSERT INTO pl_picks VALUES('dwaldo', 'TEN', 'CHI', 2004, 10, 'TEN', 0);
INSERT INTO pl_picks VALUES('jeff', 'TEN', 'CHI', 2004, 10, 'CHI', 0);
INSERT INTO pl_picks VALUES('akubaryk', 'TEN', 'CHI', 2004, 10, 'TEN', 0);
INSERT INTO pl_games VALUES('IND', 'HOU', 2004, 10, '2004-11-14 18:00:00', 49, 14, -9.5);
INSERT INTO pl_picks VALUES('dschexnayder', 'IND', 'HOU', 2004, 10, 'HOU', 0);
INSERT INTO pl_picks VALUES('jpnance', 'IND', 'HOU', 2004, 10, 'HOU', 0);
INSERT INTO pl_picks VALUES('dcurry', 'IND', 'HOU', 2004, 10, 'IND', 0);
INSERT INTO pl_picks VALUES('dwaldo', 'IND', 'HOU', 2004, 10, 'HOU', 0);
INSERT INTO pl_picks VALUES('jeff', 'IND', 'HOU', 2004, 10, 'HOU', 0);
INSERT INTO pl_picks VALUES('akubaryk', 'IND', 'HOU', 2004, 10, 'IND', 0);
INSERT INTO pl_games VALUES('WAS', 'CIN', 2004, 10, '2004-11-14 21:05:00', 10, 17, -3.5);
INSERT INTO pl_picks VALUES('dschexnayder', 'WAS', 'CIN', 2004, 10, 'CIN', 0);
INSERT INTO pl_picks VALUES('jpnance', 'WAS', 'CIN', 2004, 10, 'CIN', 0);
INSERT INTO pl_picks VALUES('dcurry', 'WAS', 'CIN', 2004, 10, 'CIN', 0);
INSERT INTO pl_picks VALUES('dwaldo', 'WAS', 'CIN', 2004, 10, 'WAS', 0);
INSERT INTO pl_picks VALUES('jeff', 'WAS', 'CIN', 2004, 10, 'CIN', 0);
INSERT INTO pl_picks VALUES('akubaryk', 'WAS', 'CIN', 2004, 10, 'WAS', 0);
INSERT INTO pl_games VALUES('GB', 'MIN', 2004, 10, '2004-11-14 21:15:00', 34, 31, -3.5);
INSERT INTO pl_picks VALUES('dschexnayder', 'GB', 'MIN', 2004, 10, 'MIN', 0);
INSERT INTO pl_picks VALUES('jpnance', 'GB', 'MIN', 2004, 10, 'GB', 0);
INSERT INTO pl_picks VALUES('dcurry', 'GB', 'MIN', 2004, 10, 'MIN', 0);
INSERT INTO pl_picks VALUES('dwaldo', 'GB', 'MIN', 2004, 10, 'MIN', 0);
INSERT INTO pl_picks VALUES('jeff', 'GB', 'MIN', 2004, 10, 'MIN', 0);
INSERT INTO pl_picks VALUES('akubaryk', 'GB', 'MIN', 2004, 10, 'GB', 0);
INSERT INTO pl_games VALUES('ARI', 'NYG', 2004, 10, '2004-11-14 21:15:00', 17, 14, 1.5);
INSERT INTO pl_picks VALUES('dschexnayder', 'ARI', 'NYG', 2004, 10, 'NYG', 0);
INSERT INTO pl_picks VALUES('jpnance', 'ARI', 'NYG', 2004, 10, 'NYG', 0);
INSERT INTO pl_picks VALUES('dcurry', 'ARI', 'NYG', 2004, 10, 'NYG', 0);
INSERT INTO pl_picks VALUES('dwaldo', 'ARI', 'NYG', 2004, 10, 'NYG', 0);
INSERT INTO pl_picks VALUES('jeff', 'ARI', 'NYG', 2004, 10, 'NYG', 0);
INSERT INTO pl_picks VALUES('akubaryk', 'ARI', 'NYG', 2004, 10, 'NYG', 0);
INSERT INTO pl_games VALUES('SF', 'CAR', 2004, 10, '2004-11-14 21:15:00', 27, 37, -0.5);
INSERT INTO pl_picks VALUES('dschexnayder', 'SF', 'CAR', 2004, 10, 'CAR', 0);
INSERT INTO pl_picks VALUES('jpnance', 'SF', 'CAR', 2004, 10, 'CAR', 0);
INSERT INTO pl_picks VALUES('dcurry', 'SF', 'CAR', 2004, 10, 'SF', 0);
INSERT INTO pl_picks VALUES('dwaldo', 'SF', 'CAR', 2004, 10, 'CAR', 0);
INSERT INTO pl_picks VALUES('jeff', 'SF', 'CAR', 2004, 10, 'SF', 0);
INSERT INTO pl_picks VALUES('akubaryk', 'SF', 'CAR', 2004, 10, 'SF', 0);
INSERT INTO pl_games VALUES('NE', 'BUF', 2004, 10, '2004-11-15 01:30:00', 29, 6, -6.5);
INSERT INTO pl_picks VALUES('dschexnayder', 'NE', 'BUF', 2004, 10, 'NE', 0);
INSERT INTO pl_picks VALUES('jpnance', 'NE', 'BUF', 2004, 10, 'NE', 0);
INSERT INTO pl_picks VALUES('dcurry', 'NE', 'BUF', 2004, 10, 'NE', 0);
INSERT INTO pl_picks VALUES('dwaldo', 'NE', 'BUF', 2004, 10, 'NE', 0);
INSERT INTO pl_picks VALUES('jeff', 'NE', 'BUF', 2004, 10, 'NE', 0);
INSERT INTO pl_picks VALUES('akubaryk', 'NE', 'BUF', 2004, 10, 'NE', 0);
INSERT INTO pl_games VALUES('DAL', 'PHI', 2004, 10, '2004-11-16 02:00:00', 21, 49, 6.5);
INSERT INTO pl_picks VALUES('dschexnayder', 'DAL', 'PHI', 2004, 10, 'PHI', 0);
INSERT INTO pl_picks VALUES('jpnance', 'DAL', 'PHI', 2004, 10, 'PHI', 0);
INSERT INTO pl_picks VALUES('dcurry', 'DAL', 'PHI', 2004, 10, 'PHI', 0);
INSERT INTO pl_picks VALUES('dwaldo', 'DAL', 'PHI', 2004, 10, 'PHI', 0);
INSERT INTO pl_picks VALUES('jeff', 'DAL', 'PHI', 2004, 10, 'PHI', 0);
INSERT INTO pl_picks VALUES('dnims', 'DAL', 'PHI', 2004, 10, 'PHI', 0);
INSERT INTO pl_picks VALUES('akubaryk', 'DAL', 'PHI', 2004, 10, 'PHI', 0);
INSERT INTO pl_games VALUES('MIN', 'DET', 2004, 11, '2004-11-21 18:00:00', 22, 19, -7.5);
INSERT INTO pl_picks VALUES('dschexnayder', 'MIN', 'DET', 2004, 11, 'MIN', 0);
INSERT INTO pl_picks VALUES('jpnance', 'MIN', 'DET', 2004, 11, 'MIN', 0);
INSERT INTO pl_picks VALUES('dcurry', 'MIN', 'DET', 2004, 11, 'MIN', 0);
INSERT INTO pl_picks VALUES('dwaldo', 'MIN', 'DET', 2004, 11, 'MIN', 0);
INSERT INTO pl_picks VALUES('jeff', 'MIN', 'DET', 2004, 11, 'MIN', 0);
INSERT INTO pl_picks VALUES('dnims', 'MIN', 'DET', 2004, 11, 'DET', 0);
INSERT INTO pl_picks VALUES('akubaryk', 'MIN', 'DET', 2004, 11, 'MIN', 0);
INSERT INTO pl_games VALUES('NO', 'DEN', 2004, 11, '2004-11-21 18:00:00', 13, 34, 4.5);
INSERT INTO pl_picks VALUES('dschexnayder', 'NO', 'DEN', 2004, 11, 'DEN', 0);
INSERT INTO pl_picks VALUES('jpnance', 'NO', 'DEN', 2004, 11, 'DEN', 0);
INSERT INTO pl_picks VALUES('dcurry', 'NO', 'DEN', 2004, 11, 'DEN', 0);
INSERT INTO pl_picks VALUES('dwaldo', 'NO', 'DEN', 2004, 11, 'DEN', 0);
INSERT INTO pl_picks VALUES('jeff', 'NO', 'DEN', 2004, 11, 'DEN', 0);
INSERT INTO pl_picks VALUES('dnims', 'NO', 'DEN', 2004, 11, 'DEN', 0);
INSERT INTO pl_picks VALUES('akubaryk', 'NO', 'DEN', 2004, 11, 'DEN', 0);
INSERT INTO pl_games VALUES('TB', 'SF', 2004, 11, '2004-11-21 18:00:00', 35, 3, -7.5);
INSERT INTO pl_picks VALUES('dschexnayder', 'TB', 'SF', 2004, 11, 'TB', 0);
INSERT INTO pl_picks VALUES('jpnance', 'TB', 'SF', 2004, 11, 'SF', 0);
INSERT INTO pl_picks VALUES('dcurry', 'TB', 'SF', 2004, 11, 'TB', 0);
INSERT INTO pl_picks VALUES('dwaldo', 'TB', 'SF', 2004, 11, 'SF', 0);
INSERT INTO pl_picks VALUES('jeff', 'TB', 'SF', 2004, 11, 'SF', 0);
INSERT INTO pl_picks VALUES('dnims', 'TB', 'SF', 2004, 11, 'SF', 0);
INSERT INTO pl_picks VALUES('akubaryk', 'TB', 'SF', 2004, 11, 'SF', 0);
INSERT INTO pl_games VALUES('CAR', 'ARI', 2004, 11, '2004-11-21 18:00:00', 35, 10, -2.5);
INSERT INTO pl_picks VALUES('dschexnayder', 'CAR', 'ARI', 2004, 11, 'CAR', 0);
INSERT INTO pl_picks VALUES('jpnance', 'CAR', 'ARI', 2004, 11, 'CAR', 0);
INSERT INTO pl_picks VALUES('dcurry', 'CAR', 'ARI', 2004, 11, 'ARI', 0);
INSERT INTO pl_picks VALUES('dwaldo', 'CAR', 'ARI', 2004, 11, 'CAR', 0);
INSERT INTO pl_picks VALUES('jeff', 'CAR', 'ARI', 2004, 11, 'ARI', 0);
INSERT INTO pl_picks VALUES('dnims', 'CAR', 'ARI', 2004, 11, 'ARI', 0);
INSERT INTO pl_picks VALUES('akubaryk', 'CAR', 'ARI', 2004, 11, 'ARI', 0);
INSERT INTO pl_games VALUES('JAX', 'TEN', 2004, 11, '2004-11-21 18:00:00', 15, 18, -3.5);
INSERT INTO pl_picks VALUES('dschexnayder', 'JAX', 'TEN', 2004, 11, 'JAX', 0);
INSERT INTO pl_picks VALUES('jpnance', 'JAX', 'TEN', 2004, 11, 'TEN', 0);
INSERT INTO pl_picks VALUES('dcurry', 'JAX', 'TEN', 2004, 11, 'JAX', 0);
INSERT INTO pl_picks VALUES('dwaldo', 'JAX', 'TEN', 2004, 11, 'TEN', 0);
INSERT INTO pl_picks VALUES('jeff', 'JAX', 'TEN', 2004, 11, 'JAX', 0);
INSERT INTO pl_picks VALUES('dnims', 'JAX', 'TEN', 2004, 11, 'JAX', 0);
INSERT INTO pl_picks VALUES('akubaryk', 'JAX', 'TEN', 2004, 11, 'JAX', 0);
INSERT INTO pl_games VALUES('BAL', 'DAL', 2004, 11, '2004-11-21 18:00:00', 30, 10, -8.5);
INSERT INTO pl_picks VALUES('dschexnayder', 'BAL', 'DAL', 2004, 11, 'BAL', 0);
INSERT INTO pl_picks VALUES('jpnance', 'BAL', 'DAL', 2004, 11, 'DAL', 0);
INSERT INTO pl_picks VALUES('dcurry', 'BAL', 'DAL', 2004, 11, 'BAL', 0);
INSERT INTO pl_picks VALUES('dwaldo', 'BAL', 'DAL', 2004, 11, 'BAL', 0);
INSERT INTO pl_picks VALUES('jeff', 'BAL', 'DAL', 2004, 11, 'DAL', 0);
INSERT INTO pl_picks VALUES('dnims', 'BAL', 'DAL', 2004, 11, 'BAL', 0);
INSERT INTO pl_picks VALUES('akubaryk', 'BAL', 'DAL', 2004, 11, 'BAL', 0);
INSERT INTO pl_games VALUES('BUF', 'STL', 2004, 11, '2004-11-21 18:00:00', 37, 17, 0.5);
INSERT INTO pl_picks VALUES('dschexnayder', 'BUF', 'STL', 2004, 11, 'BUF', 0);
INSERT INTO pl_picks VALUES('jpnance', 'BUF', 'STL', 2004, 11, 'STL', 0);
INSERT INTO pl_picks VALUES('dcurry', 'BUF', 'STL', 2004, 11, 'STL', 0);
INSERT INTO pl_picks VALUES('dwaldo', 'BUF', 'STL', 2004, 11, 'STL', 0);
INSERT INTO pl_picks VALUES('jeff', 'BUF', 'STL', 2004, 11, 'STL', 0);
INSERT INTO pl_picks VALUES('dnims', 'BUF', 'STL', 2004, 11, 'BUF', 0);
INSERT INTO pl_picks VALUES('akubaryk', 'BUF', 'STL', 2004, 11, 'STL', 0);
INSERT INTO pl_games VALUES('CHI', 'IND', 2004, 11, '2004-11-21 18:00:00', 10, 41, 7.5);
INSERT INTO pl_picks VALUES('dschexnayder', 'CHI', 'IND', 2004, 11, 'IND', 0);
INSERT INTO pl_picks VALUES('jpnance', 'CHI', 'IND', 2004, 11, 'IND', 0);
INSERT INTO pl_picks VALUES('dcurry', 'CHI', 'IND', 2004, 11, 'IND', 0);
INSERT INTO pl_picks VALUES('dwaldo', 'CHI', 'IND', 2004, 11, 'IND', 0);
INSERT INTO pl_picks VALUES('jeff', 'CHI', 'IND', 2004, 11, 'IND', 0);
INSERT INTO pl_picks VALUES('dnims', 'CHI', 'IND', 2004, 11, 'IND', 0);
INSERT INTO pl_picks VALUES('akubaryk', 'CHI', 'IND', 2004, 11, 'IND', 0);
INSERT INTO pl_games VALUES('CIN', 'PIT', 2004, 11, '2004-11-21 18:00:00', 14, 19, 4.5);
INSERT INTO pl_picks VALUES('dschexnayder', 'CIN', 'PIT', 2004, 11, 'PIT', 0);
INSERT INTO pl_picks VALUES('jpnance', 'CIN', 'PIT', 2004, 11, 'PIT', 0);
INSERT INTO pl_picks VALUES('dcurry', 'CIN', 'PIT', 2004, 11, 'PIT', 0);
INSERT INTO pl_picks VALUES('dwaldo', 'CIN', 'PIT', 2004, 11, 'PIT', 0);
INSERT INTO pl_picks VALUES('jeff', 'CIN', 'PIT', 2004, 11, 'PIT', 0);
INSERT INTO pl_picks VALUES('dnims', 'CIN', 'PIT', 2004, 11, 'PIT', 0);
INSERT INTO pl_picks VALUES('akubaryk', 'CIN', 'PIT', 2004, 11, 'PIT', 0);
INSERT INTO pl_games VALUES('CLE', 'NYJ', 2004, 11, '2004-11-21 18:00:00', 7, 10, -0.5);
INSERT INTO pl_picks VALUES('dschexnayder', 'CLE', 'NYJ', 2004, 11, 'CLE', 0);
INSERT INTO pl_picks VALUES('jpnance', 'CLE', 'NYJ', 2004, 11, 'CLE', 0);
INSERT INTO pl_picks VALUES('dcurry', 'CLE', 'NYJ', 2004, 11, 'NYJ', 0);
INSERT INTO pl_picks VALUES('dwaldo', 'CLE', 'NYJ', 2004, 11, 'NYJ', 0);
INSERT INTO pl_picks VALUES('jeff', 'CLE', 'NYJ', 2004, 11, 'CLE', 0);
INSERT INTO pl_picks VALUES('dnims', 'CLE', 'NYJ', 2004, 11, 'CLE', 0);
INSERT INTO pl_picks VALUES('akubaryk', 'CLE', 'NYJ', 2004, 11, 'NYJ', 0);
INSERT INTO pl_games VALUES('OAK', 'SD', 2004, 11, '2004-11-21 21:05:00', 17, 23, 3.5);
INSERT INTO pl_picks VALUES('dschexnayder', 'OAK', 'SD', 2004, 11, 'SD', 0);
INSERT INTO pl_picks VALUES('jpnance', 'OAK', 'SD', 2004, 11, 'SD', 0);
INSERT INTO pl_picks VALUES('dcurry', 'OAK', 'SD', 2004, 11, 'SD', 0);
INSERT INTO pl_picks VALUES('dwaldo', 'OAK', 'SD', 2004, 11, 'SD', 0);
INSERT INTO pl_picks VALUES('jeff', 'OAK', 'SD', 2004, 11, 'SD', 0);
INSERT INTO pl_picks VALUES('dnims', 'OAK', 'SD', 2004, 11, 'SD', 0);
INSERT INTO pl_picks VALUES('akubaryk', 'OAK', 'SD', 2004, 11, 'SD', 0);
INSERT INTO pl_games VALUES('SEA', 'MIA', 2004, 11, '2004-11-21 21:05:00', 24, 17, -9.5);
INSERT INTO pl_picks VALUES('dschexnayder', 'SEA', 'MIA', 2004, 11, 'MIA', 0);
INSERT INTO pl_picks VALUES('jpnance', 'SEA', 'MIA', 2004, 11, 'MIA', 0);
INSERT INTO pl_picks VALUES('dcurry', 'SEA', 'MIA', 2004, 11, 'SEA', 0);
INSERT INTO pl_picks VALUES('dwaldo', 'SEA', 'MIA', 2004, 11, 'MIA', 0);
INSERT INTO pl_picks VALUES('jeff', 'SEA', 'MIA', 2004, 11, 'SEA', 0);
INSERT INTO pl_picks VALUES('dnims', 'SEA', 'MIA', 2004, 11, 'MIA', 0);
INSERT INTO pl_picks VALUES('akubaryk', 'SEA', 'MIA', 2004, 11, 'SEA', 0);
INSERT INTO pl_games VALUES('NYG', 'ATL', 2004, 11, '2004-11-21 21:15:00', 10, 14, 2.5);
INSERT INTO pl_picks VALUES('dschexnayder', 'NYG', 'ATL', 2004, 11, 'ATL', 0);
INSERT INTO pl_picks VALUES('jpnance', 'NYG', 'ATL', 2004, 11, 'ATL', 0);
INSERT INTO pl_picks VALUES('dcurry', 'NYG', 'ATL', 2004, 11, 'ATL', 0);
INSERT INTO pl_picks VALUES('dwaldo', 'NYG', 'ATL', 2004, 11, 'ATL', 0);
INSERT INTO pl_picks VALUES('jeff', 'NYG', 'ATL', 2004, 11, 'ATL', 0);
INSERT INTO pl_picks VALUES('dnims', 'NYG', 'ATL', 2004, 11, 'ATL', 0);
INSERT INTO pl_picks VALUES('akubaryk', 'NYG', 'ATL', 2004, 11, 'ATL', 0);
INSERT INTO pl_games VALUES('PHI', 'WAS', 2004, 11, '2004-11-21 21:15:00', 28, 6, -10.5);
INSERT INTO pl_picks VALUES('dschexnayder', 'PHI', 'WAS', 2004, 11, 'PHI', 0);
INSERT INTO pl_picks VALUES('jpnance', 'PHI', 'WAS', 2004, 11, 'PHI', 0);
INSERT INTO pl_picks VALUES('dcurry', 'PHI', 'WAS', 2004, 11, 'PHI', 0);
INSERT INTO pl_picks VALUES('dwaldo', 'PHI', 'WAS', 2004, 11, 'PHI', 0);
INSERT INTO pl_picks VALUES('jeff', 'PHI', 'WAS', 2004, 11, 'PHI', 0);
INSERT INTO pl_picks VALUES('dnims', 'PHI', 'WAS', 2004, 11, 'WAS', 0);
INSERT INTO pl_picks VALUES('akubaryk', 'PHI', 'WAS', 2004, 11, 'PHI', 0);
INSERT INTO pl_games VALUES('HOU', 'GB', 2004, 11, '2004-11-22 01:30:00', 13, 16, 2.5);
INSERT INTO pl_picks VALUES('dschexnayder', 'HOU', 'GB', 2004, 11, 'HOU', 0);
INSERT INTO pl_picks VALUES('jpnance', 'HOU', 'GB', 2004, 11, 'GB', 0);
INSERT INTO pl_picks VALUES('dcurry', 'HOU', 'GB', 2004, 11, 'GB', 0);
INSERT INTO pl_picks VALUES('dwaldo', 'HOU', 'GB', 2004, 11, 'GB', 0);
INSERT INTO pl_picks VALUES('jeff', 'HOU', 'GB', 2004, 11, 'GB', 0);
INSERT INTO pl_picks VALUES('dnims', 'HOU', 'GB', 2004, 11, 'GB', 0);
INSERT INTO pl_picks VALUES('akubaryk', 'HOU', 'GB', 2004, 11, 'GB', 0);
INSERT INTO pl_games VALUES('KC', 'NE', 2004, 11, '2004-11-23 02:00:00', 19, 27, 2.5);
INSERT INTO pl_picks VALUES('dschexnayder', 'KC', 'NE', 2004, 11, 'NE', 0);
INSERT INTO pl_picks VALUES('jpnance', 'KC', 'NE', 2004, 11, 'NE', 0);
INSERT INTO pl_picks VALUES('dcurry', 'KC', 'NE', 2004, 11, 'NE', 0);
INSERT INTO pl_picks VALUES('dwaldo', 'KC', 'NE', 2004, 11, 'NE', 0);
INSERT INTO pl_picks VALUES('jeff', 'KC', 'NE', 2004, 11, 'NE', 0);
INSERT INTO pl_picks VALUES('akubaryk', 'KC', 'NE', 2004, 11, 'NE', 0);
INSERT INTO pl_games VALUES('DET', 'IND', 2004, 12, '2004-11-25 17:30:00', 9, 41, 8.5);
INSERT INTO pl_picks VALUES('dschexnayder', 'DET', 'IND', 2004, 12, 'IND', 0);
INSERT INTO pl_picks VALUES('jpnance', 'DET', 'IND', 2004, 12, 'DET', 0);
INSERT INTO pl_picks VALUES('dcurry', 'DET', 'IND', 2004, 12, 'IND', 0);
INSERT INTO pl_picks VALUES('dwaldo', 'DET', 'IND', 2004, 12, 'IND', 0);
INSERT INTO pl_picks VALUES('jeff', 'DET', 'IND', 2004, 12, 'IND', 0);
INSERT INTO pl_picks VALUES('dnims', 'DET', 'IND', 2004, 12, 'IND', 0);
INSERT INTO pl_picks VALUES('akubaryk', 'DET', 'IND', 2004, 12, 'IND', 0);
INSERT INTO pl_games VALUES('DAL', 'CHI', 2004, 12, '2004-11-25 21:15:00', 21, 7, -3.5);
INSERT INTO pl_picks VALUES('dschexnayder', 'DAL', 'CHI', 2004, 12, 'DAL', 0);
INSERT INTO pl_picks VALUES('jpnance', 'DAL', 'CHI', 2004, 12, 'DAL', 0);
INSERT INTO pl_picks VALUES('dcurry', 'DAL', 'CHI', 2004, 12, 'DAL', 0);
INSERT INTO pl_picks VALUES('dwaldo', 'DAL', 'CHI', 2004, 12, 'CHI', 0);
INSERT INTO pl_picks VALUES('jeff', 'DAL', 'CHI', 2004, 12, 'DAL', 0);
INSERT INTO pl_picks VALUES('dnims', 'DAL', 'CHI', 2004, 12, 'DAL', 0);
INSERT INTO pl_picks VALUES('akubaryk', 'DAL', 'CHI', 2004, 12, 'CHI', 0);
INSERT INTO pl_games VALUES('CIN', 'CLE', 2004, 12, '2004-11-28 18:00:00', 58, 48, -5.5);
INSERT INTO pl_picks VALUES('dschexnayder', 'CIN', 'CLE', 2004, 12, 'CIN', 0);
INSERT INTO pl_picks VALUES('jpnance', 'CIN', 'CLE', 2004, 12, 'CLE', 0);
INSERT INTO pl_picks VALUES('dcurry', 'CIN', 'CLE', 2004, 12, 'CIN', 0);
INSERT INTO pl_picks VALUES('dwaldo', 'CIN', 'CLE', 2004, 12, 'CLE', 0);
INSERT INTO pl_picks VALUES('jeff', 'CIN', 'CLE', 2004, 12, 'CIN', 0);
INSERT INTO pl_picks VALUES('akubaryk', 'CIN', 'CLE', 2004, 12, 'CLE', 0);
INSERT INTO pl_games VALUES('KC', 'SD', 2004, 12, '2004-11-28 18:00:00', 31, 34, -2.5);
INSERT INTO pl_picks VALUES('dschexnayder', 'KC', 'SD', 2004, 12, 'SD', 0);
INSERT INTO pl_picks VALUES('jpnance', 'KC', 'SD', 2004, 12, 'SD', 0);
INSERT INTO pl_picks VALUES('dcurry', 'KC', 'SD', 2004, 12, 'SD', 0);
INSERT INTO pl_picks VALUES('dwaldo', 'KC', 'SD', 2004, 12, 'KC', 0);
INSERT INTO pl_picks VALUES('jeff', 'KC', 'SD', 2004, 12, 'SD', 0);
INSERT INTO pl_picks VALUES('akubaryk', 'KC', 'SD', 2004, 12, 'SD', 0);
INSERT INTO pl_games VALUES('MIN', 'JAX', 2004, 12, '2004-11-28 18:00:00', 27, 16, -5.5);
INSERT INTO pl_picks VALUES('dschexnayder', 'MIN', 'JAX', 2004, 12, 'MIN', 0);
INSERT INTO pl_picks VALUES('jpnance', 'MIN', 'JAX', 2004, 12, 'JAX', 0);
INSERT INTO pl_picks VALUES('dcurry', 'MIN', 'JAX', 2004, 12, 'MIN', 0);
INSERT INTO pl_picks VALUES('dwaldo', 'MIN', 'JAX', 2004, 12, 'JAX', 0);
INSERT INTO pl_picks VALUES('jeff', 'MIN', 'JAX', 2004, 12, 'JAX', 0);
INSERT INTO pl_picks VALUES('akubaryk', 'MIN', 'JAX', 2004, 12, 'MIN', 0);
INSERT INTO pl_games VALUES('NE', 'BAL', 2004, 12, '2004-11-28 21:15:00', 24, 3, -6.5);
INSERT INTO pl_picks VALUES('dschexnayder', 'NE', 'BAL', 2004, 12, 'BAL', 0);
INSERT INTO pl_picks VALUES('jpnance', 'NE', 'BAL', 2004, 12, 'NE', 0);
INSERT INTO pl_picks VALUES('dcurry', 'NE', 'BAL', 2004, 12, 'NE', 0);
INSERT INTO pl_picks VALUES('dwaldo', 'NE', 'BAL', 2004, 12, 'NE', 0);
INSERT INTO pl_picks VALUES('jeff', 'NE', 'BAL', 2004, 12, 'BAL', 0);
INSERT INTO pl_picks VALUES('dnims', 'NE', 'BAL', 2004, 12, 'NE', 0);
INSERT INTO pl_picks VALUES('akubaryk', 'NE', 'BAL', 2004, 12, 'NE', 0);
INSERT INTO pl_games VALUES('NYG', 'PHI', 2004, 12, '2004-11-28 18:00:00', 6, 27, 6.5);
INSERT INTO pl_picks VALUES('dschexnayder', 'NYG', 'PHI', 2004, 12, 'PHI', 0);
INSERT INTO pl_picks VALUES('jpnance', 'NYG', 'PHI', 2004, 12, 'PHI', 0);
INSERT INTO pl_picks VALUES('dcurry', 'NYG', 'PHI', 2004, 12, 'PHI', 0);
INSERT INTO pl_picks VALUES('dwaldo', 'NYG', 'PHI', 2004, 12, 'PHI', 0);
INSERT INTO pl_picks VALUES('jeff', 'NYG', 'PHI', 2004, 12, 'PHI', 0);
INSERT INTO pl_picks VALUES('akubaryk', 'NYG', 'PHI', 2004, 12, 'PHI', 0);
INSERT INTO pl_games VALUES('PIT', 'WAS', 2004, 12, '2004-11-28 18:00:00', 16, 7, -10.5);
INSERT INTO pl_picks VALUES('dschexnayder', 'PIT', 'WAS', 2004, 12, 'PIT', 0);
INSERT INTO pl_picks VALUES('jpnance', 'PIT', 'WAS', 2004, 12, 'PIT', 0);
INSERT INTO pl_picks VALUES('dcurry', 'PIT', 'WAS', 2004, 12, 'PIT', 0);
INSERT INTO pl_picks VALUES('dwaldo', 'PIT', 'WAS', 2004, 12, 'PIT', 0);
INSERT INTO pl_picks VALUES('jeff', 'PIT', 'WAS', 2004, 12, 'PIT', 0);
INSERT INTO pl_picks VALUES('akubaryk', 'PIT', 'WAS', 2004, 12, 'PIT', 0);
INSERT INTO pl_games VALUES('CAR', 'TB', 2004, 12, '2004-11-28 18:00:00', 21, 14, 2.5);
INSERT INTO pl_picks VALUES('dschexnayder', 'CAR', 'TB', 2004, 12, 'TB', 0);
INSERT INTO pl_picks VALUES('jpnance', 'CAR', 'TB', 2004, 12, 'CAR', 0);
INSERT INTO pl_picks VALUES('dcurry', 'CAR', 'TB', 2004, 12, 'TB', 0);
INSERT INTO pl_picks VALUES('dwaldo', 'CAR', 'TB', 2004, 12, 'TB', 0);
INSERT INTO pl_picks VALUES('jeff', 'CAR', 'TB', 2004, 12, 'TB', 0);
INSERT INTO pl_picks VALUES('akubaryk', 'CAR', 'TB', 2004, 12, 'TB', 0);
INSERT INTO pl_games VALUES('HOU', 'TEN', 2004, 12, '2004-11-28 18:00:00', 31, 21, 0.5);
INSERT INTO pl_picks VALUES('dschexnayder', 'HOU', 'TEN', 2004, 12, 'HOU', 0);
INSERT INTO pl_picks VALUES('jpnance', 'HOU', 'TEN', 2004, 12, 'TEN', 0);
INSERT INTO pl_picks VALUES('dcurry', 'HOU', 'TEN', 2004, 12, 'TEN', 0);
INSERT INTO pl_picks VALUES('dwaldo', 'HOU', 'TEN', 2004, 12, 'TEN', 0);
INSERT INTO pl_picks VALUES('jeff', 'HOU', 'TEN', 2004, 12, 'HOU', 0);
INSERT INTO pl_picks VALUES('akubaryk', 'HOU', 'TEN', 2004, 12, 'HOU', 0);
INSERT INTO pl_games VALUES('ATL', 'NO', 2004, 12, '2004-11-28 21:05:00', 24, 21, -9.5);
INSERT INTO pl_picks VALUES('dschexnayder', 'ATL', 'NO', 2004, 12, 'NO', 0);
INSERT INTO pl_picks VALUES('jpnance', 'ATL', 'NO', 2004, 12, 'ATL', 0);
INSERT INTO pl_picks VALUES('dcurry', 'ATL', 'NO', 2004, 12, 'ATL', 0);
INSERT INTO pl_picks VALUES('dwaldo', 'ATL', 'NO', 2004, 12, 'ATL', 0);
INSERT INTO pl_picks VALUES('jeff', 'ATL', 'NO', 2004, 12, 'NO', 0);
INSERT INTO pl_picks VALUES('dnims', 'ATL', 'NO', 2004, 12, 'ATL', 0);
INSERT INTO pl_picks VALUES('akubaryk', 'ATL', 'NO', 2004, 12, 'ATL', 0);
INSERT INTO pl_games VALUES('SF', 'MIA', 2004, 12, '2004-11-28 21:15:00', 17, 24, -0.5);
INSERT INTO pl_picks VALUES('dschexnayder', 'SF', 'MIA', 2004, 12, 'MIA', 0);
INSERT INTO pl_picks VALUES('jpnance', 'SF', 'MIA', 2004, 12, 'MIA', 0);
INSERT INTO pl_picks VALUES('dcurry', 'SF', 'MIA', 2004, 12, 'MIA', 0);
INSERT INTO pl_picks VALUES('dwaldo', 'SF', 'MIA', 2004, 12, 'SF', 0);
INSERT INTO pl_picks VALUES('jeff', 'SF', 'MIA', 2004, 12, 'SF', 0);
INSERT INTO pl_picks VALUES('dnims', 'SF', 'MIA', 2004, 12, 'MIA', 0);
INSERT INTO pl_picks VALUES('akubaryk', 'SF', 'MIA', 2004, 12, 'SF', 0);
INSERT INTO pl_games VALUES('SEA', 'BUF', 2004, 12, '2004-11-28 21:15:00', 9, 38, -5.5);
INSERT INTO pl_picks VALUES('dschexnayder', 'SEA', 'BUF', 2004, 12, 'BUF', 0);
INSERT INTO pl_picks VALUES('jpnance', 'SEA', 'BUF', 2004, 12, 'SEA', 0);
INSERT INTO pl_picks VALUES('dcurry', 'SEA', 'BUF', 2004, 12, 'BUF', 0);
INSERT INTO pl_picks VALUES('dwaldo', 'SEA', 'BUF', 2004, 12, 'SEA', 0);
INSERT INTO pl_picks VALUES('jeff', 'SEA', 'BUF', 2004, 12, 'SEA', 0);
INSERT INTO pl_picks VALUES('dnims', 'SEA', 'BUF', 2004, 12, 'BUF', 0);
INSERT INTO pl_picks VALUES('akubaryk', 'SEA', 'BUF', 2004, 12, 'SEA', 0);
INSERT INTO pl_games VALUES('ARI', 'NYJ', 2004, 12, '2004-11-28 21:15:00', 3, 13, 2.5);
INSERT INTO pl_picks VALUES('dschexnayder', 'ARI', 'NYJ', 2004, 12, 'NYJ', 0);
INSERT INTO pl_picks VALUES('jpnance', 'ARI', 'NYJ', 2004, 12, 'NYJ', 0);
INSERT INTO pl_picks VALUES('dcurry', 'ARI', 'NYJ', 2004, 12, 'NYJ', 0);
INSERT INTO pl_picks VALUES('dwaldo', 'ARI', 'NYJ', 2004, 12, 'NYJ', 0);
INSERT INTO pl_picks VALUES('jeff', 'ARI', 'NYJ', 2004, 12, 'NYJ', 0);
INSERT INTO pl_picks VALUES('dnims', 'ARI', 'NYJ', 2004, 12, 'NYJ', 0);
INSERT INTO pl_picks VALUES('akubaryk', 'ARI', 'NYJ', 2004, 12, 'NYJ', 0);
INSERT INTO pl_games VALUES('DEN', 'OAK', 2004, 12, '2004-11-29 01:30:00', 24, 25, -11.5);
INSERT INTO pl_picks VALUES('dschexnayder', 'DEN', 'OAK', 2004, 12, 'DEN', 0);
INSERT INTO pl_picks VALUES('jpnance', 'DEN', 'OAK', 2004, 12, 'DEN', 0);
INSERT INTO pl_picks VALUES('dcurry', 'DEN', 'OAK', 2004, 12, 'DEN', 0);
INSERT INTO pl_picks VALUES('dwaldo', 'DEN', 'OAK', 2004, 12, 'DEN', 0);
INSERT INTO pl_picks VALUES('jeff', 'DEN', 'OAK', 2004, 12, 'OAK', 0);
INSERT INTO pl_picks VALUES('dnims', 'DEN', 'OAK', 2004, 12, 'DEN', 0);
INSERT INTO pl_picks VALUES('akubaryk', 'DEN', 'OAK', 2004, 12, 'DEN', 0);
INSERT INTO pl_games VALUES('GB', 'STL', 2004, 12, '2004-11-30 02:00:00', 45, 17, -6.5);
INSERT INTO pl_picks VALUES('dschexnayder', 'GB', 'STL', 2004, 12, 'GB', 0);
INSERT INTO pl_picks VALUES('jpnance', 'GB', 'STL', 2004, 12, 'STL', 0);
INSERT INTO pl_picks VALUES('dcurry', 'GB', 'STL', 2004, 12, 'GB', 0);
INSERT INTO pl_picks VALUES('dwaldo', 'GB', 'STL', 2004, 12, 'GB', 0);
INSERT INTO pl_picks VALUES('jeff', 'GB', 'STL', 2004, 12, 'STL', 0);
INSERT INTO pl_picks VALUES('dnims', 'GB', 'STL', 2004, 12, 'GB', 0);
INSERT INTO pl_picks VALUES('akubaryk', 'GB', 'STL', 2004, 12, 'GB', 0);
INSERT INTO pl_games VALUES('STL', 'SF', 2004, 13, '2004-12-05 18:00:00', 16, 6, -10.5);
INSERT INTO pl_picks VALUES('dschexnayder', 'STL', 'SF', 2004, 13, 'STL', 0);
INSERT INTO pl_picks VALUES('jpnance', 'STL', 'SF', 2004, 13, 'STL', 0);
INSERT INTO pl_picks VALUES('dcurry', 'STL', 'SF', 2004, 13, 'SF', 0);
INSERT INTO pl_picks VALUES('dwaldo', 'STL', 'SF', 2004, 13, 'SF', 0);
INSERT INTO pl_picks VALUES('jeff', 'STL', 'SF', 2004, 13, 'STL', 0);
INSERT INTO pl_picks VALUES('dnims', 'STL', 'SF', 2004, 13, 'STL', 0);
INSERT INTO pl_picks VALUES('akubaryk', 'STL', 'SF', 2004, 13, 'STL', 0);
INSERT INTO pl_games VALUES('MIA', 'BUF', 2004, 13, '2004-12-05 18:00:00', 32, 42, 3.5);
INSERT INTO pl_picks VALUES('dschexnayder', 'MIA', 'BUF', 2004, 13, 'MIA', 0);
INSERT INTO pl_picks VALUES('jpnance', 'MIA', 'BUF', 2004, 13, 'BUF', 0);
INSERT INTO pl_picks VALUES('dcurry', 'MIA', 'BUF', 2004, 13, 'BUF', 0);
INSERT INTO pl_picks VALUES('dwaldo', 'MIA', 'BUF', 2004, 13, 'BUF', 0);
INSERT INTO pl_picks VALUES('jeff', 'MIA', 'BUF', 2004, 13, 'BUF', 0);
INSERT INTO pl_picks VALUES('dnims', 'MIA', 'BUF', 2004, 13, 'BUF', 0);
INSERT INTO pl_picks VALUES('akubaryk', 'MIA', 'BUF', 2004, 13, 'BUF', 0);
INSERT INTO pl_games VALUES('NO', 'CAR', 2004, 13, '2004-12-05 18:00:00', 21, 32, -0.5);
INSERT INTO pl_picks VALUES('dschexnayder', 'NO', 'CAR', 2004, 13, 'CAR', 0);
INSERT INTO pl_picks VALUES('jpnance', 'NO', 'CAR', 2004, 13, 'CAR', 0);
INSERT INTO pl_picks VALUES('dcurry', 'NO', 'CAR', 2004, 13, 'CAR', 0);
INSERT INTO pl_picks VALUES('dwaldo', 'NO', 'CAR', 2004, 13, 'NO', 0);
INSERT INTO pl_picks VALUES('jeff', 'NO', 'CAR', 2004, 13, 'CAR', 0);
INSERT INTO pl_picks VALUES('dnims', 'NO', 'CAR', 2004, 13, 'CAR', 0);
INSERT INTO pl_picks VALUES('akubaryk', 'NO', 'CAR', 2004, 13, 'NO', 0);
INSERT INTO pl_games VALUES('NYJ', 'HOU', 2004, 13, '2004-12-05 18:00:00', 29, 7, -6.5);
INSERT INTO pl_picks VALUES('dschexnayder', 'NYJ', 'HOU', 2004, 13, 'HOU', 0);
INSERT INTO pl_picks VALUES('jpnance', 'NYJ', 'HOU', 2004, 13, 'NYJ', 0);
INSERT INTO pl_picks VALUES('dcurry', 'NYJ', 'HOU', 2004, 13, 'NYJ', 0);
INSERT INTO pl_picks VALUES('dwaldo', 'NYJ', 'HOU', 2004, 13, 'HOU', 0);
INSERT INTO pl_picks VALUES('jeff', 'NYJ', 'HOU', 2004, 13, 'NYJ', 0);
INSERT INTO pl_picks VALUES('dnims', 'NYJ', 'HOU', 2004, 13, 'NYJ', 0);
INSERT INTO pl_picks VALUES('akubaryk', 'NYJ', 'HOU', 2004, 13, 'NYJ', 0);
INSERT INTO pl_games VALUES('TB', 'ATL', 2004, 13, '2004-12-05 18:00:00', 27, 0, -1.5);
INSERT INTO pl_picks VALUES('dschexnayder', 'TB', 'ATL', 2004, 13, 'ATL', 0);
INSERT INTO pl_picks VALUES('jpnance', 'TB', 'ATL', 2004, 13, 'ATL', 0);
INSERT INTO pl_picks VALUES('dcurry', 'TB', 'ATL', 2004, 13, 'ATL', 0);
INSERT INTO pl_picks VALUES('dwaldo', 'TB', 'ATL', 2004, 13, 'ATL', 0);
INSERT INTO pl_picks VALUES('jeff', 'TB', 'ATL', 2004, 13, 'ATL', 0);
INSERT INTO pl_picks VALUES('dnims', 'TB', 'ATL', 2004, 13, 'ATL', 0);
INSERT INTO pl_picks VALUES('akubaryk', 'TB', 'ATL', 2004, 13, 'ATL', 0);
INSERT INTO pl_games VALUES('BAL', 'CIN', 2004, 13, '2004-12-05 18:00:00', 26, 27, -6.5);
INSERT INTO pl_picks VALUES('dschexnayder', 'BAL', 'CIN', 2004, 13, 'BAL', 0);
INSERT INTO pl_picks VALUES('jpnance', 'BAL', 'CIN', 2004, 13, 'BAL', 0);
INSERT INTO pl_picks VALUES('dcurry', 'BAL', 'CIN', 2004, 13, 'BAL', 0);
INSERT INTO pl_picks VALUES('dwaldo', 'BAL', 'CIN', 2004, 13, 'BAL', 0);
INSERT INTO pl_picks VALUES('jeff', 'BAL', 'CIN', 2004, 13, 'CIN', 0);
INSERT INTO pl_picks VALUES('dnims', 'BAL', 'CIN', 2004, 13, 'BAL', 0);
INSERT INTO pl_picks VALUES('akubaryk', 'BAL', 'CIN', 2004, 13, 'BAL', 0);
INSERT INTO pl_games VALUES('CHI', 'MIN', 2004, 13, '2004-12-05 18:00:00', 24, 14, 7.5);
INSERT INTO pl_picks VALUES('dschexnayder', 'CHI', 'MIN', 2004, 13, 'MIN', 0);
INSERT INTO pl_picks VALUES('jpnance', 'CHI', 'MIN', 2004, 13, 'MIN', 0);
INSERT INTO pl_picks VALUES('dcurry', 'CHI', 'MIN', 2004, 13, 'MIN', 0);
INSERT INTO pl_picks VALUES('dwaldo', 'CHI', 'MIN', 2004, 13, 'MIN', 0);
INSERT INTO pl_picks VALUES('jeff', 'CHI', 'MIN', 2004, 13, 'MIN', 0);
INSERT INTO pl_picks VALUES('dnims', 'CHI', 'MIN', 2004, 13, 'MIN', 0);
INSERT INTO pl_picks VALUES('akubaryk', 'CHI', 'MIN', 2004, 13, 'MIN', 0);
INSERT INTO pl_games VALUES('CLE', 'NE', 2004, 13, '2004-12-05 18:00:00', 15, 42, 11.5);
INSERT INTO pl_picks VALUES('dschexnayder', 'CLE', 'NE', 2004, 13, 'CLE', 0);
INSERT INTO pl_picks VALUES('jpnance', 'CLE', 'NE', 2004, 13, 'CLE', 0);
INSERT INTO pl_picks VALUES('dcurry', 'CLE', 'NE', 2004, 13, 'NE', 0);
INSERT INTO pl_picks VALUES('dwaldo', 'CLE', 'NE', 2004, 13, 'CLE', 0);
INSERT INTO pl_picks VALUES('jeff', 'CLE', 'NE', 2004, 13, 'CLE', 0);
INSERT INTO pl_picks VALUES('dnims', 'CLE', 'NE', 2004, 13, 'CLE', 0);
INSERT INTO pl_picks VALUES('akubaryk', 'CLE', 'NE', 2004, 13, 'NE', 0);
INSERT INTO pl_games VALUES('DET', 'ARI', 2004, 13, '2004-12-05 18:00:00', 26, 12, -5.5);
INSERT INTO pl_picks VALUES('dschexnayder', 'DET', 'ARI', 2004, 13, 'ARI', 0);
INSERT INTO pl_picks VALUES('jpnance', 'DET', 'ARI', 2004, 13, 'ARI', 0);
INSERT INTO pl_picks VALUES('dcurry', 'DET', 'ARI', 2004, 13, 'DET', 0);
INSERT INTO pl_picks VALUES('dwaldo', 'DET', 'ARI', 2004, 13, 'DET', 0);
INSERT INTO pl_picks VALUES('jeff', 'DET', 'ARI', 2004, 13, 'ARI', 0);
INSERT INTO pl_picks VALUES('dnims', 'DET', 'ARI', 2004, 13, 'ARI', 0);
INSERT INTO pl_picks VALUES('akubaryk', 'DET', 'ARI', 2004, 13, 'DET', 0);
INSERT INTO pl_games VALUES('IND', 'TEN', 2004, 13, '2004-12-05 18:00:00', 51, 24, -12.5);
INSERT INTO pl_picks VALUES('dschexnayder', 'IND', 'TEN', 2004, 13, 'IND', 0);
INSERT INTO pl_picks VALUES('jpnance', 'IND', 'TEN', 2004, 13, 'TEN', 0);
INSERT INTO pl_picks VALUES('dcurry', 'IND', 'TEN', 2004, 13, 'IND', 0);
INSERT INTO pl_picks VALUES('dwaldo', 'IND', 'TEN', 2004, 13, 'IND', 0);
INSERT INTO pl_picks VALUES('jeff', 'IND', 'TEN', 2004, 13, 'IND', 0);
INSERT INTO pl_picks VALUES('dnims', 'IND', 'TEN', 2004, 13, 'IND', 0);
INSERT INTO pl_picks VALUES('akubaryk', 'IND', 'TEN', 2004, 13, 'IND', 0);
INSERT INTO pl_games VALUES('OAK', 'KC', 2004, 13, '2004-12-05 21:05:00', 27, 34, 0.5);
INSERT INTO pl_picks VALUES('dschexnayder', 'OAK', 'KC', 2004, 13, 'KC', 0);
INSERT INTO pl_picks VALUES('jpnance', 'OAK', 'KC', 2004, 13, 'KC', 0);
INSERT INTO pl_picks VALUES('dcurry', 'OAK', 'KC', 2004, 13, 'OAK', 0);
INSERT INTO pl_picks VALUES('dwaldo', 'OAK', 'KC', 2004, 13, 'KC', 0);
INSERT INTO pl_picks VALUES('jeff', 'OAK', 'KC', 2004, 13, 'KC', 0);
INSERT INTO pl_picks VALUES('dnims', 'OAK', 'KC', 2004, 13, 'KC', 0);
INSERT INTO pl_picks VALUES('akubaryk', 'OAK', 'KC', 2004, 13, 'KC', 0);
INSERT INTO pl_games VALUES('SD', 'DEN', 2004, 13, '2004-12-05 21:05:00', 20, 17, -2.5);
INSERT INTO pl_picks VALUES('dschexnayder', 'SD', 'DEN', 2004, 13, 'SD', 0);
INSERT INTO pl_picks VALUES('jpnance', 'SD', 'DEN', 2004, 13, 'DEN', 0);
INSERT INTO pl_picks VALUES('dcurry', 'SD', 'DEN', 2004, 13, 'SD', 0);
INSERT INTO pl_picks VALUES('dwaldo', 'SD', 'DEN', 2004, 13, 'DEN', 0);
INSERT INTO pl_picks VALUES('jeff', 'SD', 'DEN', 2004, 13, 'SD', 0);
INSERT INTO pl_picks VALUES('dnims', 'SD', 'DEN', 2004, 13, 'DEN', 0);
INSERT INTO pl_picks VALUES('akubaryk', 'SD', 'DEN', 2004, 13, 'SD', 0);
INSERT INTO pl_games VALUES('WAS', 'NYG', 2004, 13, '2004-12-05 21:15:00', 31, 7, -2.5);
INSERT INTO pl_picks VALUES('dschexnayder', 'WAS', 'NYG', 2004, 13, 'WAS', 0);
INSERT INTO pl_picks VALUES('jpnance', 'WAS', 'NYG', 2004, 13, 'WAS', 0);
INSERT INTO pl_picks VALUES('dcurry', 'WAS', 'NYG', 2004, 13, 'NYG', 0);
INSERT INTO pl_picks VALUES('dwaldo', 'WAS', 'NYG', 2004, 13, 'NYG', 0);
INSERT INTO pl_picks VALUES('jeff', 'WAS', 'NYG', 2004, 13, 'NYG', 0);
INSERT INTO pl_picks VALUES('dnims', 'WAS', 'NYG', 2004, 13, 'NYG', 0);
INSERT INTO pl_picks VALUES('akubaryk', 'WAS', 'NYG', 2004, 13, 'NYG', 0);
INSERT INTO pl_games VALUES('PHI', 'GB', 2004, 13, '2004-12-05 21:15:00', 47, 17, -6.5);
INSERT INTO pl_picks VALUES('dschexnayder', 'PHI', 'GB', 2004, 13, 'PHI', 0);
INSERT INTO pl_picks VALUES('jpnance', 'PHI', 'GB', 2004, 13, 'GB', 0);
INSERT INTO pl_picks VALUES('dcurry', 'PHI', 'GB', 2004, 13, 'PHI', 0);
INSERT INTO pl_picks VALUES('dwaldo', 'PHI', 'GB', 2004, 13, 'PHI', 0);
INSERT INTO pl_picks VALUES('jeff', 'PHI', 'GB', 2004, 13, 'GB', 0);
INSERT INTO pl_picks VALUES('dnims', 'PHI', 'GB', 2004, 13, 'GB', 0);
INSERT INTO pl_picks VALUES('akubaryk', 'PHI', 'GB', 2004, 13, 'GB', 0);
INSERT INTO pl_games VALUES('JAX', 'PIT', 2004, 13, '2004-12-06 01:30:00', 16, 17, 2.5);
INSERT INTO pl_picks VALUES('dschexnayder', 'JAX', 'PIT', 2004, 13, 'PIT', 0);
INSERT INTO pl_picks VALUES('jpnance', 'JAX', 'PIT', 2004, 13, 'PIT', 0);
INSERT INTO pl_picks VALUES('dcurry', 'JAX', 'PIT', 2004, 13, 'PIT', 0);
INSERT INTO pl_picks VALUES('dwaldo', 'JAX', 'PIT', 2004, 13, 'PIT', 0);
INSERT INTO pl_picks VALUES('jeff', 'JAX', 'PIT', 2004, 13, 'PIT', 0);
INSERT INTO pl_picks VALUES('dnims', 'JAX', 'PIT', 2004, 13, 'PIT', 0);
INSERT INTO pl_picks VALUES('akubaryk', 'JAX', 'PIT', 2004, 13, 'PIT', 0);
INSERT INTO pl_games VALUES('SEA', 'DAL', 2004, 13, '2004-12-07 02:00:00', 39, 43, -6.5);
INSERT INTO pl_picks VALUES('dschexnayder', 'SEA', 'DAL', 2004, 13, 'DAL', 0);
INSERT INTO pl_picks VALUES('jpnance', 'SEA', 'DAL', 2004, 13, 'DAL', 0);
INSERT INTO pl_picks VALUES('dcurry', 'SEA', 'DAL', 2004, 13, 'SEA', 0);
INSERT INTO pl_picks VALUES('dwaldo', 'SEA', 'DAL', 2004, 13, 'SEA', 0);
INSERT INTO pl_picks VALUES('jeff', 'SEA', 'DAL', 2004, 13, 'DAL', 0);
INSERT INTO pl_picks VALUES('dnims', 'SEA', 'DAL', 2004, 13, 'SEA', 0);
INSERT INTO pl_picks VALUES('akubaryk', 'SEA', 'DAL', 2004, 13, 'SEA', 0);
INSERT INTO pl_games VALUES('ATL', 'OAK', 2004, 14, '2004-12-12 18:00:00', 35, 10, -7.5);
INSERT INTO pl_picks VALUES('dschexnayder', 'ATL', 'OAK', 2004, 14, 'ATL', 0);
INSERT INTO pl_picks VALUES('jpnance', 'ATL', 'OAK', 2004, 14, 'ATL', 0);
INSERT INTO pl_picks VALUES('dcurry', 'ATL', 'OAK', 2004, 14, 'ATL', 0);
INSERT INTO pl_picks VALUES('dwaldo', 'ATL', 'OAK', 2004, 14, 'ATL', 0);
INSERT INTO pl_picks VALUES('jeff', 'ATL', 'OAK', 2004, 14, 'ATL', 0);
INSERT INTO pl_picks VALUES('akubaryk', 'ATL', 'OAK', 2004, 14, 'ATL', 0);
INSERT INTO pl_games VALUES('MIN', 'SEA', 2004, 14, '2004-12-12 18:00:00', 23, 27, -6.5);
INSERT INTO pl_picks VALUES('dschexnayder', 'MIN', 'SEA', 2004, 14, 'MIN', 0);
INSERT INTO pl_picks VALUES('jpnance', 'MIN', 'SEA', 2004, 14, 'MIN', 0);
INSERT INTO pl_picks VALUES('dcurry', 'MIN', 'SEA', 2004, 14, 'MIN', 0);
INSERT INTO pl_picks VALUES('dwaldo', 'MIN', 'SEA', 2004, 14, 'SEA', 0);
INSERT INTO pl_picks VALUES('jeff', 'MIN', 'SEA', 2004, 14, 'SEA', 0);
INSERT INTO pl_picks VALUES('akubaryk', 'MIN', 'SEA', 2004, 14, 'SEA', 0);
INSERT INTO pl_games VALUES('NE', 'CIN', 2004, 14, '2004-12-12 18:00:00', 35, 28, -10.5);
INSERT INTO pl_picks VALUES('dschexnayder', 'NE', 'CIN', 2004, 14, 'CIN', 0);
INSERT INTO pl_picks VALUES('jpnance', 'NE', 'CIN', 2004, 14, 'NE', 0);
INSERT INTO pl_picks VALUES('dcurry', 'NE', 'CIN', 2004, 14, 'NE', 0);
INSERT INTO pl_picks VALUES('dwaldo', 'NE', 'CIN', 2004, 14, 'NE', 0);
INSERT INTO pl_picks VALUES('jeff', 'NE', 'CIN', 2004, 14, 'CIN', 0);
INSERT INTO pl_picks VALUES('akubaryk', 'NE', 'CIN', 2004, 14, 'NE', 0);
INSERT INTO pl_games VALUES('JAX', 'CHI', 2004, 14, '2004-12-12 18:00:00', 22, 3, -7.5);
INSERT INTO pl_picks VALUES('dschexnayder', 'JAX', 'CHI', 2004, 14, 'CHI', 0);
INSERT INTO pl_picks VALUES('jpnance', 'JAX', 'CHI', 2004, 14, 'JAX', 0);
INSERT INTO pl_picks VALUES('dcurry', 'JAX', 'CHI', 2004, 14, 'CHI', 0);
INSERT INTO pl_picks VALUES('dwaldo', 'JAX', 'CHI', 2004, 14, 'JAX', 0);
INSERT INTO pl_picks VALUES('jeff', 'JAX', 'CHI', 2004, 14, 'CHI', 0);
INSERT INTO pl_picks VALUES('akubaryk', 'JAX', 'CHI', 2004, 14, 'CHI', 0);
INSERT INTO pl_games VALUES('BAL', 'NYG', 2004, 14, '2004-12-12 18:00:00', 37, 14, -9.5);
INSERT INTO pl_picks VALUES('dschexnayder', 'BAL', 'NYG', 2004, 14, 'NYG', 0);
INSERT INTO pl_picks VALUES('jpnance', 'BAL', 'NYG', 2004, 14, 'NYG', 0);
INSERT INTO pl_picks VALUES('dcurry', 'BAL', 'NYG', 2004, 14, 'BAL', 0);
INSERT INTO pl_picks VALUES('dwaldo', 'BAL', 'NYG', 2004, 14, 'NYG', 0);
INSERT INTO pl_picks VALUES('jeff', 'BAL', 'NYG', 2004, 14, 'NYG', 0);
INSERT INTO pl_picks VALUES('akubaryk', 'BAL', 'NYG', 2004, 14, 'BAL', 0);
INSERT INTO pl_games VALUES('HOU', 'IND', 2004, 14, '2004-12-12 18:00:00', 14, 23, 10.5);
INSERT INTO pl_picks VALUES('dschexnayder', 'HOU', 'IND', 2004, 14, 'HOU', 0);
INSERT INTO pl_picks VALUES('jpnance', 'HOU', 'IND', 2004, 14, 'IND', 0);
INSERT INTO pl_picks VALUES('dcurry', 'HOU', 'IND', 2004, 14, 'IND', 0);
INSERT INTO pl_picks VALUES('dwaldo', 'HOU', 'IND', 2004, 14, 'IND', 0);
INSERT INTO pl_picks VALUES('jeff', 'HOU', 'IND', 2004, 14, 'IND', 0);
INSERT INTO pl_picks VALUES('akubaryk', 'HOU', 'IND', 2004, 14, 'IND', 0);
INSERT INTO pl_games VALUES('BUF', 'CLE', 2004, 14, '2004-12-12 18:00:00', 37, 7, -11.5);
INSERT INTO pl_picks VALUES('dschexnayder', 'BUF', 'CLE', 2004, 14, 'BUF', 0);
INSERT INTO pl_picks VALUES('jpnance', 'BUF', 'CLE', 2004, 14, 'CLE', 0);
INSERT INTO pl_picks VALUES('dcurry', 'BUF', 'CLE', 2004, 14, 'CLE', 0);
INSERT INTO pl_picks VALUES('dwaldo', 'BUF', 'CLE', 2004, 14, 'BUF', 0);
INSERT INTO pl_picks VALUES('jeff', 'BUF', 'CLE', 2004, 14, 'CLE', 0);
INSERT INTO pl_picks VALUES('akubaryk', 'BUF', 'CLE', 2004, 14, 'BUF', 0);
INSERT INTO pl_games VALUES('DAL', 'NO', 2004, 14, '2004-12-12 18:00:00', 13, 27, -7.5);
INSERT INTO pl_picks VALUES('dschexnayder', 'DAL', 'NO', 2004, 14, 'NO', 0);
INSERT INTO pl_picks VALUES('jpnance', 'DAL', 'NO', 2004, 14, 'NO', 0);
INSERT INTO pl_picks VALUES('dcurry', 'DAL', 'NO', 2004, 14, 'DAL', 0);
INSERT INTO pl_picks VALUES('dwaldo', 'DAL', 'NO', 2004, 14, 'NO', 0);
INSERT INTO pl_picks VALUES('jeff', 'DAL', 'NO', 2004, 14, 'NO', 0);
INSERT INTO pl_picks VALUES('akubaryk', 'DAL', 'NO', 2004, 14, 'DAL', 0);
INSERT INTO pl_games VALUES('GB', 'DET', 2004, 14, '2004-12-12 18:00:00', 16, 13, -9.5);
INSERT INTO pl_picks VALUES('dschexnayder', 'GB', 'DET', 2004, 14, 'GB', 0);
INSERT INTO pl_picks VALUES('jpnance', 'GB', 'DET', 2004, 14, 'DET', 0);
INSERT INTO pl_picks VALUES('dcurry', 'GB', 'DET', 2004, 14, 'GB', 0);
INSERT INTO pl_picks VALUES('dwaldo', 'GB', 'DET', 2004, 14, 'DET', 0);
INSERT INTO pl_picks VALUES('jeff', 'GB', 'DET', 2004, 14, 'DET', 0);
INSERT INTO pl_picks VALUES('akubaryk', 'GB', 'DET', 2004, 14, 'GB', 0);
INSERT INTO pl_games VALUES('PIT', 'NYJ', 2004, 14, '2004-12-12 21:05:00', 17, 6, -5.5);
INSERT INTO pl_picks VALUES('dschexnayder', 'PIT', 'NYJ', 2004, 14, 'PIT', 0);
INSERT INTO pl_picks VALUES('jpnance', 'PIT', 'NYJ', 2004, 14, 'PIT', 0);
INSERT INTO pl_picks VALUES('dcurry', 'PIT', 'NYJ', 2004, 14, 'PIT', 0);
INSERT INTO pl_picks VALUES('dwaldo', 'PIT', 'NYJ', 2004, 14, 'PIT', 0);
INSERT INTO pl_picks VALUES('jeff', 'PIT', 'NYJ', 2004, 14, 'PIT', 0);
INSERT INTO pl_picks VALUES('akubaryk', 'PIT', 'NYJ', 2004, 14, 'PIT', 0);
INSERT INTO pl_games VALUES('DEN', 'MIA', 2004, 14, '2004-12-12 21:05:00', 20, 17, -11.5);
INSERT INTO pl_picks VALUES('dschexnayder', 'DEN', 'MIA', 2004, 14, 'MIA', 0);
INSERT INTO pl_picks VALUES('jpnance', 'DEN', 'MIA', 2004, 14, 'DEN', 0);
INSERT INTO pl_picks VALUES('dcurry', 'DEN', 'MIA', 2004, 14, 'MIA', 0);
INSERT INTO pl_picks VALUES('dwaldo', 'DEN', 'MIA', 2004, 14, 'DEN', 0);
INSERT INTO pl_picks VALUES('jeff', 'DEN', 'MIA', 2004, 14, 'MIA', 0);
INSERT INTO pl_picks VALUES('akubaryk', 'DEN', 'MIA', 2004, 14, 'DEN', 0);
INSERT INTO pl_games VALUES('ARI', 'SF', 2004, 14, '2004-12-12 21:15:00', 28, 31, -6.5);
INSERT INTO pl_picks VALUES('dschexnayder', 'ARI', 'SF', 2004, 14, 'ARI', 0);
INSERT INTO pl_picks VALUES('jpnance', 'ARI', 'SF', 2004, 14, 'SF', 0);
INSERT INTO pl_picks VALUES('dcurry', 'ARI', 'SF', 2004, 14, 'ARI', 0);
INSERT INTO pl_picks VALUES('dwaldo', 'ARI', 'SF', 2004, 14, 'ARI', 0);
INSERT INTO pl_picks VALUES('jeff', 'ARI', 'SF', 2004, 14, 'SF', 0);
INSERT INTO pl_picks VALUES('akubaryk', 'ARI', 'SF', 2004, 14, 'ARI', 0);
INSERT INTO pl_games VALUES('SD', 'TB', 2004, 14, '2004-12-12 21:15:00', 31, 24, -5.5);
INSERT INTO pl_picks VALUES('dschexnayder', 'SD', 'TB', 2004, 14, 'SD', 0);
INSERT INTO pl_picks VALUES('jpnance', 'SD', 'TB', 2004, 14, 'SD', 0);
INSERT INTO pl_picks VALUES('dcurry', 'SD', 'TB', 2004, 14, 'SD', 0);
INSERT INTO pl_picks VALUES('dwaldo', 'SD', 'TB', 2004, 14, 'TB', 0);
INSERT INTO pl_picks VALUES('jeff', 'SD', 'TB', 2004, 14, 'SD', 0);
INSERT INTO pl_picks VALUES('akubaryk', 'SD', 'TB', 2004, 14, 'SD', 0);
INSERT INTO pl_games VALUES('CAR', 'STL', 2004, 14, '2004-12-12 21:15:00', 20, 7, -6.5);
INSERT INTO pl_picks VALUES('dschexnayder', 'CAR', 'STL', 2004, 14, 'STL', 0);
INSERT INTO pl_picks VALUES('jpnance', 'CAR', 'STL', 2004, 14, 'STL', 0);
INSERT INTO pl_picks VALUES('dcurry', 'CAR', 'STL', 2004, 14, 'CAR', 0);
INSERT INTO pl_picks VALUES('dwaldo', 'CAR', 'STL', 2004, 14, 'STL', 0);
INSERT INTO pl_picks VALUES('jeff', 'CAR', 'STL', 2004, 14, 'STL', 0);
INSERT INTO pl_picks VALUES('akubaryk', 'CAR', 'STL', 2004, 14, 'STL', 0);
INSERT INTO pl_games VALUES('WAS', 'PHI', 2004, 14, '2004-12-13 01:30:00', 14, 17, 9.5);
INSERT INTO pl_picks VALUES('dschexnayder', 'WAS', 'PHI', 2004, 14, 'PHI', 0);
INSERT INTO pl_picks VALUES('jpnance', 'WAS', 'PHI', 2004, 14, 'PHI', 0);
INSERT INTO pl_picks VALUES('dcurry', 'WAS', 'PHI', 2004, 14, 'PHI', 0);
INSERT INTO pl_picks VALUES('dwaldo', 'WAS', 'PHI', 2004, 14, 'PHI', 0);
INSERT INTO pl_picks VALUES('jeff', 'WAS', 'PHI', 2004, 14, 'PHI', 0);
INSERT INTO pl_picks VALUES('akubaryk', 'WAS', 'PHI', 2004, 14, 'PHI', 0);
INSERT INTO pl_games VALUES('TEN', 'KC', 2004, 14, '2004-12-14 02:00:00', 38, 49, -0.5);
INSERT INTO pl_picks VALUES('dschexnayder', 'TEN', 'KC', 2004, 14, 'KC', 0);
INSERT INTO pl_picks VALUES('jpnance', 'TEN', 'KC', 2004, 14, 'KC', 0);
INSERT INTO pl_picks VALUES('dcurry', 'TEN', 'KC', 2004, 14, 'KC', 0);
INSERT INTO pl_picks VALUES('dwaldo', 'TEN', 'KC', 2004, 14, 'TEN', 0);
INSERT INTO pl_picks VALUES('jeff', 'TEN', 'KC', 2004, 14, 'KC', 0);
INSERT INTO pl_picks VALUES('akubaryk', 'TEN', 'KC', 2004, 14, 'KC', 0);
INSERT INTO pl_games VALUES('NYG', 'PIT', 2004, 15, '2004-12-18 18:30:00', 30, 33, 9.5);
INSERT INTO pl_picks VALUES('dschexnayder', 'NYG', 'PIT', 2004, 15, 'PIT', 0);
INSERT INTO pl_picks VALUES('jpnance', 'NYG', 'PIT', 2004, 15, 'NYG', 0);
INSERT INTO pl_picks VALUES('dcurry', 'NYG', 'PIT', 2004, 15, 'PIT', 0);
INSERT INTO pl_picks VALUES('dwaldo', 'NYG', 'PIT', 2004, 15, 'PIT', 0);
INSERT INTO pl_picks VALUES('jeff', 'NYG', 'PIT', 2004, 15, 'NYG', 0);
INSERT INTO pl_games VALUES('SF', 'WAS', 2004, 15, '2004-12-18 22:00:00', 16, 26, 5.5);
INSERT INTO pl_picks VALUES('dschexnayder', 'SF', 'WAS', 2004, 15, 'SF', 0);
INSERT INTO pl_picks VALUES('jpnance', 'SF', 'WAS', 2004, 15, 'WAS', 0);
INSERT INTO pl_picks VALUES('dcurry', 'SF', 'WAS', 2004, 15, 'WAS', 0);
INSERT INTO pl_picks VALUES('dwaldo', 'SF', 'WAS', 2004, 15, 'SF', 0);
INSERT INTO pl_picks VALUES('jeff', 'SF', 'WAS', 2004, 15, 'WAS', 0);
INSERT INTO pl_games VALUES('ATL', 'CAR', 2004, 15, '2004-12-19 01:30:00', 34, 31, -2.5);
INSERT INTO pl_picks VALUES('dschexnayder', 'ATL', 'CAR', 2004, 15, 'ATL', 0);
INSERT INTO pl_picks VALUES('jpnance', 'ATL', 'CAR', 2004, 15, 'ATL', 0);
INSERT INTO pl_picks VALUES('dcurry', 'ATL', 'CAR', 2004, 15, 'CAR', 0);
INSERT INTO pl_picks VALUES('dwaldo', 'ATL', 'CAR', 2004, 15, 'ATL', 0);
INSERT INTO pl_picks VALUES('jeff', 'ATL', 'CAR', 2004, 15, 'CAR', 0);
INSERT INTO pl_picks VALUES('akubaryk', 'ATL', 'CAR', 2004, 15, 'ATL', 0);
INSERT INTO pl_games VALUES('CHI', 'HOU', 2004, 15, '2004-12-19 18:00:00', 5, 24, -0.5);
INSERT INTO pl_picks VALUES('dschexnayder', 'CHI', 'HOU', 2004, 15, 'HOU', 0);
INSERT INTO pl_picks VALUES('jpnance', 'CHI', 'HOU', 2004, 15, 'HOU', 0);
INSERT INTO pl_picks VALUES('dcurry', 'CHI', 'HOU', 2004, 15, 'HOU', 0);
INSERT INTO pl_picks VALUES('jeff', 'CHI', 'HOU', 2004, 15, 'CHI', 0);
INSERT INTO pl_picks VALUES('dnims', 'CHI', 'HOU', 2004, 15, 'HOU', 0);
INSERT INTO pl_picks VALUES('akubaryk', 'CHI', 'HOU', 2004, 15, 'CHI', 0);
INSERT INTO pl_games VALUES('CIN', 'BUF', 2004, 15, '2004-12-19 18:00:00', 17, 33, 1.5);
INSERT INTO pl_picks VALUES('dschexnayder', 'CIN', 'BUF', 2004, 15, 'BUF', 0);
INSERT INTO pl_picks VALUES('jpnance', 'CIN', 'BUF', 2004, 15, 'BUF', 0);
INSERT INTO pl_picks VALUES('dcurry', 'CIN', 'BUF', 2004, 15, 'BUF', 0);
INSERT INTO pl_picks VALUES('jeff', 'CIN', 'BUF', 2004, 15, 'BUF', 0);
INSERT INTO pl_picks VALUES('dnims', 'CIN', 'BUF', 2004, 15, 'CIN', 0);
INSERT INTO pl_picks VALUES('akubaryk', 'CIN', 'BUF', 2004, 15, 'BUF', 0);
INSERT INTO pl_games VALUES('CLE', 'SD', 2004, 15, '2004-12-19 18:00:00', 0, 21, 9.5);
INSERT INTO pl_picks VALUES('dschexnayder', 'CLE', 'SD', 2004, 15, 'SD', 0);
INSERT INTO pl_picks VALUES('jpnance', 'CLE', 'SD', 2004, 15, 'SD', 0);
INSERT INTO pl_picks VALUES('dcurry', 'CLE', 'SD', 2004, 15, 'SD', 0);
INSERT INTO pl_picks VALUES('jeff', 'CLE', 'SD', 2004, 15, 'SD', 0);
INSERT INTO pl_picks VALUES('dnims', 'CLE', 'SD', 2004, 15, 'SD', 0);
INSERT INTO pl_picks VALUES('akubaryk', 'CLE', 'SD', 2004, 15, 'SD', 0);
INSERT INTO pl_games VALUES('DET', 'MIN', 2004, 15, '2004-12-19 18:00:00', 27, 28, 2.5);
INSERT INTO pl_picks VALUES('dschexnayder', 'DET', 'MIN', 2004, 15, 'MIN', 0);
INSERT INTO pl_picks VALUES('jpnance', 'DET', 'MIN', 2004, 15, 'MIN', 0);
INSERT INTO pl_picks VALUES('dcurry', 'DET', 'MIN', 2004, 15, 'MIN', 0);
INSERT INTO pl_picks VALUES('jeff', 'DET', 'MIN', 2004, 15, 'MIN', 0);
INSERT INTO pl_picks VALUES('dnims', 'DET', 'MIN', 2004, 15, 'MIN', 0);
INSERT INTO pl_picks VALUES('akubaryk', 'DET', 'MIN', 2004, 15, 'MIN', 0);
INSERT INTO pl_games VALUES('GB', 'JAX', 2004, 15, '2004-12-19 21:15:00', 25, 28, -3.5);
INSERT INTO pl_picks VALUES('dschexnayder', 'GB', 'JAX', 2004, 15, 'GB', 0);
INSERT INTO pl_picks VALUES('jpnance', 'GB', 'JAX', 2004, 15, 'GB', 0);
INSERT INTO pl_picks VALUES('dcurry', 'GB', 'JAX', 2004, 15, 'GB', 0);
INSERT INTO pl_picks VALUES('jeff', 'GB', 'JAX', 2004, 15, 'JAX', 0);
INSERT INTO pl_picks VALUES('dnims', 'GB', 'JAX', 2004, 15, 'JAX', 0);
INSERT INTO pl_picks VALUES('akubaryk', 'GB', 'JAX', 2004, 15, 'GB', 0);
INSERT INTO pl_games VALUES('NYJ', 'SEA', 2004, 15, '2004-12-19 18:00:00', 37, 14, -6.5);
INSERT INTO pl_picks VALUES('dschexnayder', 'NYJ', 'SEA', 2004, 15, 'NYJ', 0);
INSERT INTO pl_picks VALUES('jpnance', 'NYJ', 'SEA', 2004, 15, 'SEA', 0);
INSERT INTO pl_picks VALUES('dcurry', 'NYJ', 'SEA', 2004, 15, 'NYJ', 0);
INSERT INTO pl_picks VALUES('jeff', 'NYJ', 'SEA', 2004, 15, 'SEA', 0);
INSERT INTO pl_picks VALUES('dnims', 'NYJ', 'SEA', 2004, 15, 'NYJ', 0);
INSERT INTO pl_picks VALUES('akubaryk', 'NYJ', 'SEA', 2004, 15, 'NYJ', 0);
INSERT INTO pl_games VALUES('PHI', 'DAL', 2004, 15, '2004-12-19 18:00:00', 12, 7, -11.5);
INSERT INTO pl_picks VALUES('dschexnayder', 'PHI', 'DAL', 2004, 15, 'DAL', 0);
INSERT INTO pl_picks VALUES('jpnance', 'PHI', 'DAL', 2004, 15, 'DAL', 0);
INSERT INTO pl_picks VALUES('dcurry', 'PHI', 'DAL', 2004, 15, 'PHI', 0);
INSERT INTO pl_picks VALUES('jeff', 'PHI', 'DAL', 2004, 15, 'DAL', 0);
INSERT INTO pl_picks VALUES('dnims', 'PHI', 'DAL', 2004, 15, 'DAL', 0);
INSERT INTO pl_picks VALUES('akubaryk', 'PHI', 'DAL', 2004, 15, 'PHI', 0);
INSERT INTO pl_games VALUES('ARI', 'STL', 2004, 15, '2004-12-19 21:05:00', 31, 7, 2.5);
INSERT INTO pl_picks VALUES('dschexnayder', 'ARI', 'STL', 2004, 15, 'STL', 0);
INSERT INTO pl_picks VALUES('jpnance', 'ARI', 'STL', 2004, 15, 'STL', 0);
INSERT INTO pl_picks VALUES('dcurry', 'ARI', 'STL', 2004, 15, 'STL', 0);
INSERT INTO pl_picks VALUES('jeff', 'ARI', 'STL', 2004, 15, 'STL', 0);
INSERT INTO pl_picks VALUES('dnims', 'ARI', 'STL', 2004, 15, 'STL', 0);
INSERT INTO pl_picks VALUES('akubaryk', 'ARI', 'STL', 2004, 15, 'STL', 0);
INSERT INTO pl_games VALUES('TB', 'NO', 2004, 15, '2004-12-19 21:05:00', 17, 21, -7.5);
INSERT INTO pl_picks VALUES('dschexnayder', 'TB', 'NO', 2004, 15, 'NO', 0);
INSERT INTO pl_picks VALUES('jpnance', 'TB', 'NO', 2004, 15, 'NO', 0);
INSERT INTO pl_picks VALUES('dcurry', 'TB', 'NO', 2004, 15, 'TB', 0);
INSERT INTO pl_picks VALUES('jeff', 'TB', 'NO', 2004, 15, 'NO', 0);
INSERT INTO pl_picks VALUES('dnims', 'TB', 'NO', 2004, 15, 'TB', 0);
INSERT INTO pl_picks VALUES('akubaryk', 'TB', 'NO', 2004, 15, 'NO', 0);
INSERT INTO pl_games VALUES('KC', 'DEN', 2004, 15, '2004-12-19 18:00:00', 45, 17, 2.5);
INSERT INTO pl_picks VALUES('dschexnayder', 'KC', 'DEN', 2004, 15, 'DEN', 0);
INSERT INTO pl_picks VALUES('jpnance', 'KC', 'DEN', 2004, 15, 'DEN', 0);
INSERT INTO pl_picks VALUES('dcurry', 'KC', 'DEN', 2004, 15, 'DEN', 0);
INSERT INTO pl_picks VALUES('jeff', 'KC', 'DEN', 2004, 15, 'DEN', 0);
INSERT INTO pl_picks VALUES('dnims', 'KC', 'DEN', 2004, 15, 'DEN', 0);
INSERT INTO pl_picks VALUES('akubaryk', 'KC', 'DEN', 2004, 15, 'DEN', 0);
INSERT INTO pl_games VALUES('OAK', 'TEN', 2004, 15, '2004-12-19 21:15:00', 40, 35, -2.5);
INSERT INTO pl_picks VALUES('dschexnayder', 'OAK', 'TEN', 2004, 15, 'OAK', 0);
INSERT INTO pl_picks VALUES('jpnance', 'OAK', 'TEN', 2004, 15, 'TEN', 0);
INSERT INTO pl_picks VALUES('dcurry', 'OAK', 'TEN', 2004, 15, 'TEN', 0);
INSERT INTO pl_picks VALUES('jeff', 'OAK', 'TEN', 2004, 15, 'TEN', 0);
INSERT INTO pl_picks VALUES('dnims', 'OAK', 'TEN', 2004, 15, 'TEN', 0);
INSERT INTO pl_picks VALUES('akubaryk', 'OAK', 'TEN', 2004, 15, 'TEN', 0);
INSERT INTO pl_games VALUES('IND', 'BAL', 2004, 15, '2004-12-20 01:30:00', 20, 10, -7.5);
INSERT INTO pl_picks VALUES('dschexnayder', 'IND', 'BAL', 2004, 15, 'IND', 0);
INSERT INTO pl_picks VALUES('jpnance', 'IND', 'BAL', 2004, 15, 'IND', 0);
INSERT INTO pl_picks VALUES('dcurry', 'IND', 'BAL', 2004, 15, 'IND', 0);
INSERT INTO pl_picks VALUES('jeff', 'IND', 'BAL', 2004, 15, 'BAL', 0);
INSERT INTO pl_picks VALUES('dnims', 'IND', 'BAL', 2004, 15, 'IND', 0);
INSERT INTO pl_picks VALUES('akubaryk', 'IND', 'BAL', 2004, 15, 'IND', 0);
INSERT INTO pl_games VALUES('MIA', 'NE', 2004, 15, '2004-12-21 02:00:00', 29, 28, 9.5);
INSERT INTO pl_picks VALUES('dschexnayder', 'MIA', 'NE', 2004, 15, 'MIA', 0);
INSERT INTO pl_picks VALUES('jpnance', 'MIA', 'NE', 2004, 15, 'NE', 0);
INSERT INTO pl_picks VALUES('dcurry', 'MIA', 'NE', 2004, 15, 'NE', 0);
INSERT INTO pl_picks VALUES('jeff', 'MIA', 'NE', 2004, 15, 'NE', 0);
INSERT INTO pl_picks VALUES('dnims', 'MIA', 'NE', 2004, 15, 'NE', 0);
INSERT INTO pl_picks VALUES('akubaryk', 'MIA', 'NE', 2004, 15, 'NE', 0);
INSERT INTO pl_games VALUES('MIN', 'GB', 2004, 16, '2004-12-24 20:00:00', 31, 34, -2.5);
INSERT INTO pl_picks VALUES('dschexnayder', 'MIN', 'GB', 2004, 16, 'GB', 0);
INSERT INTO pl_picks VALUES('jpnance', 'MIN', 'GB', 2004, 16, 'MIN', 0);
INSERT INTO pl_picks VALUES('dcurry', 'MIN', 'GB', 2004, 16, 'GB', 0);
INSERT INTO pl_picks VALUES('dwaldo', 'MIN', 'GB', 2004, 16, 'GB', 0);
INSERT INTO pl_picks VALUES('jeff', 'MIN', 'GB', 2004, 16, 'MIN', 0);
INSERT INTO pl_games VALUES('KC', 'OAK', 2004, 16, '2004-12-25 22:00:00', 31, 30, -7.5);
INSERT INTO pl_picks VALUES('dschexnayder', 'KC', 'OAK', 2004, 16, 'KC', 0);
INSERT INTO pl_picks VALUES('jpnance', 'KC', 'OAK', 2004, 16, 'OAK', 0);
INSERT INTO pl_picks VALUES('dcurry', 'KC', 'OAK', 2004, 16, 'OAK', 0);
INSERT INTO pl_picks VALUES('dwaldo', 'KC', 'OAK', 2004, 16, 'KC', 0);
INSERT INTO pl_picks VALUES('jeff', 'KC', 'OAK', 2004, 16, 'KC', 0);
INSERT INTO pl_picks VALUES('dnims', 'KC', 'OAK', 2004, 16, 'KC', 0);
INSERT INTO pl_picks VALUES('akubaryk', 'KC', 'OAK', 2004, 16, 'KC', 0);
INSERT INTO pl_games VALUES('TEN', 'DEN', 2004, 16, '2004-12-26 01:30:00', 16, 37, 3.5);
INSERT INTO pl_picks VALUES('dschexnayder', 'TEN', 'DEN', 2004, 16, 'DEN', 0);
INSERT INTO pl_picks VALUES('jpnance', 'TEN', 'DEN', 2004, 16, 'DEN', 0);
INSERT INTO pl_picks VALUES('dcurry', 'TEN', 'DEN', 2004, 16, 'TEN', 0);
INSERT INTO pl_picks VALUES('dwaldo', 'TEN', 'DEN', 2004, 16, 'TEN', 0);
INSERT INTO pl_picks VALUES('jeff', 'TEN', 'DEN', 2004, 16, 'DEN', 0);
INSERT INTO pl_picks VALUES('dnims', 'TEN', 'DEN', 2004, 16, 'TEN', 0);
INSERT INTO pl_picks VALUES('akubaryk', 'TEN', 'DEN', 2004, 16, 'DEN', 0);
INSERT INTO pl_games VALUES('IND', 'SD', 2004, 16, '2004-12-26 18:00:00', 34, 31, -6.5);
INSERT INTO pl_picks VALUES('dschexnayder', 'IND', 'SD', 2004, 16, 'IND', 0);
INSERT INTO pl_picks VALUES('jpnance', 'IND', 'SD', 2004, 16, 'IND', 0);
INSERT INTO pl_picks VALUES('dcurry', 'IND', 'SD', 2004, 16, 'IND', 0);
INSERT INTO pl_picks VALUES('jeff', 'IND', 'SD', 2004, 16, 'SD', 0);
INSERT INTO pl_picks VALUES('dnims', 'IND', 'SD', 2004, 16, 'SD', 0);
INSERT INTO pl_picks VALUES('akubaryk', 'IND', 'SD', 2004, 16, 'IND', 0);
INSERT INTO pl_games VALUES('PIT', 'BAL', 2004, 16, '2004-12-26 18:00:00', 20, 7, -5.5);
INSERT INTO pl_picks VALUES('dschexnayder', 'PIT', 'BAL', 2004, 16, 'BAL', 0);
INSERT INTO pl_picks VALUES('jpnance', 'PIT', 'BAL', 2004, 16, 'BAL', 0);
INSERT INTO pl_picks VALUES('dcurry', 'PIT', 'BAL', 2004, 16, 'PIT', 0);
INSERT INTO pl_picks VALUES('jeff', 'PIT', 'BAL', 2004, 16, 'PIT', 0);
INSERT INTO pl_picks VALUES('dnims', 'PIT', 'BAL', 2004, 16, 'PIT', 0);
INSERT INTO pl_picks VALUES('akubaryk', 'PIT', 'BAL', 2004, 16, 'BAL', 0);
INSERT INTO pl_games VALUES('DET', 'CHI', 2004, 16, '2004-12-26 18:00:00', 19, 13, -5.5);
INSERT INTO pl_picks VALUES('dschexnayder', 'DET', 'CHI', 2004, 16, 'DET', 0);
INSERT INTO pl_picks VALUES('jpnance', 'DET', 'CHI', 2004, 16, 'DET', 0);
INSERT INTO pl_picks VALUES('dcurry', 'DET', 'CHI', 2004, 16, 'CHI', 0);
INSERT INTO pl_picks VALUES('jeff', 'DET', 'CHI', 2004, 16, 'DET', 0);
INSERT INTO pl_picks VALUES('dnims', 'DET', 'CHI', 2004, 16, 'DET', 0);
INSERT INTO pl_picks VALUES('akubaryk', 'DET', 'CHI', 2004, 16, 'CHI', 0);
INSERT INTO pl_games VALUES('NO', 'ATL', 2004, 16, '2004-12-26 18:00:00', 26, 13, -4.5);
INSERT INTO pl_picks VALUES('dschexnayder', 'NO', 'ATL', 2004, 16, 'ATL', 0);
INSERT INTO pl_picks VALUES('jpnance', 'NO', 'ATL', 2004, 16, 'ATL', 0);
INSERT INTO pl_picks VALUES('dcurry', 'NO', 'ATL', 2004, 16, 'ATL', 0);
INSERT INTO pl_picks VALUES('jeff', 'NO', 'ATL', 2004, 16, 'ATL', 0);
INSERT INTO pl_picks VALUES('dnims', 'NO', 'ATL', 2004, 16, 'NO', 0);
INSERT INTO pl_picks VALUES('akubaryk', 'NO', 'ATL', 2004, 16, 'ATL', 0);
INSERT INTO pl_games VALUES('TB', 'CAR', 2004, 16, '2004-12-26 21:15:00', 20, 37, -2.5);
INSERT INTO pl_picks VALUES('dschexnayder', 'TB', 'CAR', 2004, 16, 'CAR', 0);
INSERT INTO pl_picks VALUES('jpnance', 'TB', 'CAR', 2004, 16, 'CAR', 0);
INSERT INTO pl_picks VALUES('dcurry', 'TB', 'CAR', 2004, 16, 'CAR', 0);
INSERT INTO pl_picks VALUES('jeff', 'TB', 'CAR', 2004, 16, 'CAR', 0);
INSERT INTO pl_picks VALUES('dnims', 'TB', 'CAR', 2004, 16, 'CAR', 0);
INSERT INTO pl_picks VALUES('akubaryk', 'TB', 'CAR', 2004, 16, 'TB', 0);
INSERT INTO pl_games VALUES('JAX', 'HOU', 2004, 16, '2004-12-26 18:00:00', 0, 21, -6.5);
INSERT INTO pl_picks VALUES('dschexnayder', 'JAX', 'HOU', 2004, 16, 'HOU', 0);
INSERT INTO pl_picks VALUES('jpnance', 'JAX', 'HOU', 2004, 16, 'JAX', 0);
INSERT INTO pl_picks VALUES('dcurry', 'JAX', 'HOU', 2004, 16, 'HOU', 0);
INSERT INTO pl_picks VALUES('jeff', 'JAX', 'HOU', 2004, 16, 'HOU', 0);
INSERT INTO pl_picks VALUES('dnims', 'JAX', 'HOU', 2004, 16, 'HOU', 0);
INSERT INTO pl_picks VALUES('akubaryk', 'JAX', 'HOU', 2004, 16, 'JAX', 0);
INSERT INTO pl_games VALUES('CIN', 'NYG', 2004, 16, '2004-12-26 18:00:00', 23, 22, 5.5);
INSERT INTO pl_picks VALUES('dschexnayder', 'CIN', 'NYG', 2004, 16, 'CIN', 0);
INSERT INTO pl_picks VALUES('jpnance', 'CIN', 'NYG', 2004, 16, 'NYG', 0);
INSERT INTO pl_picks VALUES('dcurry', 'CIN', 'NYG', 2004, 16, 'CIN', 0);
INSERT INTO pl_picks VALUES('jeff', 'CIN', 'NYG', 2004, 16, 'NYG', 0);
INSERT INTO pl_picks VALUES('dnims', 'CIN', 'NYG', 2004, 16, 'NYG', 0);
INSERT INTO pl_picks VALUES('akubaryk', 'CIN', 'NYG', 2004, 16, 'NYG', 0);
INSERT INTO pl_games VALUES('NYJ', 'NE', 2004, 16, '2004-12-26 21:05:00', 7, 23, 2.5);
INSERT INTO pl_picks VALUES('dschexnayder', 'NYJ', 'NE', 2004, 16, 'NE', 0);
INSERT INTO pl_picks VALUES('jpnance', 'NYJ', 'NE', 2004, 16, 'NE', 0);
INSERT INTO pl_picks VALUES('dcurry', 'NYJ', 'NE', 2004, 16, 'NE', 0);
INSERT INTO pl_picks VALUES('jeff', 'NYJ', 'NE', 2004, 16, 'NE', 0);
INSERT INTO pl_picks VALUES('dnims', 'NYJ', 'NE', 2004, 16, 'NYJ', 0);
INSERT INTO pl_picks VALUES('akubaryk', 'NYJ', 'NE', 2004, 16, 'NE', 0);
INSERT INTO pl_games VALUES('SF', 'BUF', 2004, 16, '2004-12-26 21:05:00', 7, 41, 10.5);
INSERT INTO pl_picks VALUES('dschexnayder', 'SF', 'BUF', 2004, 16, 'SF', 0);
INSERT INTO pl_picks VALUES('jpnance', 'SF', 'BUF', 2004, 16, 'BUF', 0);
INSERT INTO pl_picks VALUES('dcurry', 'SF', 'BUF', 2004, 16, 'BUF', 0);
INSERT INTO pl_picks VALUES('jeff', 'SF', 'BUF', 2004, 16, 'SF', 0);
INSERT INTO pl_picks VALUES('dnims', 'SF', 'BUF', 2004, 16, 'BUF', 0);
INSERT INTO pl_picks VALUES('akubaryk', 'SF', 'BUF', 2004, 16, 'BUF', 0);
INSERT INTO pl_games VALUES('SEA', 'ARI', 2004, 16, '2004-12-26 21:15:00', 24, 21, -6.5);
INSERT INTO pl_picks VALUES('dschexnayder', 'SEA', 'ARI', 2004, 16, 'ARI', 0);
INSERT INTO pl_picks VALUES('jpnance', 'SEA', 'ARI', 2004, 16, 'SEA', 0);
INSERT INTO pl_picks VALUES('dcurry', 'SEA', 'ARI', 2004, 16, 'SEA', 0);
INSERT INTO pl_picks VALUES('jeff', 'SEA', 'ARI', 2004, 16, 'ARI', 0);
INSERT INTO pl_picks VALUES('dnims', 'SEA', 'ARI', 2004, 16, 'SEA', 0);
INSERT INTO pl_picks VALUES('akubaryk', 'SEA', 'ARI', 2004, 16, 'SEA', 0);
INSERT INTO pl_games VALUES('DAL', 'WAS', 2004, 16, '2004-12-26 21:15:00', 13, 10, 1.5);
INSERT INTO pl_picks VALUES('dschexnayder', 'DAL', 'WAS', 2004, 16, 'DAL', 0);
INSERT INTO pl_picks VALUES('jpnance', 'DAL', 'WAS', 2004, 16, 'DAL', 0);
INSERT INTO pl_picks VALUES('dcurry', 'DAL', 'WAS', 2004, 16, 'WAS', 0);
INSERT INTO pl_picks VALUES('jeff', 'DAL', 'WAS', 2004, 16, 'DAL', 0);
INSERT INTO pl_picks VALUES('dnims', 'DAL', 'WAS', 2004, 16, 'DAL', 0);
INSERT INTO pl_picks VALUES('akubaryk', 'DAL', 'WAS', 2004, 16, 'WAS', 0);
INSERT INTO pl_games VALUES('MIA', 'CLE', 2004, 16, '2004-12-27 01:30:00', 10, 7, 0.0);
INSERT INTO pl_picks VALUES('dschexnayder', 'MIA', 'CLE', 2004, 16, 'MIA', 1);
INSERT INTO pl_picks VALUES('jpnance', 'MIA', 'CLE', 2004, 16, 'MIA', 1);
INSERT INTO pl_picks VALUES('dcurry', 'MIA', 'CLE', 2004, 16, 'MIA', 1);
INSERT INTO pl_picks VALUES('jeff', 'MIA', 'CLE', 2004, 16, 'CLE', 1);
INSERT INTO pl_picks VALUES('dnims', 'MIA', 'CLE', 2004, 16, 'MIA', 1);
INSERT INTO pl_picks VALUES('akubaryk', 'MIA', 'CLE', 2004, 16, 'CLE', 1);
INSERT INTO pl_picks VALUES('ksomandar', 'MIA', 'CLE', 2004, 16, 'CLE', 1);
INSERT INTO pl_picks VALUES('isanmiguel', 'MIA', 'CLE', 2004, 16, 'CLE', 1);
INSERT INTO pl_picks VALUES('lzimmermann', 'MIA', 'CLE', 2004, 16, 'CLE', 1);
INSERT INTO pl_picks VALUES('dwaldo', 'MIA', 'CLE', 2004, 16, 'CLE', 1);
INSERT INTO pl_games VALUES('STL', 'PHI', 2004, 16, '2004-12-28 02:00:00', 20, 7, -2.5);
INSERT INTO pl_picks VALUES('dschexnayder', 'STL', 'PHI', 2004, 16, 'PHI', 0);
INSERT INTO pl_picks VALUES('jpnance', 'STL', 'PHI', 2004, 16, 'PHI', 0);
INSERT INTO pl_picks VALUES('dcurry', 'STL', 'PHI', 2004, 16, 'PHI', 0);
INSERT INTO pl_picks VALUES('jeff', 'STL', 'PHI', 2004, 16, 'PHI', 0);
INSERT INTO pl_picks VALUES('dnims', 'STL', 'PHI', 2004, 16, 'STL', 0);
INSERT INTO pl_picks VALUES('akubaryk', 'STL', 'PHI', 2004, 16, 'PHI', 0);
INSERT INTO pl_games VALUES('STL', 'NYJ', 2004, 17, '2005-01-02 18:00:00', 32, 29, 3.5);
INSERT INTO pl_picks VALUES('dschexnayder', 'STL', 'NYJ', 2004, 17, 'NYJ', 0);
INSERT INTO pl_picks VALUES('jpnance', 'STL', 'NYJ', 2004, 17, 'STL', 0);
INSERT INTO pl_picks VALUES('dcurry', 'STL', 'NYJ', 2004, 17, 'NYJ', 0);
INSERT INTO pl_picks VALUES('jeff', 'STL', 'NYJ', 2004, 17, 'STL', 0);
INSERT INTO pl_picks VALUES('dnims', 'STL', 'NYJ', 2004, 17, 'NYJ', 0);
INSERT INTO pl_picks VALUES('akubaryk', 'STL', 'NYJ', 2004, 17, 'NYJ', 0);
INSERT INTO pl_games VALUES('NE', 'SF', 2004, 17, '2005-01-02 18:00:00', 21, 7, -13.5);
INSERT INTO pl_picks VALUES('dschexnayder', 'NE', 'SF', 2004, 17, 'SF', 0);
INSERT INTO pl_picks VALUES('jpnance', 'NE', 'SF', 2004, 17, 'SF', 0);
INSERT INTO pl_picks VALUES('dcurry', 'NE', 'SF', 2004, 17, 'NE', 0);
INSERT INTO pl_picks VALUES('jeff', 'NE', 'SF', 2004, 17, 'SF', 0);
INSERT INTO pl_picks VALUES('dnims', 'NE', 'SF', 2004, 17, 'SF', 0);
INSERT INTO pl_picks VALUES('akubaryk', 'NE', 'SF', 2004, 17, 'NE', 0);
INSERT INTO pl_games VALUES('PHI', 'CIN', 2004, 17, '2005-01-02 18:00:00', 10, 38, 3.5);
INSERT INTO pl_picks VALUES('dschexnayder', 'PHI', 'CIN', 2004, 17, 'CIN', 0);
INSERT INTO pl_picks VALUES('jpnance', 'PHI', 'CIN', 2004, 17, 'CIN', 0);
INSERT INTO pl_picks VALUES('dcurry', 'PHI', 'CIN', 2004, 17, 'PHI', 0);
INSERT INTO pl_picks VALUES('jeff', 'PHI', 'CIN', 2004, 17, 'PHI', 0);
INSERT INTO pl_picks VALUES('dnims', 'PHI', 'CIN', 2004, 17, 'PHI', 0);
INSERT INTO pl_picks VALUES('akubaryk', 'PHI', 'CIN', 2004, 17, 'PHI', 0);
INSERT INTO pl_games VALUES('WAS', 'MIN', 2004, 17, '2005-01-02 18:00:00', 21, 18, 3.5);
INSERT INTO pl_picks VALUES('dschexnayder', 'WAS', 'MIN', 2004, 17, 'MIN', 0);
INSERT INTO pl_picks VALUES('jpnance', 'WAS', 'MIN', 2004, 17, 'MIN', 0);
INSERT INTO pl_picks VALUES('dcurry', 'WAS', 'MIN', 2004, 17, 'MIN', 0);
INSERT INTO pl_picks VALUES('jeff', 'WAS', 'MIN', 2004, 17, 'MIN', 0);
INSERT INTO pl_picks VALUES('dnims', 'WAS', 'MIN', 2004, 17, 'MIN', 0);
INSERT INTO pl_picks VALUES('akubaryk', 'WAS', 'MIN', 2004, 17, 'MIN', 0);
INSERT INTO pl_games VALUES('CAR', 'NO', 2004, 17, '2005-01-02 18:00:00', 18, 21, -7.5);
INSERT INTO pl_picks VALUES('dschexnayder', 'CAR', 'NO', 2004, 17, 'CAR', 0);
INSERT INTO pl_picks VALUES('jpnance', 'CAR', 'NO', 2004, 17, 'CAR', 0);
INSERT INTO pl_picks VALUES('dcurry', 'CAR', 'NO', 2004, 17, 'CAR', 0);
INSERT INTO pl_picks VALUES('jeff', 'CAR', 'NO', 2004, 17, 'CAR', 0);
INSERT INTO pl_picks VALUES('dnims', 'CAR', 'NO', 2004, 17, 'CAR', 0);
INSERT INTO pl_picks VALUES('akubaryk', 'CAR', 'NO', 2004, 17, 'CAR', 0);
INSERT INTO pl_games VALUES('BAL', 'MIA', 2004, 17, '2005-01-02 18:00:00', 30, 23, -10.5);
INSERT INTO pl_picks VALUES('dschexnayder', 'BAL', 'MIA', 2004, 17, 'MIA', 0);
INSERT INTO pl_picks VALUES('jpnance', 'BAL', 'MIA', 2004, 17, 'MIA', 0);
INSERT INTO pl_picks VALUES('dcurry', 'BAL', 'MIA', 2004, 17, 'BAL', 0);
INSERT INTO pl_picks VALUES('jeff', 'BAL', 'MIA', 2004, 17, 'MIA', 0);
INSERT INTO pl_picks VALUES('dnims', 'BAL', 'MIA', 2004, 17, 'MIA', 0);
INSERT INTO pl_picks VALUES('akubaryk', 'BAL', 'MIA', 2004, 17, 'BAL', 0);
INSERT INTO pl_games VALUES('HOU', 'CLE', 2004, 17, '2005-01-02 18:00:00', 14, 22, -9.5);
INSERT INTO pl_picks VALUES('dschexnayder', 'HOU', 'CLE', 2004, 17, 'HOU', 0);
INSERT INTO pl_picks VALUES('jpnance', 'HOU', 'CLE', 2004, 17, 'HOU', 0);
INSERT INTO pl_picks VALUES('dcurry', 'HOU', 'CLE', 2004, 17, 'HOU', 0);
INSERT INTO pl_picks VALUES('jeff', 'HOU', 'CLE', 2004, 17, 'CLE', 0);
INSERT INTO pl_picks VALUES('dnims', 'HOU', 'CLE', 2004, 17, 'HOU', 0);
INSERT INTO pl_picks VALUES('akubaryk', 'HOU', 'CLE', 2004, 17, 'HOU', 0);
INSERT INTO pl_games VALUES('BUF', 'PIT', 2004, 17, '2005-01-02 18:00:00', 24, 29, -8.5);
INSERT INTO pl_picks VALUES('dschexnayder', 'BUF', 'PIT', 2004, 17, 'BUF', 0);
INSERT INTO pl_picks VALUES('jpnance', 'BUF', 'PIT', 2004, 17, 'PIT', 0);
INSERT INTO pl_picks VALUES('dcurry', 'BUF', 'PIT', 2004, 17, 'PIT', 0);
INSERT INTO pl_picks VALUES('jeff', 'BUF', 'PIT', 2004, 17, 'PIT', 0);
INSERT INTO pl_picks VALUES('dnims', 'BUF', 'PIT', 2004, 17, 'BUF', 0);
INSERT INTO pl_picks VALUES('akubaryk', 'BUF', 'PIT', 2004, 17, 'PIT', 0);
INSERT INTO pl_games VALUES('CHI', 'GB', 2004, 17, '2005-01-02 18:00:00', 14, 31, -2.5);
INSERT INTO pl_picks VALUES('dschexnayder', 'CHI', 'GB', 2004, 17, 'GB', 0);
INSERT INTO pl_picks VALUES('jpnance', 'CHI', 'GB', 2004, 17, 'GB', 0);
INSERT INTO pl_picks VALUES('dcurry', 'CHI', 'GB', 2004, 17, 'GB', 0);
INSERT INTO pl_picks VALUES('jeff', 'CHI', 'GB', 2004, 17, 'GB', 0);
INSERT INTO pl_picks VALUES('dnims', 'CHI', 'GB', 2004, 17, 'GB', 0);
INSERT INTO pl_picks VALUES('akubaryk', 'CHI', 'GB', 2004, 17, 'GB', 0);
INSERT INTO pl_games VALUES('TEN', 'DET', 2004, 17, '2005-01-02 18:00:00', 24, 19, 2.5);
INSERT INTO pl_picks VALUES('dschexnayder', 'TEN', 'DET', 2004, 17, 'DET', 0);
INSERT INTO pl_picks VALUES('jpnance', 'TEN', 'DET', 2004, 17, 'TEN', 0);
INSERT INTO pl_picks VALUES('dcurry', 'TEN', 'DET', 2004, 17, 'DET', 0);
INSERT INTO pl_picks VALUES('jeff', 'TEN', 'DET', 2004, 17, 'DET', 0);
INSERT INTO pl_picks VALUES('dnims', 'TEN', 'DET', 2004, 17, 'DET', 0);
INSERT INTO pl_picks VALUES('akubaryk', 'TEN', 'DET', 2004, 17, 'TEN', 0);
INSERT INTO pl_games VALUES('SEA', 'ATL', 2004, 17, '2005-01-02 21:05:00', 28, 26, -5.5);
INSERT INTO pl_picks VALUES('dschexnayder', 'SEA', 'ATL', 2004, 17, 'SEA', 0);
INSERT INTO pl_picks VALUES('jpnance', 'SEA', 'ATL', 2004, 17, 'SEA', 0);
INSERT INTO pl_picks VALUES('dcurry', 'SEA', 'ATL', 2004, 17, 'SEA', 0);
INSERT INTO pl_picks VALUES('jeff', 'SEA', 'ATL', 2004, 17, 'SEA', 0);
INSERT INTO pl_picks VALUES('dnims', 'SEA', 'ATL', 2004, 17, 'SEA', 0);
INSERT INTO pl_picks VALUES('akubaryk', 'SEA', 'ATL', 2004, 17, 'SEA', 0);
INSERT INTO pl_games VALUES('ARI', 'TB', 2004, 17, '2005-01-02 21:05:00', 12, 7, -2.5);
INSERT INTO pl_picks VALUES('dschexnayder', 'ARI', 'TB', 2004, 17, 'TB', 0);
INSERT INTO pl_picks VALUES('jpnance', 'ARI', 'TB', 2004, 17, 'TB', 0);
INSERT INTO pl_picks VALUES('dcurry', 'ARI', 'TB', 2004, 17, 'TB', 0);
INSERT INTO pl_picks VALUES('jeff', 'ARI', 'TB', 2004, 17, 'ARI', 0);
INSERT INTO pl_picks VALUES('dnims', 'ARI', 'TB', 2004, 17, 'TB', 0);
INSERT INTO pl_picks VALUES('akubaryk', 'ARI', 'TB', 2004, 17, 'TB', 0);
INSERT INTO pl_games VALUES('SD', 'KC', 2004, 17, '2005-01-02 21:15:00', 24, 17, 3.5);
INSERT INTO pl_picks VALUES('dschexnayder', 'SD', 'KC', 2004, 17, 'KC', 0);
INSERT INTO pl_picks VALUES('jpnance', 'SD', 'KC', 2004, 17, 'KC', 0);
INSERT INTO pl_picks VALUES('dcurry', 'SD', 'KC', 2004, 17, 'SD', 0);
INSERT INTO pl_picks VALUES('jeff', 'SD', 'KC', 2004, 17, 'KC', 0);
INSERT INTO pl_picks VALUES('dnims', 'SD', 'KC', 2004, 17, 'SD', 0);
INSERT INTO pl_picks VALUES('akubaryk', 'SD', 'KC', 2004, 17, 'SD', 0);
INSERT INTO pl_games VALUES('DEN', 'IND', 2004, 17, '2005-01-02 21:15:00', 33, 14, -8.5);
INSERT INTO pl_picks VALUES('dschexnayder', 'DEN', 'IND', 2004, 17, 'IND', 0);
INSERT INTO pl_picks VALUES('jpnance', 'DEN', 'IND', 2004, 17, 'IND', 0);
INSERT INTO pl_picks VALUES('dcurry', 'DEN', 'IND', 2004, 17, 'IND', 0);
INSERT INTO pl_picks VALUES('jeff', 'DEN', 'IND', 2004, 17, 'IND', 0);
INSERT INTO pl_picks VALUES('dnims', 'DEN', 'IND', 2004, 17, 'IND', 0);
INSERT INTO pl_picks VALUES('akubaryk', 'DEN', 'IND', 2004, 17, 'IND', 0);
INSERT INTO pl_games VALUES('OAK', 'JAX', 2004, 17, '2005-01-02 21:15:00', 6, 13, 0.5);
INSERT INTO pl_picks VALUES('dschexnayder', 'OAK', 'JAX', 2004, 17, 'JAX', 0);
INSERT INTO pl_picks VALUES('jpnance', 'OAK', 'JAX', 2004, 17, 'JAX', 0);
INSERT INTO pl_picks VALUES('dcurry', 'OAK', 'JAX', 2004, 17, 'JAX', 0);
INSERT INTO pl_picks VALUES('jeff', 'OAK', 'JAX', 2004, 17, 'JAX', 0);
INSERT INTO pl_picks VALUES('dnims', 'OAK', 'JAX', 2004, 17, 'JAX', 0);
INSERT INTO pl_picks VALUES('akubaryk', 'OAK', 'JAX', 2004, 17, 'JAX', 0);
INSERT INTO pl_games VALUES('NYG', 'DAL', 2004, 17, '2005-01-03 01:30:00', 28, 24, -2.5);
INSERT INTO pl_picks VALUES('dschexnayder', 'NYG', 'DAL', 2004, 17, 'DAL', 0);
INSERT INTO pl_picks VALUES('jpnance', 'NYG', 'DAL', 2004, 17, 'DAL', 0);
INSERT INTO pl_picks VALUES('dcurry', 'NYG', 'DAL', 2004, 17, 'NYG', 0);
INSERT INTO pl_picks VALUES('jeff', 'NYG', 'DAL', 2004, 17, 'DAL', 0);
INSERT INTO pl_picks VALUES('dnims', 'NYG', 'DAL', 2004, 17, 'NYG', 0);
INSERT INTO pl_picks VALUES('akubaryk', 'NYG', 'DAL', 2004, 17, 'DAL', 0);
INSERT INTO pl_games VALUES('NO', 'SF', 2004, 2, '2004-09-19 17:00:00', 30, 27, -7.5);
INSERT INTO pl_picks VALUES('dschexnayder', 'NO', 'SF', 2004, 2, 'NO', 0);
INSERT INTO pl_picks VALUES('jpnance', 'NO', 'SF', 2004, 2, 'SF', 0);
INSERT INTO pl_picks VALUES('ksomandar', 'NO', 'SF', 2004, 2, 'SF', 0);
INSERT INTO pl_picks VALUES('dcurry', 'NO', 'SF', 2004, 2, 'NO', 0);
INSERT INTO pl_picks VALUES('isanmiguel', 'NO', 'SF', 2004, 2, 'NO', 0);
INSERT INTO pl_picks VALUES('lzimmermann', 'NO', 'SF', 2004, 2, 'NO', 0);
INSERT INTO pl_picks VALUES('dwaldo', 'NO', 'SF', 2004, 2, 'NO', 0);
INSERT INTO pl_picks VALUES('jeff', 'NO', 'SF', 2004, 2, 'SF', 0);
INSERT INTO pl_picks VALUES('dnims', 'NO', 'SF', 2004, 2, 'NO', 0);
INSERT INTO pl_games VALUES('NYG', 'WAS', 2004, 2, '2004-09-19 17:00:00', 20, 14, 2.5);
INSERT INTO pl_picks VALUES('dschexnayder', 'NYG', 'WAS', 2004, 2, 'NYG', 0);
INSERT INTO pl_picks VALUES('jpnance', 'NYG', 'WAS', 2004, 2, 'NYG', 0);
INSERT INTO pl_picks VALUES('ksomandar', 'NYG', 'WAS', 2004, 2, 'WAS', 0);
INSERT INTO pl_picks VALUES('dcurry', 'NYG', 'WAS', 2004, 2, 'WAS', 0);
INSERT INTO pl_picks VALUES('isanmiguel', 'NYG', 'WAS', 2004, 2, 'WAS', 0);
INSERT INTO pl_picks VALUES('lzimmermann', 'NYG', 'WAS', 2004, 2, 'WAS', 0);
INSERT INTO pl_picks VALUES('dwaldo', 'NYG', 'WAS', 2004, 2, 'WAS', 0);
INSERT INTO pl_picks VALUES('jeff', 'NYG', 'WAS', 2004, 2, 'WAS', 0);
INSERT INTO pl_picks VALUES('dnims', 'NYG', 'WAS', 2004, 2, 'WAS', 0);
INSERT INTO pl_games VALUES('JAX', 'DEN', 2004, 2, '2004-09-19 17:00:00', 7, 6, 2.5);
INSERT INTO pl_picks VALUES('dschexnayder', 'JAX', 'DEN', 2004, 2, 'JAX', 0);
INSERT INTO pl_picks VALUES('jpnance', 'JAX', 'DEN', 2004, 2, 'DEN', 0);
INSERT INTO pl_picks VALUES('ksomandar', 'JAX', 'DEN', 2004, 2, 'DEN', 0);
INSERT INTO pl_picks VALUES('dcurry', 'JAX', 'DEN', 2004, 2, 'JAX', 0);
INSERT INTO pl_picks VALUES('isanmiguel', 'JAX', 'DEN', 2004, 2, 'JAX', 0);
INSERT INTO pl_picks VALUES('lzimmermann', 'JAX', 'DEN', 2004, 2, 'DEN', 0);
INSERT INTO pl_picks VALUES('dwaldo', 'JAX', 'DEN', 2004, 2, 'DEN', 0);
INSERT INTO pl_picks VALUES('jeff', 'JAX', 'DEN', 2004, 2, 'DEN', 0);
INSERT INTO pl_picks VALUES('dnims', 'JAX', 'DEN', 2004, 2, 'DEN', 0);
INSERT INTO pl_games VALUES('BAL', 'PIT', 2004, 2, '2004-09-19 17:00:00', 30, 13, -3.5);
INSERT INTO pl_picks VALUES('dschexnayder', 'BAL', 'PIT', 2004, 2, 'BAL', 0);
INSERT INTO pl_picks VALUES('jpnance', 'BAL', 'PIT', 2004, 2, 'BAL', 0);
INSERT INTO pl_picks VALUES('ksomandar', 'BAL', 'PIT', 2004, 2, 'BAL', 0);
INSERT INTO pl_picks VALUES('dcurry', 'BAL', 'PIT', 2004, 2, 'PIT', 0);
INSERT INTO pl_picks VALUES('isanmiguel', 'BAL', 'PIT', 2004, 2, 'PIT', 0);
INSERT INTO pl_picks VALUES('lzimmermann', 'BAL', 'PIT', 2004, 2, 'PIT', 0);
INSERT INTO pl_picks VALUES('dwaldo', 'BAL', 'PIT', 2004, 2, 'BAL', 0);
INSERT INTO pl_picks VALUES('jeff', 'BAL', 'PIT', 2004, 2, 'PIT', 0);
INSERT INTO pl_picks VALUES('dnims', 'BAL', 'PIT', 2004, 2, 'PIT', 0);
INSERT INTO pl_games VALUES('ATL', 'STL', 2004, 2, '2004-09-19 17:00:00', 34, 17, -1.5);
INSERT INTO pl_picks VALUES('dschexnayder', 'ATL', 'STL', 2004, 2, 'ATL', 0);
INSERT INTO pl_picks VALUES('jpnance', 'ATL', 'STL', 2004, 2, 'ATL', 0);
INSERT INTO pl_picks VALUES('ksomandar', 'ATL', 'STL', 2004, 2, 'STL', 0);
INSERT INTO pl_picks VALUES('dcurry', 'ATL', 'STL', 2004, 2, 'STL', 0);
INSERT INTO pl_picks VALUES('isanmiguel', 'ATL', 'STL', 2004, 2, 'STL', 0);
INSERT INTO pl_picks VALUES('lzimmermann', 'ATL', 'STL', 2004, 2, 'STL', 0);
INSERT INTO pl_picks VALUES('dwaldo', 'ATL', 'STL', 2004, 2, 'STL', 0);
INSERT INTO pl_picks VALUES('jeff', 'ATL', 'STL', 2004, 2, 'STL', 0);
INSERT INTO pl_picks VALUES('dnims', 'ATL', 'STL', 2004, 2, 'STL', 0);
INSERT INTO pl_games VALUES('DET', 'HOU', 2004, 2, '2004-09-19 17:00:00', 28, 16, -2.5);
INSERT INTO pl_picks VALUES('dschexnayder', 'DET', 'HOU', 2004, 2, 'DET', 0);
INSERT INTO pl_picks VALUES('jpnance', 'DET', 'HOU', 2004, 2, 'HOU', 0);
INSERT INTO pl_picks VALUES('ksomandar', 'DET', 'HOU', 2004, 2, 'HOU', 0);
INSERT INTO pl_picks VALUES('dcurry', 'DET', 'HOU', 2004, 2, 'DET', 0);
INSERT INTO pl_picks VALUES('isanmiguel', 'DET', 'HOU', 2004, 2, 'HOU', 0);
INSERT INTO pl_picks VALUES('lzimmermann', 'DET', 'HOU', 2004, 2, 'HOU', 0);
INSERT INTO pl_picks VALUES('dwaldo', 'DET', 'HOU', 2004, 2, 'DET', 0);
INSERT INTO pl_picks VALUES('jeff', 'DET', 'HOU', 2004, 2, 'HOU', 0);
INSERT INTO pl_picks VALUES('dnims', 'DET', 'HOU', 2004, 2, 'DET', 0);
INSERT INTO pl_games VALUES('GB', 'CHI', 2004, 2, '2004-09-19 17:00:00', 10, 21, -8.5);
INSERT INTO pl_picks VALUES('dschexnayder', 'GB', 'CHI', 2004, 2, 'GB', 0);
INSERT INTO pl_picks VALUES('jpnance', 'GB', 'CHI', 2004, 2, 'GB', 0);
INSERT INTO pl_picks VALUES('ksomandar', 'GB', 'CHI', 2004, 2, 'CHI', 0);
INSERT INTO pl_picks VALUES('dcurry', 'GB', 'CHI', 2004, 2, 'GB', 0);
INSERT INTO pl_picks VALUES('isanmiguel', 'GB', 'CHI', 2004, 2, 'GB', 0);
INSERT INTO pl_picks VALUES('lzimmermann', 'GB', 'CHI', 2004, 2, 'GB', 0);
INSERT INTO pl_picks VALUES('dwaldo', 'GB', 'CHI', 2004, 2, 'GB', 0);
INSERT INTO pl_picks VALUES('jeff', 'GB', 'CHI', 2004, 2, 'GB', 0);
INSERT INTO pl_picks VALUES('dnims', 'GB', 'CHI', 2004, 2, 'GB', 0);
INSERT INTO pl_games VALUES('TEN', 'IND', 2004, 2, '2004-09-19 17:00:00', 17, 31, 1.5);
INSERT INTO pl_picks VALUES('dschexnayder', 'TEN', 'IND', 2004, 2, 'TEN', 0);
INSERT INTO pl_picks VALUES('jpnance', 'TEN', 'IND', 2004, 2, 'IND', 0);
INSERT INTO pl_picks VALUES('ksomandar', 'TEN', 'IND', 2004, 2, 'IND', 0);
INSERT INTO pl_picks VALUES('dcurry', 'TEN', 'IND', 2004, 2, 'IND', 0);
INSERT INTO pl_picks VALUES('isanmiguel', 'TEN', 'IND', 2004, 2, 'IND', 0);
INSERT INTO pl_picks VALUES('lzimmermann', 'TEN', 'IND', 2004, 2, 'IND', 0);
INSERT INTO pl_picks VALUES('dwaldo', 'TEN', 'IND', 2004, 2, 'TEN', 0);
INSERT INTO pl_picks VALUES('jeff', 'TEN', 'IND', 2004, 2, 'TEN', 0);
INSERT INTO pl_picks VALUES('dnims', 'TEN', 'IND', 2004, 2, 'IND', 0);
INSERT INTO pl_games VALUES('KC', 'CAR', 2004, 2, '2004-09-19 17:00:00', 17, 28, -6.5);
INSERT INTO pl_picks VALUES('dschexnayder', 'KC', 'CAR', 2004, 2, 'KC', 0);
INSERT INTO pl_picks VALUES('jpnance', 'KC', 'CAR', 2004, 2, 'CAR', 0);
INSERT INTO pl_picks VALUES('ksomandar', 'KC', 'CAR', 2004, 2, 'CAR', 0);
INSERT INTO pl_picks VALUES('dcurry', 'KC', 'CAR', 2004, 2, 'KC', 0);
INSERT INTO pl_picks VALUES('isanmiguel', 'KC', 'CAR', 2004, 2, 'CAR', 0);
INSERT INTO pl_picks VALUES('lzimmermann', 'KC', 'CAR', 2004, 2, 'KC', 0);
INSERT INTO pl_picks VALUES('dwaldo', 'KC', 'CAR', 2004, 2, 'CAR', 0);
INSERT INTO pl_picks VALUES('jeff', 'KC', 'CAR', 2004, 2, 'CAR', 0);
INSERT INTO pl_picks VALUES('dnims', 'KC', 'CAR', 2004, 2, 'CAR', 0);
INSERT INTO pl_games VALUES('TB', 'SEA', 2004, 2, '2004-09-19 20:05:00', 6, 10, 2.5);
INSERT INTO pl_picks VALUES('dschexnayder', 'TB', 'SEA', 2004, 2, 'SEA', 0);
INSERT INTO pl_picks VALUES('jpnance', 'TB', 'SEA', 2004, 2, 'SEA', 0);
INSERT INTO pl_picks VALUES('ksomandar', 'TB', 'SEA', 2004, 2, 'SEA', 0);
INSERT INTO pl_picks VALUES('dcurry', 'TB', 'SEA', 2004, 2, 'SEA', 0);
INSERT INTO pl_picks VALUES('isanmiguel', 'TB', 'SEA', 2004, 2, 'TB', 0);
INSERT INTO pl_picks VALUES('lzimmermann', 'TB', 'SEA', 2004, 2, 'TB', 0);
INSERT INTO pl_picks VALUES('dwaldo', 'TB', 'SEA', 2004, 2, 'SEA', 0);
INSERT INTO pl_picks VALUES('jeff', 'TB', 'SEA', 2004, 2, 'SEA', 0);
INSERT INTO pl_picks VALUES('dnims', 'TB', 'SEA', 2004, 2, 'SEA', 0);
INSERT INTO pl_picks VALUES('akubaryk', 'TB', 'SEA', 2004, 2, 'SEA', 0);
INSERT INTO pl_games VALUES('DAL', 'CLE', 2004, 2, '2004-09-19 20:15:00', 19, 12, -4.5);
INSERT INTO pl_picks VALUES('dschexnayder', 'DAL', 'CLE', 2004, 2, 'DAL', 0);
INSERT INTO pl_picks VALUES('jpnance', 'DAL', 'CLE', 2004, 2, 'DAL', 0);
INSERT INTO pl_picks VALUES('ksomandar', 'DAL', 'CLE', 2004, 2, 'DAL', 0);
INSERT INTO pl_picks VALUES('dcurry', 'DAL', 'CLE', 2004, 2, 'CLE', 0);
INSERT INTO pl_picks VALUES('isanmiguel', 'DAL', 'CLE', 2004, 2, 'DAL', 0);
INSERT INTO pl_picks VALUES('lzimmermann', 'DAL', 'CLE', 2004, 2, 'DAL', 0);
INSERT INTO pl_picks VALUES('dwaldo', 'DAL', 'CLE', 2004, 2, 'DAL', 0);
INSERT INTO pl_picks VALUES('jeff', 'DAL', 'CLE', 2004, 2, 'CLE', 0);
INSERT INTO pl_picks VALUES('dnims', 'DAL', 'CLE', 2004, 2, 'DAL', 0);
INSERT INTO pl_picks VALUES('akubaryk', 'DAL', 'CLE', 2004, 2, 'DAL', 0);
INSERT INTO pl_games VALUES('OAK', 'BUF', 2004, 2, '2004-09-19 20:15:00', 13, 10, -3.5);
INSERT INTO pl_picks VALUES('dschexnayder', 'OAK', 'BUF', 2004, 2, 'OAK', 0);
INSERT INTO pl_picks VALUES('jpnance', 'OAK', 'BUF', 2004, 2, 'BUF', 0);
INSERT INTO pl_picks VALUES('ksomandar', 'OAK', 'BUF', 2004, 2, 'BUF', 0);
INSERT INTO pl_picks VALUES('dcurry', 'OAK', 'BUF', 2004, 2, 'OAK', 0);
INSERT INTO pl_picks VALUES('isanmiguel', 'OAK', 'BUF', 2004, 2, 'BUF', 0);
INSERT INTO pl_picks VALUES('lzimmermann', 'OAK', 'BUF', 2004, 2, 'OAK', 0);
INSERT INTO pl_picks VALUES('dwaldo', 'OAK', 'BUF', 2004, 2, 'OAK', 0);
INSERT INTO pl_picks VALUES('jeff', 'OAK', 'BUF', 2004, 2, 'OAK', 0);
INSERT INTO pl_picks VALUES('dnims', 'OAK', 'BUF', 2004, 2, 'OAK', 0);
INSERT INTO pl_picks VALUES('akubaryk', 'OAK', 'BUF', 2004, 2, 'OAK', 0);
INSERT INTO pl_games VALUES('ARI', 'NE', 2004, 2, '2004-09-19 20:15:00', 12, 23, 7.5);
INSERT INTO pl_picks VALUES('dschexnayder', 'ARI', 'NE', 2004, 2, 'NE', 0);
INSERT INTO pl_picks VALUES('jpnance', 'ARI', 'NE', 2004, 2, 'NE', 0);
INSERT INTO pl_picks VALUES('ksomandar', 'ARI', 'NE', 2004, 2, 'NE', 0);
INSERT INTO pl_picks VALUES('dcurry', 'ARI', 'NE', 2004, 2, 'NE', 0);
INSERT INTO pl_picks VALUES('isanmiguel', 'ARI', 'NE', 2004, 2, 'NE', 0);
INSERT INTO pl_picks VALUES('lzimmermann', 'ARI', 'NE', 2004, 2, 'ARI', 0);
INSERT INTO pl_picks VALUES('dwaldo', 'ARI', 'NE', 2004, 2, 'NE', 0);
INSERT INTO pl_picks VALUES('jeff', 'ARI', 'NE', 2004, 2, 'NE', 0);
INSERT INTO pl_picks VALUES('dnims', 'ARI', 'NE', 2004, 2, 'NE', 0);
INSERT INTO pl_picks VALUES('akubaryk', 'ARI', 'NE', 2004, 2, 'NE', 0);
INSERT INTO pl_games VALUES('SD', 'NYJ', 2004, 2, '2004-09-19 20:15:00', 28, 34, 3.5);
INSERT INTO pl_picks VALUES('dschexnayder', 'SD', 'NYJ', 2004, 2, 'NYJ', 0);
INSERT INTO pl_picks VALUES('jpnance', 'SD', 'NYJ', 2004, 2, 'NYJ', 0);
INSERT INTO pl_picks VALUES('ksomandar', 'SD', 'NYJ', 2004, 2, 'NYJ', 0);
INSERT INTO pl_picks VALUES('dcurry', 'SD', 'NYJ', 2004, 2, 'SD', 0);
INSERT INTO pl_picks VALUES('isanmiguel', 'SD', 'NYJ', 2004, 2, 'SD', 0);
INSERT INTO pl_picks VALUES('lzimmermann', 'SD', 'NYJ', 2004, 2, 'NYJ', 0);
INSERT INTO pl_picks VALUES('dwaldo', 'SD', 'NYJ', 2004, 2, 'SD', 0);
INSERT INTO pl_picks VALUES('jeff', 'SD', 'NYJ', 2004, 2, 'NYJ', 0);
INSERT INTO pl_picks VALUES('dnims', 'SD', 'NYJ', 2004, 2, 'NYJ', 0);
INSERT INTO pl_picks VALUES('akubaryk', 'SD', 'NYJ', 2004, 2, 'SD', 0);
INSERT INTO pl_games VALUES('CIN', 'MIA', 2004, 2, '2004-09-20 00:35:00', 16, 13, -4.5);
INSERT INTO pl_picks VALUES('dschexnayder', 'CIN', 'MIA', 2004, 2, 'CIN', 0);
INSERT INTO pl_picks VALUES('jpnance', 'CIN', 'MIA', 2004, 2, 'MIA', 0);
INSERT INTO pl_picks VALUES('ksomandar', 'CIN', 'MIA', 2004, 2, 'MIA', 0);
INSERT INTO pl_picks VALUES('dcurry', 'CIN', 'MIA', 2004, 2, 'CIN', 0);
INSERT INTO pl_picks VALUES('isanmiguel', 'CIN', 'MIA', 2004, 2, 'CIN', 0);
INSERT INTO pl_picks VALUES('lzimmermann', 'CIN', 'MIA', 2004, 2, 'CIN', 0);
INSERT INTO pl_picks VALUES('dwaldo', 'CIN', 'MIA', 2004, 2, 'MIA', 0);
INSERT INTO pl_picks VALUES('jeff', 'CIN', 'MIA', 2004, 2, 'CIN', 0);
INSERT INTO pl_picks VALUES('dnims', 'CIN', 'MIA', 2004, 2, 'CIN', 0);
INSERT INTO pl_picks VALUES('akubaryk', 'CIN', 'MIA', 2004, 2, 'CIN', 0);
INSERT INTO pl_games VALUES('PHI', 'MIN', 2004, 2, '2004-09-21 01:00:00', 27, 16, -3.5);
INSERT INTO pl_picks VALUES('dschexnayder', 'PHI', 'MIN', 2004, 2, 'PHI', 0);
INSERT INTO pl_picks VALUES('jpnance', 'PHI', 'MIN', 2004, 2, 'PHI', 0);
INSERT INTO pl_picks VALUES('dcurry', 'PHI', 'MIN', 2004, 2, 'PHI', 0);
INSERT INTO pl_picks VALUES('isanmiguel', 'PHI', 'MIN', 2004, 2, 'PHI', 0);
INSERT INTO pl_picks VALUES('dwaldo', 'PHI', 'MIN', 2004, 2, 'PHI', 0);
INSERT INTO pl_picks VALUES('jeff', 'PHI', 'MIN', 2004, 2, 'MIN', 0);
INSERT INTO pl_picks VALUES('dnims', 'PHI', 'MIN', 2004, 2, 'MIN', 0);
INSERT INTO pl_picks VALUES('akubaryk', 'PHI', 'MIN', 2004, 2, 'PHI', 0);
INSERT INTO pl_games VALUES('STL', 'NO', 2004, 3, '2004-09-26 17:00:00', 25, 28, -6.5);
INSERT INTO pl_picks VALUES('dschexnayder', 'STL', 'NO', 2004, 3, 'NO', 0);
INSERT INTO pl_picks VALUES('jpnance', 'STL', 'NO', 2004, 3, 'STL', 0);
INSERT INTO pl_picks VALUES('ksomandar', 'STL', 'NO', 2004, 3, 'STL', 0);
INSERT INTO pl_picks VALUES('dcurry', 'STL', 'NO', 2004, 3, 'STL', 0);
INSERT INTO pl_picks VALUES('isanmiguel', 'STL', 'NO', 2004, 3, 'STL', 0);
INSERT INTO pl_picks VALUES('lzimmermann', 'STL', 'NO', 2004, 3, 'STL', 0);
INSERT INTO pl_picks VALUES('dwaldo', 'STL', 'NO', 2004, 3, 'NO', 0);
INSERT INTO pl_picks VALUES('jeff', 'STL', 'NO', 2004, 3, 'NO', 0);
INSERT INTO pl_picks VALUES('dnims', 'STL', 'NO', 2004, 3, 'STL', 0);
INSERT INTO pl_picks VALUES('akubaryk', 'STL', 'NO', 2004, 3, 'STL', 0);
INSERT INTO pl_games VALUES('MIA', 'PIT', 2004, 3, '2004-09-27 00:30:00', 3, 13, -0.5);
INSERT INTO pl_picks VALUES('dschexnayder', 'MIA', 'PIT', 2004, 3, 'MIA', 0);
INSERT INTO pl_picks VALUES('jpnance', 'MIA', 'PIT', 2004, 3, 'PIT', 0);
INSERT INTO pl_picks VALUES('ksomandar', 'MIA', 'PIT', 2004, 3, 'MIA', 0);
INSERT INTO pl_picks VALUES('dcurry', 'MIA', 'PIT', 2004, 3, 'PIT', 0);
INSERT INTO pl_picks VALUES('isanmiguel', 'MIA', 'PIT', 2004, 3, 'PIT', 0);
INSERT INTO pl_picks VALUES('lzimmermann', 'MIA', 'PIT', 2004, 3, 'MIA', 0);
INSERT INTO pl_picks VALUES('dwaldo', 'MIA', 'PIT', 2004, 3, 'PIT', 0);
INSERT INTO pl_picks VALUES('jeff', 'MIA', 'PIT', 2004, 3, 'PIT', 0);
INSERT INTO pl_picks VALUES('dnims', 'MIA', 'PIT', 2004, 3, 'PIT', 0);
INSERT INTO pl_picks VALUES('akubaryk', 'MIA', 'PIT', 2004, 3, 'PIT', 0);
INSERT INTO pl_games VALUES('MIN', 'CHI', 2004, 3, '2004-09-26 17:00:00', 27, 22, -9.5);
INSERT INTO pl_picks VALUES('dschexnayder', 'MIN', 'CHI', 2004, 3, 'MIN', 0);
INSERT INTO pl_picks VALUES('jpnance', 'MIN', 'CHI', 2004, 3, 'MIN', 0);
INSERT INTO pl_picks VALUES('ksomandar', 'MIN', 'CHI', 2004, 3, 'MIN', 0);
INSERT INTO pl_picks VALUES('dcurry', 'MIN', 'CHI', 2004, 3, 'CHI', 0);
INSERT INTO pl_picks VALUES('isanmiguel', 'MIN', 'CHI', 2004, 3, 'MIN', 0);
INSERT INTO pl_picks VALUES('lzimmermann', 'MIN', 'CHI', 2004, 3, 'MIN', 0);
INSERT INTO pl_picks VALUES('dwaldo', 'MIN', 'CHI', 2004, 3, 'CHI', 0);
INSERT INTO pl_picks VALUES('jeff', 'MIN', 'CHI', 2004, 3, 'MIN', 0);
INSERT INTO pl_picks VALUES('dnims', 'MIN', 'CHI', 2004, 3, 'MIN', 0);
INSERT INTO pl_picks VALUES('akubaryk', 'MIN', 'CHI', 2004, 3, 'CHI', 0);
INSERT INTO pl_games VALUES('NYG', 'CLE', 2004, 3, '2004-09-26 17:00:00', 27, 10, -2.5);
INSERT INTO pl_picks VALUES('dschexnayder', 'NYG', 'CLE', 2004, 3, 'NYG', 0);
INSERT INTO pl_picks VALUES('jpnance', 'NYG', 'CLE', 2004, 3, 'CLE', 0);
INSERT INTO pl_picks VALUES('ksomandar', 'NYG', 'CLE', 2004, 3, 'NYG', 0);
INSERT INTO pl_picks VALUES('dcurry', 'NYG', 'CLE', 2004, 3, 'NYG', 0);
INSERT INTO pl_picks VALUES('isanmiguel', 'NYG', 'CLE', 2004, 3, 'NYG', 0);
INSERT INTO pl_picks VALUES('lzimmermann', 'NYG', 'CLE', 2004, 3, 'NYG', 0);
INSERT INTO pl_picks VALUES('dwaldo', 'NYG', 'CLE', 2004, 3, 'NYG', 0);
INSERT INTO pl_picks VALUES('jeff', 'NYG', 'CLE', 2004, 3, 'CLE', 0);
INSERT INTO pl_picks VALUES('dnims', 'NYG', 'CLE', 2004, 3, 'CLE', 0);
INSERT INTO pl_picks VALUES('akubaryk', 'NYG', 'CLE', 2004, 3, 'CLE', 0);
INSERT INTO pl_games VALUES('ATL', 'ARI', 2004, 3, '2004-09-26 17:00:00', 6, 3, -9.5);
INSERT INTO pl_picks VALUES('dschexnayder', 'ATL', 'ARI', 2004, 3, 'ATL', 0);
INSERT INTO pl_picks VALUES('jpnance', 'ATL', 'ARI', 2004, 3, 'ATL', 0);
INSERT INTO pl_picks VALUES('ksomandar', 'ATL', 'ARI', 2004, 3, 'ATL', 0);
INSERT INTO pl_picks VALUES('dcurry', 'ATL', 'ARI', 2004, 3, 'ATL', 0);
INSERT INTO pl_picks VALUES('isanmiguel', 'ATL', 'ARI', 2004, 3, 'ATL', 0);
INSERT INTO pl_picks VALUES('lzimmermann', 'ATL', 'ARI', 2004, 3, 'ATL', 0);
INSERT INTO pl_picks VALUES('dwaldo', 'ATL', 'ARI', 2004, 3, 'ATL', 0);
INSERT INTO pl_picks VALUES('jeff', 'ATL', 'ARI', 2004, 3, 'ARI', 0);
INSERT INTO pl_picks VALUES('dnims', 'ATL', 'ARI', 2004, 3, 'ATL', 0);
INSERT INTO pl_picks VALUES('akubaryk', 'ATL', 'ARI', 2004, 3, 'ATL', 0);
INSERT INTO pl_games VALUES('CIN', 'BAL', 2004, 3, '2004-09-26 17:00:00', 9, 23, 2.5);
INSERT INTO pl_picks VALUES('dschexnayder', 'CIN', 'BAL', 2004, 3, 'CIN', 0);
INSERT INTO pl_picks VALUES('jpnance', 'CIN', 'BAL', 2004, 3, 'BAL', 0);
INSERT INTO pl_picks VALUES('ksomandar', 'CIN', 'BAL', 2004, 3, 'BAL', 0);
INSERT INTO pl_picks VALUES('dcurry', 'CIN', 'BAL', 2004, 3, 'BAL', 0);
INSERT INTO pl_picks VALUES('isanmiguel', 'CIN', 'BAL', 2004, 3, 'BAL', 0);
INSERT INTO pl_picks VALUES('lzimmermann', 'CIN', 'BAL', 2004, 3, 'BAL', 0);
INSERT INTO pl_picks VALUES('dwaldo', 'CIN', 'BAL', 2004, 3, 'BAL', 0);
INSERT INTO pl_picks VALUES('jeff', 'CIN', 'BAL', 2004, 3, 'BAL', 0);
INSERT INTO pl_picks VALUES('dnims', 'CIN', 'BAL', 2004, 3, 'BAL', 0);
INSERT INTO pl_picks VALUES('akubaryk', 'CIN', 'BAL', 2004, 3, 'BAL', 0);
INSERT INTO pl_games VALUES('DET', 'PHI', 2004, 3, '2004-09-26 17:00:00', 13, 30, 4.5);
INSERT INTO pl_picks VALUES('dschexnayder', 'DET', 'PHI', 2004, 3, 'PHI', 0);
INSERT INTO pl_picks VALUES('jpnance', 'DET', 'PHI', 2004, 3, 'PHI', 0);
INSERT INTO pl_picks VALUES('ksomandar', 'DET', 'PHI', 2004, 3, 'PHI', 0);
INSERT INTO pl_picks VALUES('dcurry', 'DET', 'PHI', 2004, 3, 'PHI', 0);
INSERT INTO pl_picks VALUES('isanmiguel', 'DET', 'PHI', 2004, 3, 'PHI', 0);
INSERT INTO pl_picks VALUES('lzimmermann', 'DET', 'PHI', 2004, 3, 'PHI', 0);
INSERT INTO pl_picks VALUES('dwaldo', 'DET', 'PHI', 2004, 3, 'DET', 0);
INSERT INTO pl_picks VALUES('jeff', 'DET', 'PHI', 2004, 3, 'PHI', 0);
INSERT INTO pl_picks VALUES('dnims', 'DET', 'PHI', 2004, 3, 'PHI', 0);
INSERT INTO pl_picks VALUES('akubaryk', 'DET', 'PHI', 2004, 3, 'PHI', 0);
INSERT INTO pl_games VALUES('TEN', 'JAX', 2004, 3, '2004-09-26 17:00:00', 12, 15, -5.5);
INSERT INTO pl_picks VALUES('dschexnayder', 'TEN', 'JAX', 2004, 3, 'JAX', 0);
INSERT INTO pl_picks VALUES('jpnance', 'TEN', 'JAX', 2004, 3, 'TEN', 0);
INSERT INTO pl_picks VALUES('ksomandar', 'TEN', 'JAX', 2004, 3, 'TEN', 0);
INSERT INTO pl_picks VALUES('dcurry', 'TEN', 'JAX', 2004, 3, 'TEN', 0);
INSERT INTO pl_picks VALUES('isanmiguel', 'TEN', 'JAX', 2004, 3, 'TEN', 0);
INSERT INTO pl_picks VALUES('lzimmermann', 'TEN', 'JAX', 2004, 3, 'TEN', 0);
INSERT INTO pl_picks VALUES('dwaldo', 'TEN', 'JAX', 2004, 3, 'TEN', 0);
INSERT INTO pl_picks VALUES('jeff', 'TEN', 'JAX', 2004, 3, 'JAX', 0);
INSERT INTO pl_picks VALUES('dnims', 'TEN', 'JAX', 2004, 3, 'JAX', 0);
INSERT INTO pl_picks VALUES('akubaryk', 'TEN', 'JAX', 2004, 3, 'TEN', 0);
INSERT INTO pl_games VALUES('KC', 'HOU', 2004, 3, '2004-09-26 17:00:00', 21, 24, -7.5);
INSERT INTO pl_picks VALUES('dschexnayder', 'KC', 'HOU', 2004, 3, 'HOU', 0);
INSERT INTO pl_picks VALUES('jpnance', 'KC', 'HOU', 2004, 3, 'KC', 0);
INSERT INTO pl_picks VALUES('ksomandar', 'KC', 'HOU', 2004, 3, 'KC', 0);
INSERT INTO pl_picks VALUES('dcurry', 'KC', 'HOU', 2004, 3, 'KC', 0);
INSERT INTO pl_picks VALUES('isanmiguel', 'KC', 'HOU', 2004, 3, 'KC', 0);
INSERT INTO pl_picks VALUES('lzimmermann', 'KC', 'HOU', 2004, 3, 'KC', 0);
INSERT INTO pl_picks VALUES('dwaldo', 'KC', 'HOU', 2004, 3, 'KC', 0);
INSERT INTO pl_picks VALUES('jeff', 'KC', 'HOU', 2004, 3, 'HOU', 0);
INSERT INTO pl_picks VALUES('dnims', 'KC', 'HOU', 2004, 3, 'KC', 0);
INSERT INTO pl_picks VALUES('akubaryk', 'KC', 'HOU', 2004, 3, 'KC', 0);
INSERT INTO pl_games VALUES('DEN', 'SD', 2004, 3, '2004-09-26 20:05:00', 23, 13, -9.5);
INSERT INTO pl_picks VALUES('dschexnayder', 'DEN', 'SD', 2004, 3, 'SD', 0);
INSERT INTO pl_picks VALUES('jpnance', 'DEN', 'SD', 2004, 3, 'SD', 0);
INSERT INTO pl_picks VALUES('ksomandar', 'DEN', 'SD', 2004, 3, 'SD', 0);
INSERT INTO pl_picks VALUES('dcurry', 'DEN', 'SD', 2004, 3, 'DEN', 0);
INSERT INTO pl_picks VALUES('isanmiguel', 'DEN', 'SD', 2004, 3, 'SD', 0);
INSERT INTO pl_picks VALUES('lzimmermann', 'DEN', 'SD', 2004, 3, 'DEN', 0);
INSERT INTO pl_picks VALUES('dwaldo', 'DEN', 'SD', 2004, 3, 'DEN', 0);
INSERT INTO pl_picks VALUES('jeff', 'DEN', 'SD', 2004, 3, 'SD', 0);
INSERT INTO pl_picks VALUES('dnims', 'DEN', 'SD', 2004, 3, 'SD', 0);
INSERT INTO pl_picks VALUES('akubaryk', 'DEN', 'SD', 2004, 3, 'SD', 0);
INSERT INTO pl_games VALUES('IND', 'GB', 2004, 3, '2004-09-26 20:15:00', 45, 31, -5.5);
INSERT INTO pl_picks VALUES('dschexnayder', 'IND', 'GB', 2004, 3, 'IND', 0);
INSERT INTO pl_picks VALUES('jpnance', 'IND', 'GB', 2004, 3, 'GB', 0);
INSERT INTO pl_picks VALUES('ksomandar', 'IND', 'GB', 2004, 3, 'IND', 0);
INSERT INTO pl_picks VALUES('dcurry', 'IND', 'GB', 2004, 3, 'IND', 0);
INSERT INTO pl_picks VALUES('isanmiguel', 'IND', 'GB', 2004, 3, 'IND', 0);
INSERT INTO pl_picks VALUES('lzimmermann', 'IND', 'GB', 2004, 3, 'IND', 0);
INSERT INTO pl_picks VALUES('dwaldo', 'IND', 'GB', 2004, 3, 'GB', 0);
INSERT INTO pl_picks VALUES('jeff', 'IND', 'GB', 2004, 3, 'IND', 0);
INSERT INTO pl_picks VALUES('dnims', 'IND', 'GB', 2004, 3, 'IND', 0);
INSERT INTO pl_picks VALUES('akubaryk', 'IND', 'GB', 2004, 3, 'GB', 0);
INSERT INTO pl_games VALUES('SEA', 'SF', 2004, 3, '2004-09-26 20:15:00', 34, 0, -9.5);
INSERT INTO pl_picks VALUES('dschexnayder', 'SEA', 'SF', 2004, 3, 'SF', 0);
INSERT INTO pl_picks VALUES('jpnance', 'SEA', 'SF', 2004, 3, 'SEA', 0);
INSERT INTO pl_picks VALUES('ksomandar', 'SEA', 'SF', 2004, 3, 'SF', 0);
INSERT INTO pl_picks VALUES('dcurry', 'SEA', 'SF', 2004, 3, 'SEA', 0);
INSERT INTO pl_picks VALUES('isanmiguel', 'SEA', 'SF', 2004, 3, 'SEA', 0);
INSERT INTO pl_picks VALUES('lzimmermann', 'SEA', 'SF', 2004, 3, 'SEA', 0);
INSERT INTO pl_picks VALUES('dwaldo', 'SEA', 'SF', 2004, 3, 'SF', 0);
INSERT INTO pl_picks VALUES('jeff', 'SEA', 'SF', 2004, 3, 'SEA', 0);
INSERT INTO pl_picks VALUES('dnims', 'SEA', 'SF', 2004, 3, 'SEA', 0);
INSERT INTO pl_picks VALUES('akubaryk', 'SEA', 'SF', 2004, 3, 'SF', 0);
INSERT INTO pl_games VALUES('OAK', 'TB', 2004, 3, '2004-09-27 00:30:00', 30, 20, -3.5);
INSERT INTO pl_picks VALUES('dschexnayder', 'OAK', 'TB', 2004, 3, 'TB', 0);
INSERT INTO pl_picks VALUES('jpnance', 'OAK', 'TB', 2004, 3, 'OAK', 0);
INSERT INTO pl_picks VALUES('ksomandar', 'OAK', 'TB', 2004, 3, 'OAK', 0);
INSERT INTO pl_picks VALUES('dcurry', 'OAK', 'TB', 2004, 3, 'OAK', 0);
INSERT INTO pl_picks VALUES('isanmiguel', 'OAK', 'TB', 2004, 3, 'OAK', 0);
INSERT INTO pl_picks VALUES('lzimmermann', 'OAK', 'TB', 2004, 3, 'OAK', 0);
INSERT INTO pl_picks VALUES('dwaldo', 'OAK', 'TB', 2004, 3, 'OAK', 0);
INSERT INTO pl_picks VALUES('jeff', 'OAK', 'TB', 2004, 3, 'OAK', 0);
INSERT INTO pl_picks VALUES('dnims', 'OAK', 'TB', 2004, 3, 'OAK', 0);
INSERT INTO pl_picks VALUES('akubaryk', 'OAK', 'TB', 2004, 3, 'OAK', 0);
INSERT INTO pl_games VALUES('WAS', 'DAL', 2004, 3, '2004-09-28 01:00:00', 18, 21, -1.5);
INSERT INTO pl_picks VALUES('dschexnayder', 'WAS', 'DAL', 2004, 3, 'WAS', 0);
INSERT INTO pl_picks VALUES('jpnance', 'WAS', 'DAL', 2004, 3, 'DAL', 0);
INSERT INTO pl_picks VALUES('dcurry', 'WAS', 'DAL', 2004, 3, 'DAL', 0);
INSERT INTO pl_picks VALUES('isanmiguel', 'WAS', 'DAL', 2004, 3, 'WAS', 0);
INSERT INTO pl_picks VALUES('lzimmermann', 'WAS', 'DAL', 2004, 3, 'WAS', 0);
INSERT INTO pl_picks VALUES('dwaldo', 'WAS', 'DAL', 2004, 3, 'WAS', 0);
INSERT INTO pl_picks VALUES('jeff', 'WAS', 'DAL', 2004, 3, 'DAL', 0);
INSERT INTO pl_picks VALUES('dnims', 'WAS', 'DAL', 2004, 3, 'WAS', 0);
INSERT INTO pl_picks VALUES('akubaryk', 'WAS', 'DAL', 2004, 3, 'WAS', 0);
INSERT INTO pl_games VALUES('PIT', 'CIN', 2004, 4, '2004-10-03 17:00:00', 28, 17, -4.5);
INSERT INTO pl_picks VALUES('dschexnayder', 'PIT', 'CIN', 2004, 4, 'CIN', 0);
INSERT INTO pl_picks VALUES('jpnance', 'PIT', 'CIN', 2004, 4, 'CIN', 0);
INSERT INTO pl_picks VALUES('ksomandar', 'PIT', 'CIN', 2004, 4, 'PIT', 0);
INSERT INTO pl_picks VALUES('dcurry', 'PIT', 'CIN', 2004, 4, 'PIT', 0);
INSERT INTO pl_picks VALUES('isanmiguel', 'PIT', 'CIN', 2004, 4, 'PIT', 0);
INSERT INTO pl_picks VALUES('lzimmermann', 'PIT', 'CIN', 2004, 4, 'PIT', 0);
INSERT INTO pl_picks VALUES('dwaldo', 'PIT', 'CIN', 2004, 4, 'PIT', 0);
INSERT INTO pl_picks VALUES('jeff', 'PIT', 'CIN', 2004, 4, 'PIT', 0);
INSERT INTO pl_picks VALUES('akubaryk', 'PIT', 'CIN', 2004, 4, 'PIT', 0);
INSERT INTO pl_games VALUES('JAX', 'IND', 2004, 4, '2004-10-03 17:00:00', 17, 24, 3.5);
INSERT INTO pl_picks VALUES('dschexnayder', 'JAX', 'IND', 2004, 4, 'IND', 0);
INSERT INTO pl_picks VALUES('jpnance', 'JAX', 'IND', 2004, 4, 'IND', 0);
INSERT INTO pl_picks VALUES('ksomandar', 'JAX', 'IND', 2004, 4, 'IND', 0);
INSERT INTO pl_picks VALUES('dcurry', 'JAX', 'IND', 2004, 4, 'IND', 0);
INSERT INTO pl_picks VALUES('isanmiguel', 'JAX', 'IND', 2004, 4, 'IND', 0);
INSERT INTO pl_picks VALUES('lzimmermann', 'JAX', 'IND', 2004, 4, 'IND', 0);
INSERT INTO pl_picks VALUES('dwaldo', 'JAX', 'IND', 2004, 4, 'IND', 0);
INSERT INTO pl_picks VALUES('jeff', 'JAX', 'IND', 2004, 4, 'IND', 0);
INSERT INTO pl_picks VALUES('akubaryk', 'JAX', 'IND', 2004, 4, 'IND', 0);
INSERT INTO pl_games VALUES('HOU', 'OAK', 2004, 4, '2004-10-03 17:00:00', 30, 17, 2.5);
INSERT INTO pl_picks VALUES('dschexnayder', 'HOU', 'OAK', 2004, 4, 'HOU', 0);
INSERT INTO pl_picks VALUES('jpnance', 'HOU', 'OAK', 2004, 4, 'OAK', 0);
INSERT INTO pl_picks VALUES('ksomandar', 'HOU', 'OAK', 2004, 4, 'OAK', 0);
INSERT INTO pl_picks VALUES('dcurry', 'HOU', 'OAK', 2004, 4, 'OAK', 0);
INSERT INTO pl_picks VALUES('isanmiguel', 'HOU', 'OAK', 2004, 4, 'HOU', 0);
INSERT INTO pl_picks VALUES('lzimmermann', 'HOU', 'OAK', 2004, 4, 'HOU', 0);
INSERT INTO pl_picks VALUES('dwaldo', 'HOU', 'OAK', 2004, 4, 'HOU', 0);
INSERT INTO pl_picks VALUES('jeff', 'HOU', 'OAK', 2004, 4, 'HOU', 0);
INSERT INTO pl_picks VALUES('akubaryk', 'HOU', 'OAK', 2004, 4, 'OAK', 0);
INSERT INTO pl_games VALUES('BUF', 'NE', 2004, 4, '2004-10-03 17:00:00', 17, 31, 5.5);
INSERT INTO pl_picks VALUES('dschexnayder', 'BUF', 'NE', 2004, 4, 'BUF', 0);
INSERT INTO pl_picks VALUES('jpnance', 'BUF', 'NE', 2004, 4, 'BUF', 0);
INSERT INTO pl_picks VALUES('ksomandar', 'BUF', 'NE', 2004, 4, 'NE', 0);
INSERT INTO pl_picks VALUES('dcurry', 'BUF', 'NE', 2004, 4, 'NE', 0);
INSERT INTO pl_picks VALUES('isanmiguel', 'BUF', 'NE', 2004, 4, 'NE', 0);
INSERT INTO pl_picks VALUES('lzimmermann', 'BUF', 'NE', 2004, 4, 'NE', 0);
INSERT INTO pl_picks VALUES('dwaldo', 'BUF', 'NE', 2004, 4, 'NE', 0);
INSERT INTO pl_picks VALUES('jeff', 'BUF', 'NE', 2004, 4, 'NE', 0);
INSERT INTO pl_picks VALUES('akubaryk', 'BUF', 'NE', 2004, 4, 'NE', 0);
INSERT INTO pl_games VALUES('CHI', 'PHI', 2004, 4, '2004-10-03 17:00:00', 9, 19, 9.5);
INSERT INTO pl_picks VALUES('dschexnayder', 'CHI', 'PHI', 2004, 4, 'PHI', 0);
INSERT INTO pl_picks VALUES('jpnance', 'CHI', 'PHI', 2004, 4, 'CHI', 0);
INSERT INTO pl_picks VALUES('ksomandar', 'CHI', 'PHI', 2004, 4, 'PHI', 0);
INSERT INTO pl_picks VALUES('dcurry', 'CHI', 'PHI', 2004, 4, 'PHI', 0);
INSERT INTO pl_picks VALUES('isanmiguel', 'CHI', 'PHI', 2004, 4, 'PHI', 0);
INSERT INTO pl_picks VALUES('lzimmermann', 'CHI', 'PHI', 2004, 4, 'PHI', 0);
INSERT INTO pl_picks VALUES('dwaldo', 'CHI', 'PHI', 2004, 4, 'PHI', 0);
INSERT INTO pl_picks VALUES('jeff', 'CHI', 'PHI', 2004, 4, 'CHI', 0);
INSERT INTO pl_picks VALUES('akubaryk', 'CHI', 'PHI', 2004, 4, 'CHI', 0);
INSERT INTO pl_games VALUES('CLE', 'WAS', 2004, 4, '2004-10-03 17:00:00', 17, 13, 2.5);
INSERT INTO pl_picks VALUES('dschexnayder', 'CLE', 'WAS', 2004, 4, 'WAS', 0);
INSERT INTO pl_picks VALUES('jpnance', 'CLE', 'WAS', 2004, 4, 'WAS', 0);
INSERT INTO pl_picks VALUES('ksomandar', 'CLE', 'WAS', 2004, 4, 'WAS', 0);
INSERT INTO pl_picks VALUES('dcurry', 'CLE', 'WAS', 2004, 4, 'WAS', 0);
INSERT INTO pl_picks VALUES('isanmiguel', 'CLE', 'WAS', 2004, 4, 'WAS', 0);
INSERT INTO pl_picks VALUES('lzimmermann', 'CLE', 'WAS', 2004, 4, 'WAS', 0);
INSERT INTO pl_picks VALUES('dwaldo', 'CLE', 'WAS', 2004, 4, 'CLE', 0);
INSERT INTO pl_picks VALUES('jeff', 'CLE', 'WAS', 2004, 4, 'CLE', 0);
INSERT INTO pl_picks VALUES('akubaryk', 'CLE', 'WAS', 2004, 4, 'WAS', 0);
INSERT INTO pl_games VALUES('GB', 'NYG', 2004, 4, '2004-10-03 17:00:00', 7, 14, -6.5);
INSERT INTO pl_picks VALUES('dschexnayder', 'GB', 'NYG', 2004, 4, 'GB', 0);
INSERT INTO pl_picks VALUES('jpnance', 'GB', 'NYG', 2004, 4, 'GB', 0);
INSERT INTO pl_picks VALUES('ksomandar', 'GB', 'NYG', 2004, 4, 'NYG', 0);
INSERT INTO pl_picks VALUES('dcurry', 'GB', 'NYG', 2004, 4, 'GB', 0);
INSERT INTO pl_picks VALUES('isanmiguel', 'GB', 'NYG', 2004, 4, 'GB', 0);
INSERT INTO pl_picks VALUES('lzimmermann', 'GB', 'NYG', 2004, 4, 'GB', 0);
INSERT INTO pl_picks VALUES('dwaldo', 'GB', 'NYG', 2004, 4, 'GB', 0);
INSERT INTO pl_picks VALUES('jeff', 'GB', 'NYG', 2004, 4, 'GB', 0);
INSERT INTO pl_picks VALUES('akubaryk', 'GB', 'NYG', 2004, 4, 'NYG', 0);
INSERT INTO pl_games VALUES('CAR', 'ATL', 2004, 4, '2004-10-03 20:05:00', 10, 27, -3.5);
INSERT INTO pl_picks VALUES('dschexnayder', 'CAR', 'ATL', 2004, 4, 'CAR', 0);
INSERT INTO pl_picks VALUES('jpnance', 'CAR', 'ATL', 2004, 4, 'ATL', 0);
INSERT INTO pl_picks VALUES('ksomandar', 'CAR', 'ATL', 2004, 4, 'ATL', 0);
INSERT INTO pl_picks VALUES('dcurry', 'CAR', 'ATL', 2004, 4, 'ATL', 0);
INSERT INTO pl_picks VALUES('isanmiguel', 'CAR', 'ATL', 2004, 4, 'CAR', 0);
INSERT INTO pl_picks VALUES('lzimmermann', 'CAR', 'ATL', 2004, 4, 'CAR', 0);
INSERT INTO pl_picks VALUES('dwaldo', 'CAR', 'ATL', 2004, 4, 'ATL', 0);
INSERT INTO pl_picks VALUES('jeff', 'CAR', 'ATL', 2004, 4, 'ATL', 0);
INSERT INTO pl_picks VALUES('dnims', 'CAR', 'ATL', 2004, 4, 'ATL', 0);
INSERT INTO pl_picks VALUES('akubaryk', 'CAR', 'ATL', 2004, 4, 'ATL', 0);
INSERT INTO pl_games VALUES('ARI', 'NO', 2004, 4, '2004-10-03 20:05:00', 34, 10, 3.5);
INSERT INTO pl_picks VALUES('dschexnayder', 'ARI', 'NO', 2004, 4, 'ARI', 0);
INSERT INTO pl_picks VALUES('jpnance', 'ARI', 'NO', 2004, 4, 'NO', 0);
INSERT INTO pl_picks VALUES('ksomandar', 'ARI', 'NO', 2004, 4, 'NO', 0);
INSERT INTO pl_picks VALUES('dcurry', 'ARI', 'NO', 2004, 4, 'ARI', 0);
INSERT INTO pl_picks VALUES('isanmiguel', 'ARI', 'NO', 2004, 4, 'NO', 0);
INSERT INTO pl_picks VALUES('lzimmermann', 'ARI', 'NO', 2004, 4, 'ARI', 0);
INSERT INTO pl_picks VALUES('dwaldo', 'ARI', 'NO', 2004, 4, 'NO', 0);
INSERT INTO pl_picks VALUES('jeff', 'ARI', 'NO', 2004, 4, 'NO', 0);
INSERT INTO pl_picks VALUES('dnims', 'ARI', 'NO', 2004, 4, 'NO', 0);
INSERT INTO pl_picks VALUES('akubaryk', 'ARI', 'NO', 2004, 4, 'NO', 0);
INSERT INTO pl_games VALUES('MIA', 'NYJ', 2004, 4, '2004-10-03 20:15:00', 9, 17, 6.5);
INSERT INTO pl_picks VALUES('dschexnayder', 'MIA', 'NYJ', 2004, 4, 'MIA', 0);
INSERT INTO pl_picks VALUES('jpnance', 'MIA', 'NYJ', 2004, 4, 'MIA', 0);
INSERT INTO pl_picks VALUES('ksomandar', 'MIA', 'NYJ', 2004, 4, 'NYJ', 0);
INSERT INTO pl_picks VALUES('dcurry', 'MIA', 'NYJ', 2004, 4, 'NYJ', 0);
INSERT INTO pl_picks VALUES('isanmiguel', 'MIA', 'NYJ', 2004, 4, 'NYJ', 0);
INSERT INTO pl_picks VALUES('lzimmermann', 'MIA', 'NYJ', 2004, 4, 'NYJ', 0);
INSERT INTO pl_picks VALUES('dwaldo', 'MIA', 'NYJ', 2004, 4, 'MIA', 0);
INSERT INTO pl_picks VALUES('jeff', 'MIA', 'NYJ', 2004, 4, 'NYJ', 0);
INSERT INTO pl_picks VALUES('dnims', 'MIA', 'NYJ', 2004, 4, 'NYJ', 0);
INSERT INTO pl_picks VALUES('akubaryk', 'MIA', 'NYJ', 2004, 4, 'NYJ', 0);
INSERT INTO pl_games VALUES('SD', 'TEN', 2004, 4, '2004-10-03 20:15:00', 38, 17, 2.5);
INSERT INTO pl_picks VALUES('dschexnayder', 'SD', 'TEN', 2004, 4, 'TEN', 0);
INSERT INTO pl_picks VALUES('jpnance', 'SD', 'TEN', 2004, 4, 'TEN', 0);
INSERT INTO pl_picks VALUES('ksomandar', 'SD', 'TEN', 2004, 4, 'TEN', 0);
INSERT INTO pl_picks VALUES('dcurry', 'SD', 'TEN', 2004, 4, 'TEN', 0);
INSERT INTO pl_picks VALUES('isanmiguel', 'SD', 'TEN', 2004, 4, 'SD', 0);
INSERT INTO pl_picks VALUES('lzimmermann', 'SD', 'TEN', 2004, 4, 'TEN', 0);
INSERT INTO pl_picks VALUES('dwaldo', 'SD', 'TEN', 2004, 4, 'TEN', 0);
INSERT INTO pl_picks VALUES('jeff', 'SD', 'TEN', 2004, 4, 'SD', 0);
INSERT INTO pl_picks VALUES('dnims', 'SD', 'TEN', 2004, 4, 'TEN', 0);
INSERT INTO pl_picks VALUES('akubaryk', 'SD', 'TEN', 2004, 4, 'TEN', 0);
INSERT INTO pl_games VALUES('TB', 'DEN', 2004, 4, '2004-10-03 20:15:00', 13, 16, 2.5);
INSERT INTO pl_picks VALUES('dschexnayder', 'TB', 'DEN', 2004, 4, 'TB', 0);
INSERT INTO pl_picks VALUES('jpnance', 'TB', 'DEN', 2004, 4, 'DEN', 0);
INSERT INTO pl_picks VALUES('ksomandar', 'TB', 'DEN', 2004, 4, 'DEN', 0);
INSERT INTO pl_picks VALUES('dcurry', 'TB', 'DEN', 2004, 4, 'DEN', 0);
INSERT INTO pl_picks VALUES('isanmiguel', 'TB', 'DEN', 2004, 4, 'DEN', 0);
INSERT INTO pl_picks VALUES('lzimmermann', 'TB', 'DEN', 2004, 4, 'TB', 0);
INSERT INTO pl_picks VALUES('dwaldo', 'TB', 'DEN', 2004, 4, 'DEN', 0);
INSERT INTO pl_picks VALUES('jeff', 'TB', 'DEN', 2004, 4, 'DEN', 0);
INSERT INTO pl_picks VALUES('dnims', 'TB', 'DEN', 2004, 4, 'DEN', 0);
INSERT INTO pl_picks VALUES('akubaryk', 'TB', 'DEN', 2004, 4, 'DEN', 0);
INSERT INTO pl_games VALUES('SF', 'STL', 2004, 4, '2004-10-04 00:30:00', 14, 24, 3.5);
INSERT INTO pl_picks VALUES('dschexnayder', 'SF', 'STL', 2004, 4, 'SF', 0);
INSERT INTO pl_picks VALUES('jpnance', 'SF', 'STL', 2004, 4, 'STL', 0);
INSERT INTO pl_picks VALUES('ksomandar', 'SF', 'STL', 2004, 4, 'STL', 0);
INSERT INTO pl_picks VALUES('dcurry', 'SF', 'STL', 2004, 4, 'STL', 0);
INSERT INTO pl_picks VALUES('isanmiguel', 'SF', 'STL', 2004, 4, 'STL', 0);
INSERT INTO pl_picks VALUES('lzimmermann', 'SF', 'STL', 2004, 4, 'STL', 0);
INSERT INTO pl_picks VALUES('dwaldo', 'SF', 'STL', 2004, 4, 'SF', 0);
INSERT INTO pl_picks VALUES('jeff', 'SF', 'STL', 2004, 4, 'STL', 0);
INSERT INTO pl_picks VALUES('dnims', 'SF', 'STL', 2004, 4, 'STL', 0);
INSERT INTO pl_picks VALUES('akubaryk', 'SF', 'STL', 2004, 4, 'STL', 0);
INSERT INTO pl_games VALUES('BAL', 'KC', 2004, 4, '2004-10-05 01:00:00', 24, 27, -5.5);
INSERT INTO pl_picks VALUES('dschexnayder', 'BAL', 'KC', 2004, 4, 'BAL', 0);
INSERT INTO pl_picks VALUES('jpnance', 'BAL', 'KC', 2004, 4, 'BAL', 0);
INSERT INTO pl_picks VALUES('ksomandar', 'BAL', 'KC', 2004, 4, 'BAL', 0);
INSERT INTO pl_picks VALUES('dcurry', 'BAL', 'KC', 2004, 4, 'BAL', 0);
INSERT INTO pl_picks VALUES('isanmiguel', 'BAL', 'KC', 2004, 4, 'KC', 0);
INSERT INTO pl_picks VALUES('lzimmermann', 'BAL', 'KC', 2004, 4, 'KC', 0);
INSERT INTO pl_picks VALUES('dwaldo', 'BAL', 'KC', 2004, 4, 'KC', 0);
INSERT INTO pl_picks VALUES('jeff', 'BAL', 'KC', 2004, 4, 'BAL', 0);
INSERT INTO pl_picks VALUES('dnims', 'BAL', 'KC', 2004, 4, 'KC', 0);
INSERT INTO pl_picks VALUES('akubaryk', 'BAL', 'KC', 2004, 4, 'BAL', 0);
INSERT INTO pl_games VALUES('ATL', 'DET', 2004, 5, '2004-10-10 17:00:00', 10, 17, -6.5);
INSERT INTO pl_picks VALUES('dschexnayder', 'ATL', 'DET', 2004, 5, 'ATL', 0);
INSERT INTO pl_picks VALUES('jpnance', 'ATL', 'DET', 2004, 5, 'ATL', 0);
INSERT INTO pl_picks VALUES('ksomandar', 'ATL', 'DET', 2004, 5, 'ATL', 0);
INSERT INTO pl_picks VALUES('dcurry', 'ATL', 'DET', 2004, 5, 'ATL', 0);
INSERT INTO pl_picks VALUES('isanmiguel', 'ATL', 'DET', 2004, 5, 'DET', 0);
INSERT INTO pl_picks VALUES('lzimmermann', 'ATL', 'DET', 2004, 5, 'ATL', 0);
INSERT INTO pl_picks VALUES('dwaldo', 'ATL', 'DET', 2004, 5, 'ATL', 0);
INSERT INTO pl_picks VALUES('jeff', 'ATL', 'DET', 2004, 5, 'DET', 0);
INSERT INTO pl_picks VALUES('akubaryk', 'ATL', 'DET', 2004, 5, 'ATL', 0);
INSERT INTO pl_games VALUES('NE', 'MIA', 2004, 5, '2004-10-10 17:00:00', 24, 10, -12.5);
INSERT INTO pl_picks VALUES('dschexnayder', 'NE', 'MIA', 2004, 5, 'MIA', 0);
INSERT INTO pl_picks VALUES('jpnance', 'NE', 'MIA', 2004, 5, 'MIA', 0);
INSERT INTO pl_picks VALUES('ksomandar', 'NE', 'MIA', 2004, 5, 'NE', 0);
INSERT INTO pl_picks VALUES('dcurry', 'NE', 'MIA', 2004, 5, 'NE', 0);
INSERT INTO pl_picks VALUES('isanmiguel', 'NE', 'MIA', 2004, 5, 'NE', 0);
INSERT INTO pl_picks VALUES('lzimmermann', 'NE', 'MIA', 2004, 5, 'NE', 0);
INSERT INTO pl_picks VALUES('dwaldo', 'NE', 'MIA', 2004, 5, 'MIA', 0);
INSERT INTO pl_picks VALUES('jeff', 'NE', 'MIA', 2004, 5, 'MIA', 0);
INSERT INTO pl_picks VALUES('akubaryk', 'NE', 'MIA', 2004, 5, 'NE', 0);
INSERT INTO pl_games VALUES('NO', 'TB', 2004, 5, '2004-10-10 17:00:00', 17, 20, -2.5);
INSERT INTO pl_picks VALUES('dschexnayder', 'NO', 'TB', 2004, 5, 'NO', 0);
INSERT INTO pl_picks VALUES('jpnance', 'NO', 'TB', 2004, 5, 'TB', 0);
INSERT INTO pl_picks VALUES('ksomandar', 'NO', 'TB', 2004, 5, 'NO', 0);
INSERT INTO pl_picks VALUES('dcurry', 'NO', 'TB', 2004, 5, 'TB', 0);
INSERT INTO pl_picks VALUES('isanmiguel', 'NO', 'TB', 2004, 5, 'NO', 0);
INSERT INTO pl_picks VALUES('lzimmermann', 'NO', 'TB', 2004, 5, 'NO', 0);
INSERT INTO pl_picks VALUES('dwaldo', 'NO', 'TB', 2004, 5, 'TB', 0);
INSERT INTO pl_picks VALUES('jeff', 'NO', 'TB', 2004, 5, 'NO', 0);
INSERT INTO pl_picks VALUES('akubaryk', 'NO', 'TB', 2004, 5, 'TB', 0);
INSERT INTO pl_games VALUES('PIT', 'CLE', 2004, 5, '2004-10-10 17:00:00', 34, 23, -5.5);
INSERT INTO pl_picks VALUES('dschexnayder', 'PIT', 'CLE', 2004, 5, 'PIT', 0);
INSERT INTO pl_picks VALUES('jpnance', 'PIT', 'CLE', 2004, 5, 'PIT', 0);
INSERT INTO pl_picks VALUES('ksomandar', 'PIT', 'CLE', 2004, 5, 'PIT', 0);
INSERT INTO pl_picks VALUES('dcurry', 'PIT', 'CLE', 2004, 5, 'PIT', 0);
INSERT INTO pl_picks VALUES('isanmiguel', 'PIT', 'CLE', 2004, 5, 'PIT', 0);
INSERT INTO pl_picks VALUES('lzimmermann', 'PIT', 'CLE', 2004, 5, 'CLE', 0);
INSERT INTO pl_picks VALUES('dwaldo', 'PIT', 'CLE', 2004, 5, 'PIT', 0);
INSERT INTO pl_picks VALUES('jeff', 'PIT', 'CLE', 2004, 5, 'CLE', 0);
INSERT INTO pl_picks VALUES('akubaryk', 'PIT', 'CLE', 2004, 5, 'PIT', 0);
INSERT INTO pl_games VALUES('HOU', 'MIN', 2004, 5, '2004-10-10 17:00:00', 28, 34, 3.5);
INSERT INTO pl_picks VALUES('dschexnayder', 'HOU', 'MIN', 2004, 5, 'MIN', 0);
INSERT INTO pl_picks VALUES('jpnance', 'HOU', 'MIN', 2004, 5, 'MIN', 0);
INSERT INTO pl_picks VALUES('ksomandar', 'HOU', 'MIN', 2004, 5, 'MIN', 0);
INSERT INTO pl_picks VALUES('dcurry', 'HOU', 'MIN', 2004, 5, 'HOU', 0);
INSERT INTO pl_picks VALUES('isanmiguel', 'HOU', 'MIN', 2004, 5, 'MIN', 0);
INSERT INTO pl_picks VALUES('lzimmermann', 'HOU', 'MIN', 2004, 5, 'MIN', 0);
INSERT INTO pl_picks VALUES('dwaldo', 'HOU', 'MIN', 2004, 5, 'MIN', 0);
INSERT INTO pl_picks VALUES('jeff', 'HOU', 'MIN', 2004, 5, 'MIN', 0);
INSERT INTO pl_picks VALUES('akubaryk', 'HOU', 'MIN', 2004, 5, 'MIN', 0);
INSERT INTO pl_games VALUES('DAL', 'NYG', 2004, 5, '2004-10-10 17:00:00', 10, 26, -3.5);
INSERT INTO pl_picks VALUES('dschexnayder', 'DAL', 'NYG', 2004, 5, 'DAL', 0);
INSERT INTO pl_picks VALUES('jpnance', 'DAL', 'NYG', 2004, 5, 'DAL', 0);
INSERT INTO pl_picks VALUES('ksomandar', 'DAL', 'NYG', 2004, 5, 'NYG', 0);
INSERT INTO pl_picks VALUES('dcurry', 'DAL', 'NYG', 2004, 5, 'DAL', 0);
INSERT INTO pl_picks VALUES('isanmiguel', 'DAL', 'NYG', 2004, 5, 'NYG', 0);
INSERT INTO pl_picks VALUES('lzimmermann', 'DAL', 'NYG', 2004, 5, 'NYG', 0);
INSERT INTO pl_picks VALUES('dwaldo', 'DAL', 'NYG', 2004, 5, 'DAL', 0);
INSERT INTO pl_picks VALUES('jeff', 'DAL', 'NYG', 2004, 5, 'NYG', 0);
INSERT INTO pl_picks VALUES('akubaryk', 'DAL', 'NYG', 2004, 5, 'DAL', 0);
INSERT INTO pl_games VALUES('IND', 'OAK', 2004, 5, '2004-10-10 17:00:00', 35, 14, -9.5);
INSERT INTO pl_picks VALUES('dschexnayder', 'IND', 'OAK', 2004, 5, 'IND', 0);
INSERT INTO pl_picks VALUES('jpnance', 'IND', 'OAK', 2004, 5, 'IND', 0);
INSERT INTO pl_picks VALUES('ksomandar', 'IND', 'OAK', 2004, 5, 'IND', 0);
INSERT INTO pl_picks VALUES('dcurry', 'IND', 'OAK', 2004, 5, 'IND', 0);
INSERT INTO pl_picks VALUES('isanmiguel', 'IND', 'OAK', 2004, 5, 'IND', 0);
INSERT INTO pl_picks VALUES('lzimmermann', 'IND', 'OAK', 2004, 5, 'IND', 0);
INSERT INTO pl_picks VALUES('dwaldo', 'IND', 'OAK', 2004, 5, 'OAK', 0);
INSERT INTO pl_picks VALUES('jeff', 'IND', 'OAK', 2004, 5, 'OAK', 0);
INSERT INTO pl_picks VALUES('akubaryk', 'IND', 'OAK', 2004, 5, 'OAK', 0);
INSERT INTO pl_games VALUES('SD', 'JAX', 2004, 5, '2004-10-10 20:05:00', 34, 21, 2.5);
INSERT INTO pl_picks VALUES('dschexnayder', 'SD', 'JAX', 2004, 5, 'JAX', 0);
INSERT INTO pl_picks VALUES('jpnance', 'SD', 'JAX', 2004, 5, 'JAX', 0);
INSERT INTO pl_picks VALUES('ksomandar', 'SD', 'JAX', 2004, 5, 'JAX', 0);
INSERT INTO pl_picks VALUES('dcurry', 'SD', 'JAX', 2004, 5, 'SD', 0);
INSERT INTO pl_picks VALUES('isanmiguel', 'SD', 'JAX', 2004, 5, 'SD', 0);
INSERT INTO pl_picks VALUES('lzimmermann', 'SD', 'JAX', 2004, 5, 'JAX', 0);
INSERT INTO pl_picks VALUES('dwaldo', 'SD', 'JAX', 2004, 5, 'JAX', 0);
INSERT INTO pl_picks VALUES('jeff', 'SD', 'JAX', 2004, 5, 'JAX', 0);
INSERT INTO pl_picks VALUES('dnims', 'SD', 'JAX', 2004, 5, 'JAX', 0);
INSERT INTO pl_picks VALUES('akubaryk', 'SD', 'JAX', 2004, 5, 'JAX', 0);
INSERT INTO pl_games VALUES('NYJ', 'BUF', 2004, 5, '2004-10-10 20:05:00', 16, 14, -6.5);
INSERT INTO pl_picks VALUES('dschexnayder', 'NYJ', 'BUF', 2004, 5, 'NYJ', 0);
INSERT INTO pl_picks VALUES('jpnance', 'NYJ', 'BUF', 2004, 5, 'NYJ', 0);
INSERT INTO pl_picks VALUES('ksomandar', 'NYJ', 'BUF', 2004, 5, 'NYJ', 0);
INSERT INTO pl_picks VALUES('dcurry', 'NYJ', 'BUF', 2004, 5, 'NYJ', 0);
INSERT INTO pl_picks VALUES('isanmiguel', 'NYJ', 'BUF', 2004, 5, 'NYJ', 0);
INSERT INTO pl_picks VALUES('lzimmermann', 'NYJ', 'BUF', 2004, 5, 'NYJ', 0);
INSERT INTO pl_picks VALUES('dwaldo', 'NYJ', 'BUF', 2004, 5, 'NYJ', 0);
INSERT INTO pl_picks VALUES('jeff', 'NYJ', 'BUF', 2004, 5, 'BUF', 0);
INSERT INTO pl_picks VALUES('dnims', 'NYJ', 'BUF', 2004, 5, 'NYJ', 0);
INSERT INTO pl_picks VALUES('akubaryk', 'NYJ', 'BUF', 2004, 5, 'BUF', 0);
INSERT INTO pl_games VALUES('SF', 'ARI', 2004, 5, '2004-10-10 20:15:00', 31, 28, -0.5);
INSERT INTO pl_picks VALUES('dschexnayder', 'SF', 'ARI', 2004, 5, 'ARI', 0);
INSERT INTO pl_picks VALUES('jpnance', 'SF', 'ARI', 2004, 5, 'ARI', 0);
INSERT INTO pl_picks VALUES('ksomandar', 'SF', 'ARI', 2004, 5, 'ARI', 0);
INSERT INTO pl_picks VALUES('dcurry', 'SF', 'ARI', 2004, 5, 'ARI', 0);
INSERT INTO pl_picks VALUES('isanmiguel', 'SF', 'ARI', 2004, 5, 'SF', 0);
INSERT INTO pl_picks VALUES('lzimmermann', 'SF', 'ARI', 2004, 5, 'ARI', 0);
INSERT INTO pl_picks VALUES('dwaldo', 'SF', 'ARI', 2004, 5, 'SF', 0);
INSERT INTO pl_picks VALUES('jeff', 'SF', 'ARI', 2004, 5, 'ARI', 0);
INSERT INTO pl_picks VALUES('dnims', 'SF', 'ARI', 2004, 5, 'ARI', 0);
INSERT INTO pl_picks VALUES('akubaryk', 'SF', 'ARI', 2004, 5, 'ARI', 0);
INSERT INTO pl_games VALUES('SEA', 'STL', 2004, 5, '2004-10-10 20:15:00', 27, 33, -6.5);
INSERT INTO pl_picks VALUES('dschexnayder', 'SEA', 'STL', 2004, 5, 'STL', 0);
INSERT INTO pl_picks VALUES('jpnance', 'SEA', 'STL', 2004, 5, 'SEA', 0);
INSERT INTO pl_picks VALUES('ksomandar', 'SEA', 'STL', 2004, 5, 'SEA', 0);
INSERT INTO pl_picks VALUES('dcurry', 'SEA', 'STL', 2004, 5, 'SEA', 0);
INSERT INTO pl_picks VALUES('isanmiguel', 'SEA', 'STL', 2004, 5, 'SEA', 0);
INSERT INTO pl_picks VALUES('lzimmermann', 'SEA', 'STL', 2004, 5, 'SEA', 0);
INSERT INTO pl_picks VALUES('dwaldo', 'SEA', 'STL', 2004, 5, 'SEA', 0);
INSERT INTO pl_picks VALUES('jeff', 'SEA', 'STL', 2004, 5, 'SEA', 0);
INSERT INTO pl_picks VALUES('dnims', 'SEA', 'STL', 2004, 5, 'STL', 0);
INSERT INTO pl_picks VALUES('akubaryk', 'SEA', 'STL', 2004, 5, 'SEA', 0);
INSERT INTO pl_games VALUES('DEN', 'CAR', 2004, 5, '2004-10-10 20:15:00', 20, 17, -5.5);
INSERT INTO pl_picks VALUES('dschexnayder', 'DEN', 'CAR', 2004, 5, 'CAR', 0);
INSERT INTO pl_picks VALUES('jpnance', 'DEN', 'CAR', 2004, 5, 'CAR', 0);
INSERT INTO pl_picks VALUES('ksomandar', 'DEN', 'CAR', 2004, 5, 'DEN', 0);
INSERT INTO pl_picks VALUES('dcurry', 'DEN', 'CAR', 2004, 5, 'DEN', 0);
INSERT INTO pl_picks VALUES('isanmiguel', 'DEN', 'CAR', 2004, 5, 'CAR', 0);
INSERT INTO pl_picks VALUES('lzimmermann', 'DEN', 'CAR', 2004, 5, 'CAR', 0);
INSERT INTO pl_picks VALUES('dwaldo', 'DEN', 'CAR', 2004, 5, 'DEN', 0);
INSERT INTO pl_picks VALUES('jeff', 'DEN', 'CAR', 2004, 5, 'CAR', 0);
INSERT INTO pl_picks VALUES('dnims', 'DEN', 'CAR', 2004, 5, 'CAR', 0);
INSERT INTO pl_picks VALUES('akubaryk', 'DEN', 'CAR', 2004, 5, 'DEN', 0);
INSERT INTO pl_games VALUES('WAS', 'BAL', 2004, 5, '2004-10-11 00:30:00', 10, 17, -0.5);
INSERT INTO pl_picks VALUES('dschexnayder', 'WAS', 'BAL', 2004, 5, 'BAL', 0);
INSERT INTO pl_picks VALUES('jpnance', 'WAS', 'BAL', 2004, 5, 'BAL', 0);
INSERT INTO pl_picks VALUES('ksomandar', 'WAS', 'BAL', 2004, 5, 'BAL', 0);
INSERT INTO pl_picks VALUES('dcurry', 'WAS', 'BAL', 2004, 5, 'WAS', 0);
INSERT INTO pl_picks VALUES('isanmiguel', 'WAS', 'BAL', 2004, 5, 'WAS', 0);
INSERT INTO pl_picks VALUES('lzimmermann', 'WAS', 'BAL', 2004, 5, 'BAL', 0);
INSERT INTO pl_picks VALUES('dwaldo', 'WAS', 'BAL', 2004, 5, 'BAL', 0);
INSERT INTO pl_picks VALUES('jeff', 'WAS', 'BAL', 2004, 5, 'BAL', 0);
INSERT INTO pl_picks VALUES('dnims', 'WAS', 'BAL', 2004, 5, 'BAL', 0);
INSERT INTO pl_picks VALUES('akubaryk', 'WAS', 'BAL', 2004, 5, 'BAL', 0);
INSERT INTO pl_games VALUES('GB', 'TEN', 2004, 5, '2004-10-12 01:00:00', 27, 48, -2.5);
INSERT INTO pl_picks VALUES('dschexnayder', 'GB', 'TEN', 2004, 5, 'GB', 0);
INSERT INTO pl_picks VALUES('jpnance', 'GB', 'TEN', 2004, 5, 'GB', 0);
INSERT INTO pl_picks VALUES('ksomandar', 'GB', 'TEN', 2004, 5, 'GB', 0);
INSERT INTO pl_picks VALUES('dcurry', 'GB', 'TEN', 2004, 5, 'GB', 0);
INSERT INTO pl_picks VALUES('isanmiguel', 'GB', 'TEN', 2004, 5, 'GB', 0);
INSERT INTO pl_picks VALUES('lzimmermann', 'GB', 'TEN', 2004, 5, 'GB', 0);
INSERT INTO pl_picks VALUES('dwaldo', 'GB', 'TEN', 2004, 5, 'TEN', 0);
INSERT INTO pl_picks VALUES('jeff', 'GB', 'TEN', 2004, 5, 'TEN', 0);
INSERT INTO pl_picks VALUES('dnims', 'GB', 'TEN', 2004, 5, 'TEN', 0);
INSERT INTO pl_picks VALUES('akubaryk', 'GB', 'TEN', 2004, 5, 'TEN', 0);
INSERT INTO pl_games VALUES('NYJ', 'SF', 2004, 6, '2004-10-17 17:00:00', 22, 14, -9.5);
INSERT INTO pl_picks VALUES('dschexnayder', 'NYJ', 'SF', 2004, 6, 'NYJ', 0);
INSERT INTO pl_picks VALUES('jpnance', 'NYJ', 'SF', 2004, 6, 'NYJ', 0);
INSERT INTO pl_picks VALUES('ksomandar', 'NYJ', 'SF', 2004, 6, 'NYJ', 0);
INSERT INTO pl_picks VALUES('dcurry', 'NYJ', 'SF', 2004, 6, 'NYJ', 0);
INSERT INTO pl_picks VALUES('lzimmermann', 'NYJ', 'SF', 2004, 6, 'NYJ', 0);
INSERT INTO pl_picks VALUES('dwaldo', 'NYJ', 'SF', 2004, 6, 'NYJ', 0);
INSERT INTO pl_picks VALUES('jeff', 'NYJ', 'SF', 2004, 6, 'SF', 0);
INSERT INTO pl_picks VALUES('dnims', 'NYJ', 'SF', 2004, 6, 'NYJ', 0);
INSERT INTO pl_picks VALUES('akubaryk', 'NYJ', 'SF', 2004, 6, 'NYJ', 0);
INSERT INTO pl_games VALUES('PHI', 'CAR', 2004, 6, '2004-10-17 17:00:00', 30, 8, -9.5);
INSERT INTO pl_picks VALUES('dschexnayder', 'PHI', 'CAR', 2004, 6, 'CAR', 0);
INSERT INTO pl_picks VALUES('jpnance', 'PHI', 'CAR', 2004, 6, 'CAR', 0);
INSERT INTO pl_picks VALUES('ksomandar', 'PHI', 'CAR', 2004, 6, 'PHI', 0);
INSERT INTO pl_picks VALUES('dcurry', 'PHI', 'CAR', 2004, 6, 'PHI', 0);
INSERT INTO pl_picks VALUES('lzimmermann', 'PHI', 'CAR', 2004, 6, 'CAR', 0);
INSERT INTO pl_picks VALUES('dwaldo', 'PHI', 'CAR', 2004, 6, 'CAR', 0);
INSERT INTO pl_picks VALUES('jeff', 'PHI', 'CAR', 2004, 6, 'CAR', 0);
INSERT INTO pl_picks VALUES('dnims', 'PHI', 'CAR', 2004, 6, 'PHI', 0);
INSERT INTO pl_picks VALUES('akubaryk', 'PHI', 'CAR', 2004, 6, 'PHI', 0);
INSERT INTO pl_games VALUES('JAX', 'KC', 2004, 6, '2004-10-17 17:00:00', 22, 16, 2.5);
INSERT INTO pl_picks VALUES('dschexnayder', 'JAX', 'KC', 2004, 6, 'JAX', 0);
INSERT INTO pl_picks VALUES('jpnance', 'JAX', 'KC', 2004, 6, 'KC', 0);
INSERT INTO pl_picks VALUES('ksomandar', 'JAX', 'KC', 2004, 6, 'KC', 0);
INSERT INTO pl_picks VALUES('dcurry', 'JAX', 'KC', 2004, 6, 'JAX', 0);
INSERT INTO pl_picks VALUES('lzimmermann', 'JAX', 'KC', 2004, 6, 'KC', 0);
INSERT INTO pl_picks VALUES('dwaldo', 'JAX', 'KC', 2004, 6, 'KC', 0);
INSERT INTO pl_picks VALUES('jeff', 'JAX', 'KC', 2004, 6, 'JAX', 0);
INSERT INTO pl_picks VALUES('dnims', 'JAX', 'KC', 2004, 6, 'JAX', 0);
INSERT INTO pl_picks VALUES('akubaryk', 'JAX', 'KC', 2004, 6, 'KC', 0);
INSERT INTO pl_games VALUES('ATL', 'SD', 2004, 6, '2004-10-17 17:00:00', 21, 20, -5.5);
INSERT INTO pl_picks VALUES('dschexnayder', 'ATL', 'SD', 2004, 6, 'SD', 0);
INSERT INTO pl_picks VALUES('jpnance', 'ATL', 'SD', 2004, 6, 'ATL', 0);
INSERT INTO pl_picks VALUES('ksomandar', 'ATL', 'SD', 2004, 6, 'SD', 0);
INSERT INTO pl_picks VALUES('dcurry', 'ATL', 'SD', 2004, 6, 'ATL', 0);
INSERT INTO pl_picks VALUES('lzimmermann', 'ATL', 'SD', 2004, 6, 'ATL', 0);
INSERT INTO pl_picks VALUES('dwaldo', 'ATL', 'SD', 2004, 6, 'ATL', 0);
INSERT INTO pl_picks VALUES('jeff', 'ATL', 'SD', 2004, 6, 'SD', 0);
INSERT INTO pl_picks VALUES('dnims', 'ATL', 'SD', 2004, 6, 'SD', 0);
INSERT INTO pl_picks VALUES('akubaryk', 'ATL', 'SD', 2004, 6, 'SD', 0);
INSERT INTO pl_games VALUES('BUF', 'MIA', 2004, 6, '2004-10-17 17:00:00', 20, 13, -5.5);
INSERT INTO pl_picks VALUES('dschexnayder', 'BUF', 'MIA', 2004, 6, 'BUF', 0);
INSERT INTO pl_picks VALUES('jpnance', 'BUF', 'MIA', 2004, 6, 'MIA', 0);
INSERT INTO pl_picks VALUES('ksomandar', 'BUF', 'MIA', 2004, 6, 'MIA', 0);
INSERT INTO pl_picks VALUES('dcurry', 'BUF', 'MIA', 2004, 6, 'BUF', 0);
INSERT INTO pl_picks VALUES('lzimmermann', 'BUF', 'MIA', 2004, 6, 'BUF', 0);
INSERT INTO pl_picks VALUES('dwaldo', 'BUF', 'MIA', 2004, 6, 'BUF', 0);
INSERT INTO pl_picks VALUES('jeff', 'BUF', 'MIA', 2004, 6, 'MIA', 0);
INSERT INTO pl_picks VALUES('dnims', 'BUF', 'MIA', 2004, 6, 'MIA', 0);
INSERT INTO pl_picks VALUES('akubaryk', 'BUF', 'MIA', 2004, 6, 'BUF', 0);
INSERT INTO pl_games VALUES('CHI', 'WAS', 2004, 6, '2004-10-17 17:00:00', 10, 13, -0.5);
INSERT INTO pl_picks VALUES('dschexnayder', 'CHI', 'WAS', 2004, 6, 'WAS', 0);
INSERT INTO pl_picks VALUES('jpnance', 'CHI', 'WAS', 2004, 6, 'WAS', 0);
INSERT INTO pl_picks VALUES('ksomandar', 'CHI', 'WAS', 2004, 6, 'CHI', 0);
INSERT INTO pl_picks VALUES('dcurry', 'CHI', 'WAS', 2004, 6, 'WAS', 0);
INSERT INTO pl_picks VALUES('lzimmermann', 'CHI', 'WAS', 2004, 6, 'WAS', 0);
INSERT INTO pl_picks VALUES('dwaldo', 'CHI', 'WAS', 2004, 6, 'CHI', 0);
INSERT INTO pl_picks VALUES('jeff', 'CHI', 'WAS', 2004, 6, 'CHI', 0);
INSERT INTO pl_picks VALUES('dnims', 'CHI', 'WAS', 2004, 6, 'CHI', 0);
INSERT INTO pl_picks VALUES('akubaryk', 'CHI', 'WAS', 2004, 6, 'WAS', 0);
INSERT INTO pl_games VALUES('CLE', 'CIN', 2004, 6, '2004-10-17 17:00:00', 34, 17, -2.5);
INSERT INTO pl_picks VALUES('dschexnayder', 'CLE', 'CIN', 2004, 6, 'CIN', 0);
INSERT INTO pl_picks VALUES('jpnance', 'CLE', 'CIN', 2004, 6, 'CLE', 0);
INSERT INTO pl_picks VALUES('ksomandar', 'CLE', 'CIN', 2004, 6, 'CIN', 0);
INSERT INTO pl_picks VALUES('dcurry', 'CLE', 'CIN', 2004, 6, 'CIN', 0);
INSERT INTO pl_picks VALUES('lzimmermann', 'CLE', 'CIN', 2004, 6, 'CIN', 0);
INSERT INTO pl_picks VALUES('dwaldo', 'CLE', 'CIN', 2004, 6, 'CIN', 0);
INSERT INTO pl_picks VALUES('jeff', 'CLE', 'CIN', 2004, 6, 'CIN', 0);
INSERT INTO pl_picks VALUES('dnims', 'CLE', 'CIN', 2004, 6, 'CIN', 0);
INSERT INTO pl_picks VALUES('akubaryk', 'CLE', 'CIN', 2004, 6, 'CLE', 0);
INSERT INTO pl_games VALUES('NE', 'SEA', 2004, 6, '2004-10-17 17:00:00', 30, 20, -3.5);
INSERT INTO pl_picks VALUES('dschexnayder', 'NE', 'SEA', 2004, 6, 'NE', 0);
INSERT INTO pl_picks VALUES('jpnance', 'NE', 'SEA', 2004, 6, 'SEA', 0);
INSERT INTO pl_picks VALUES('ksomandar', 'NE', 'SEA', 2004, 6, 'SEA', 0);
INSERT INTO pl_picks VALUES('dcurry', 'NE', 'SEA', 2004, 6, 'NE', 0);
INSERT INTO pl_picks VALUES('lzimmermann', 'NE', 'SEA', 2004, 6, 'SEA', 0);
INSERT INTO pl_picks VALUES('dwaldo', 'NE', 'SEA', 2004, 6, 'SEA', 0);
INSERT INTO pl_picks VALUES('jeff', 'NE', 'SEA', 2004, 6, 'NE', 0);
INSERT INTO pl_picks VALUES('dnims', 'NE', 'SEA', 2004, 6, 'NE', 0);
INSERT INTO pl_picks VALUES('akubaryk', 'NE', 'SEA', 2004, 6, 'NE', 0);
INSERT INTO pl_games VALUES('DET', 'GB', 2004, 6, '2004-10-17 17:00:00', 10, 38, -2.5);
INSERT INTO pl_picks VALUES('dschexnayder', 'DET', 'GB', 2004, 6, 'GB', 0);
INSERT INTO pl_picks VALUES('jpnance', 'DET', 'GB', 2004, 6, 'GB', 0);
INSERT INTO pl_picks VALUES('ksomandar', 'DET', 'GB', 2004, 6, 'GB', 0);
INSERT INTO pl_picks VALUES('dcurry', 'DET', 'GB', 2004, 6, 'DET', 0);
INSERT INTO pl_picks VALUES('lzimmermann', 'DET', 'GB', 2004, 6, 'GB', 0);
INSERT INTO pl_picks VALUES('dwaldo', 'DET', 'GB', 2004, 6, 'GB', 0);
INSERT INTO pl_picks VALUES('jeff', 'DET', 'GB', 2004, 6, 'GB', 0);
INSERT INTO pl_picks VALUES('dnims', 'DET', 'GB', 2004, 6, 'DET', 0);
INSERT INTO pl_picks VALUES('akubaryk', 'DET', 'GB', 2004, 6, 'DET', 0);
INSERT INTO pl_games VALUES('TEN', 'HOU', 2004, 6, '2004-10-17 17:00:00', 10, 20, -6.5);
INSERT INTO pl_picks VALUES('dschexnayder', 'TEN', 'HOU', 2004, 6, 'HOU', 0);
INSERT INTO pl_picks VALUES('jpnance', 'TEN', 'HOU', 2004, 6, 'HOU', 0);
INSERT INTO pl_picks VALUES('ksomandar', 'TEN', 'HOU', 2004, 6, 'TEN', 0);
INSERT INTO pl_picks VALUES('dcurry', 'TEN', 'HOU', 2004, 6, 'TEN', 0);
INSERT INTO pl_picks VALUES('lzimmermann', 'TEN', 'HOU', 2004, 6, 'TEN', 0);
INSERT INTO pl_picks VALUES('dwaldo', 'TEN', 'HOU', 2004, 6, 'HOU', 0);
INSERT INTO pl_picks VALUES('jeff', 'TEN', 'HOU', 2004, 6, 'HOU', 0);
INSERT INTO pl_picks VALUES('dnims', 'TEN', 'HOU', 2004, 6, 'HOU', 0);
INSERT INTO pl_picks VALUES('akubaryk', 'TEN', 'HOU', 2004, 6, 'HOU', 0);
INSERT INTO pl_games VALUES('OAK', 'DEN', 2004, 6, '2004-10-17 20:15:00', 3, 31, 1.5);
INSERT INTO pl_picks VALUES('dschexnayder', 'OAK', 'DEN', 2004, 6, 'DEN', 0);
INSERT INTO pl_picks VALUES('jpnance', 'OAK', 'DEN', 2004, 6, 'DEN', 0);
INSERT INTO pl_picks VALUES('ksomandar', 'OAK', 'DEN', 2004, 6, 'DEN', 0);
INSERT INTO pl_picks VALUES('dcurry', 'OAK', 'DEN', 2004, 6, 'DEN', 0);
INSERT INTO pl_picks VALUES('lzimmermann', 'OAK', 'DEN', 2004, 6, 'DEN', 0);
INSERT INTO pl_picks VALUES('dwaldo', 'OAK', 'DEN', 2004, 6, 'DEN', 0);
INSERT INTO pl_picks VALUES('jeff', 'OAK', 'DEN', 2004, 6, 'DEN', 0);
INSERT INTO pl_picks VALUES('dnims', 'OAK', 'DEN', 2004, 6, 'DEN', 0);
INSERT INTO pl_picks VALUES('akubaryk', 'OAK', 'DEN', 2004, 6, 'DEN', 0);
INSERT INTO pl_games VALUES('DAL', 'PIT', 2004, 6, '2004-10-17 20:15:00', 20, 24, -2.5);
INSERT INTO pl_picks VALUES('dschexnayder', 'DAL', 'PIT', 2004, 6, 'DAL', 0);
INSERT INTO pl_picks VALUES('jpnance', 'DAL', 'PIT', 2004, 6, 'DAL', 0);
INSERT INTO pl_picks VALUES('ksomandar', 'DAL', 'PIT', 2004, 6, 'DAL', 0);
INSERT INTO pl_picks VALUES('dcurry', 'DAL', 'PIT', 2004, 6, 'PIT', 0);
INSERT INTO pl_picks VALUES('lzimmermann', 'DAL', 'PIT', 2004, 6, 'PIT', 0);
INSERT INTO pl_picks VALUES('dwaldo', 'DAL', 'PIT', 2004, 6, 'PIT', 0);
INSERT INTO pl_picks VALUES('jeff', 'DAL', 'PIT', 2004, 6, 'PIT', 0);
INSERT INTO pl_picks VALUES('dnims', 'DAL', 'PIT', 2004, 6, 'PIT', 0);
INSERT INTO pl_picks VALUES('akubaryk', 'DAL', 'PIT', 2004, 6, 'DAL', 0);
INSERT INTO pl_games VALUES('NO', 'MIN', 2004, 6, '2004-10-18 00:30:00', 31, 38, 3.5);
INSERT INTO pl_picks VALUES('dschexnayder', 'NO', 'MIN', 2004, 6, 'MIN', 0);
INSERT INTO pl_picks VALUES('jpnance', 'NO', 'MIN', 2004, 6, 'MIN', 0);
INSERT INTO pl_picks VALUES('ksomandar', 'NO', 'MIN', 2004, 6, 'MIN', 0);
INSERT INTO pl_picks VALUES('dcurry', 'NO', 'MIN', 2004, 6, 'MIN', 0);
INSERT INTO pl_picks VALUES('isanmiguel', 'NO', 'MIN', 2004, 6, 'MIN', 0);
INSERT INTO pl_picks VALUES('lzimmermann', 'NO', 'MIN', 2004, 6, 'MIN', 0);
INSERT INTO pl_picks VALUES('dwaldo', 'NO', 'MIN', 2004, 6, 'MIN', 0);
INSERT INTO pl_picks VALUES('jeff', 'NO', 'MIN', 2004, 6, 'MIN', 0);
INSERT INTO pl_picks VALUES('dnims', 'NO', 'MIN', 2004, 6, 'MIN', 0);
INSERT INTO pl_picks VALUES('akubaryk', 'NO', 'MIN', 2004, 6, 'MIN', 0);
INSERT INTO pl_games VALUES('STL', 'TB', 2004, 6, '2004-10-19 01:00:00', 28, 21, -6.5);
INSERT INTO pl_picks VALUES('dschexnayder', 'STL', 'TB', 2004, 6, 'STL', 0);
INSERT INTO pl_picks VALUES('jpnance', 'STL', 'TB', 2004, 6, 'TB', 0);
INSERT INTO pl_picks VALUES('ksomandar', 'STL', 'TB', 2004, 6, 'STL', 0);
INSERT INTO pl_picks VALUES('dcurry', 'STL', 'TB', 2004, 6, 'STL', 0);
INSERT INTO pl_picks VALUES('isanmiguel', 'STL', 'TB', 2004, 6, 'STL', 0);
INSERT INTO pl_picks VALUES('lzimmermann', 'STL', 'TB', 2004, 6, 'STL', 0);
INSERT INTO pl_picks VALUES('dwaldo', 'STL', 'TB', 2004, 6, 'STL', 0);
INSERT INTO pl_picks VALUES('jeff', 'STL', 'TB', 2004, 6, 'TB', 0);
INSERT INTO pl_picks VALUES('dnims', 'STL', 'TB', 2004, 6, 'STL', 0);
INSERT INTO pl_picks VALUES('akubaryk', 'STL', 'TB', 2004, 6, 'STL', 0);
INSERT INTO pl_games VALUES('MIA', 'STL', 2004, 7, '2004-10-24 17:00:00', 31, 14, 6.5);
INSERT INTO pl_picks VALUES('dschexnayder', 'MIA', 'STL', 2004, 7, 'STL', 0);
INSERT INTO pl_picks VALUES('jpnance', 'MIA', 'STL', 2004, 7, 'STL', 0);
INSERT INTO pl_picks VALUES('dcurry', 'MIA', 'STL', 2004, 7, 'STL', 0);
INSERT INTO pl_picks VALUES('lzimmermann', 'MIA', 'STL', 2004, 7, 'STL', 0);
INSERT INTO pl_picks VALUES('dwaldo', 'MIA', 'STL', 2004, 7, 'STL', 0);
INSERT INTO pl_picks VALUES('jeff', 'MIA', 'STL', 2004, 7, 'STL', 0);
INSERT INTO pl_picks VALUES('dnims', 'MIA', 'STL', 2004, 7, 'STL', 0);
INSERT INTO pl_picks VALUES('akubaryk', 'MIA', 'STL', 2004, 7, 'STL', 0);
INSERT INTO pl_games VALUES('MIN', 'TEN', 2004, 7, '2004-10-24 17:00:00', 20, 3, -6.5);
INSERT INTO pl_picks VALUES('dschexnayder', 'MIN', 'TEN', 2004, 7, 'MIN', 0);
INSERT INTO pl_picks VALUES('jpnance', 'MIN', 'TEN', 2004, 7, 'MIN', 0);
INSERT INTO pl_picks VALUES('dcurry', 'MIN', 'TEN', 2004, 7, 'MIN', 0);
INSERT INTO pl_picks VALUES('lzimmermann', 'MIN', 'TEN', 2004, 7, 'MIN', 0);
INSERT INTO pl_picks VALUES('dwaldo', 'MIN', 'TEN', 2004, 7, 'TEN', 0);
INSERT INTO pl_picks VALUES('jeff', 'MIN', 'TEN', 2004, 7, 'TEN', 0);
INSERT INTO pl_picks VALUES('dnims', 'MIN', 'TEN', 2004, 7, 'MIN', 0);
INSERT INTO pl_picks VALUES('akubaryk', 'MIN', 'TEN', 2004, 7, 'MIN', 0);
INSERT INTO pl_games VALUES('NYG', 'DET', 2004, 7, '2004-10-24 17:00:00', 13, 28, -6.5);
INSERT INTO pl_picks VALUES('dschexnayder', 'NYG', 'DET', 2004, 7, 'DET', 0);
INSERT INTO pl_picks VALUES('jpnance', 'NYG', 'DET', 2004, 7, 'DET', 0);
INSERT INTO pl_picks VALUES('dcurry', 'NYG', 'DET', 2004, 7, 'NYG', 0);
INSERT INTO pl_picks VALUES('lzimmermann', 'NYG', 'DET', 2004, 7, 'NYG', 0);
INSERT INTO pl_picks VALUES('dwaldo', 'NYG', 'DET', 2004, 7, 'NYG', 0);
INSERT INTO pl_picks VALUES('jeff', 'NYG', 'DET', 2004, 7, 'DET', 0);
INSERT INTO pl_picks VALUES('dnims', 'NYG', 'DET', 2004, 7, 'DET', 0);
INSERT INTO pl_picks VALUES('akubaryk', 'NYG', 'DET', 2004, 7, 'NYG', 0);
INSERT INTO pl_games VALUES('TB', 'CHI', 2004, 7, '2004-10-24 17:00:00', 19, 7, -6.5);
INSERT INTO pl_picks VALUES('dschexnayder', 'TB', 'CHI', 2004, 7, 'CHI', 0);
INSERT INTO pl_picks VALUES('jpnance', 'TB', 'CHI', 2004, 7, 'CHI', 0);
INSERT INTO pl_picks VALUES('dcurry', 'TB', 'CHI', 2004, 7, 'CHI', 0);
INSERT INTO pl_picks VALUES('lzimmermann', 'TB', 'CHI', 2004, 7, 'TB', 0);
INSERT INTO pl_picks VALUES('dwaldo', 'TB', 'CHI', 2004, 7, 'CHI', 0);
INSERT INTO pl_picks VALUES('jeff', 'TB', 'CHI', 2004, 7, 'CHI', 0);
INSERT INTO pl_picks VALUES('dnims', 'TB', 'CHI', 2004, 7, 'CHI', 0);
INSERT INTO pl_picks VALUES('akubaryk', 'TB', 'CHI', 2004, 7, 'CHI', 0);
INSERT INTO pl_games VALUES('CAR', 'SD', 2004, 7, '2004-10-24 17:00:00', 6, 17, -2.5);
INSERT INTO pl_picks VALUES('dschexnayder', 'CAR', 'SD', 2004, 7, 'SD', 0);
INSERT INTO pl_picks VALUES('jpnance', 'CAR', 'SD', 2004, 7, 'SD', 0);
INSERT INTO pl_picks VALUES('dcurry', 'CAR', 'SD', 2004, 7, 'SD', 0);
INSERT INTO pl_picks VALUES('lzimmermann', 'CAR', 'SD', 2004, 7, 'CAR', 0);
INSERT INTO pl_picks VALUES('dwaldo', 'CAR', 'SD', 2004, 7, 'SD', 0);
INSERT INTO pl_picks VALUES('jeff', 'CAR', 'SD', 2004, 7, 'SD', 0);
INSERT INTO pl_picks VALUES('dnims', 'CAR', 'SD', 2004, 7, 'SD', 0);
INSERT INTO pl_picks VALUES('akubaryk', 'CAR', 'SD', 2004, 7, 'SD', 0);
INSERT INTO pl_games VALUES('BAL', 'BUF', 2004, 7, '2004-10-24 17:00:00', 20, 6, -5.5);
INSERT INTO pl_picks VALUES('dschexnayder', 'BAL', 'BUF', 2004, 7, 'BUF', 0);
INSERT INTO pl_picks VALUES('jpnance', 'BAL', 'BUF', 2004, 7, 'BAL', 0);
INSERT INTO pl_picks VALUES('dcurry', 'BAL', 'BUF', 2004, 7, 'BAL', 0);
INSERT INTO pl_picks VALUES('lzimmermann', 'BAL', 'BUF', 2004, 7, 'BAL', 0);
INSERT INTO pl_picks VALUES('dwaldo', 'BAL', 'BUF', 2004, 7, 'BUF', 0);
INSERT INTO pl_picks VALUES('jeff', 'BAL', 'BUF', 2004, 7, 'BAL', 0);
INSERT INTO pl_picks VALUES('dnims', 'BAL', 'BUF', 2004, 7, 'BAL', 0);
INSERT INTO pl_picks VALUES('akubaryk', 'BAL', 'BUF', 2004, 7, 'BAL', 0);
INSERT INTO pl_games VALUES('CLE', 'PHI', 2004, 7, '2004-10-24 17:00:00', 31, 34, 6.5);
INSERT INTO pl_picks VALUES('dschexnayder', 'CLE', 'PHI', 2004, 7, 'PHI', 0);
INSERT INTO pl_picks VALUES('jpnance', 'CLE', 'PHI', 2004, 7, 'PHI', 0);
INSERT INTO pl_picks VALUES('dcurry', 'CLE', 'PHI', 2004, 7, 'PHI', 0);
INSERT INTO pl_picks VALUES('lzimmermann', 'CLE', 'PHI', 2004, 7, 'PHI', 0);
INSERT INTO pl_picks VALUES('dwaldo', 'CLE', 'PHI', 2004, 7, 'PHI', 0);
INSERT INTO pl_picks VALUES('jeff', 'CLE', 'PHI', 2004, 7, 'PHI', 0);
INSERT INTO pl_picks VALUES('dnims', 'CLE', 'PHI', 2004, 7, 'PHI', 0);
INSERT INTO pl_picks VALUES('akubaryk', 'CLE', 'PHI', 2004, 7, 'PHI', 0);
INSERT INTO pl_games VALUES('IND', 'JAX', 2004, 7, '2004-10-24 17:00:00', 24, 27, -9.5);
INSERT INTO pl_picks VALUES('dschexnayder', 'IND', 'JAX', 2004, 7, 'JAX', 0);
INSERT INTO pl_picks VALUES('jpnance', 'IND', 'JAX', 2004, 7, 'IND', 0);
INSERT INTO pl_picks VALUES('dcurry', 'IND', 'JAX', 2004, 7, 'IND', 0);
INSERT INTO pl_picks VALUES('lzimmermann', 'IND', 'JAX', 2004, 7, 'IND', 0);
INSERT INTO pl_picks VALUES('dwaldo', 'IND', 'JAX', 2004, 7, 'IND', 0);
INSERT INTO pl_picks VALUES('jeff', 'IND', 'JAX', 2004, 7, 'JAX', 0);
INSERT INTO pl_picks VALUES('dnims', 'IND', 'JAX', 2004, 7, 'IND', 0);
INSERT INTO pl_picks VALUES('akubaryk', 'IND', 'JAX', 2004, 7, 'JAX', 0);
INSERT INTO pl_games VALUES('KC', 'ATL', 2004, 7, '2004-10-24 17:00:00', 56, 10, -3.5);
INSERT INTO pl_picks VALUES('dschexnayder', 'KC', 'ATL', 2004, 7, 'ATL', 0);
INSERT INTO pl_picks VALUES('jpnance', 'KC', 'ATL', 2004, 7, 'ATL', 0);
INSERT INTO pl_picks VALUES('dcurry', 'KC', 'ATL', 2004, 7, 'ATL', 0);
INSERT INTO pl_picks VALUES('lzimmermann', 'KC', 'ATL', 2004, 7, 'KC', 0);
INSERT INTO pl_picks VALUES('dwaldo', 'KC', 'ATL', 2004, 7, 'ATL', 0);
INSERT INTO pl_picks VALUES('jeff', 'KC', 'ATL', 2004, 7, 'KC', 0);
INSERT INTO pl_picks VALUES('dnims', 'KC', 'ATL', 2004, 7, 'ATL', 0);
INSERT INTO pl_picks VALUES('akubaryk', 'KC', 'ATL', 2004, 7, 'KC', 0);
INSERT INTO pl_games VALUES('NE', 'NYJ', 2004, 7, '2004-10-24 20:05:00', 13, 7, -6.5);
INSERT INTO pl_picks VALUES('dschexnayder', 'NE', 'NYJ', 2004, 7, 'NYJ', 0);
INSERT INTO pl_picks VALUES('jpnance', 'NE', 'NYJ', 2004, 7, 'NYJ', 0);
INSERT INTO pl_picks VALUES('dcurry', 'NE', 'NYJ', 2004, 7, 'NE', 0);
INSERT INTO pl_picks VALUES('lzimmermann', 'NE', 'NYJ', 2004, 7, 'NE', 0);
INSERT INTO pl_picks VALUES('dwaldo', 'NE', 'NYJ', 2004, 7, 'NYJ', 0);
INSERT INTO pl_picks VALUES('jeff', 'NE', 'NYJ', 2004, 7, 'NYJ', 0);
INSERT INTO pl_picks VALUES('dnims', 'NE', 'NYJ', 2004, 7, 'NYJ', 0);
INSERT INTO pl_picks VALUES('akubaryk', 'NE', 'NYJ', 2004, 7, 'NE', 0);
INSERT INTO pl_games VALUES('ARI', 'SEA', 2004, 7, '2004-10-24 20:15:00', 25, 17, 6.5);
INSERT INTO pl_picks VALUES('dschexnayder', 'ARI', 'SEA', 2004, 7, 'SEA', 0);
INSERT INTO pl_picks VALUES('jpnance', 'ARI', 'SEA', 2004, 7, 'SEA', 0);
INSERT INTO pl_picks VALUES('dcurry', 'ARI', 'SEA', 2004, 7, 'SEA', 0);
INSERT INTO pl_picks VALUES('lzimmermann', 'ARI', 'SEA', 2004, 7, 'SEA', 0);
INSERT INTO pl_picks VALUES('dwaldo', 'ARI', 'SEA', 2004, 7, 'SEA', 0);
INSERT INTO pl_picks VALUES('jeff', 'ARI', 'SEA', 2004, 7, 'SEA', 0);
INSERT INTO pl_picks VALUES('dnims', 'ARI', 'SEA', 2004, 7, 'SEA', 0);
INSERT INTO pl_picks VALUES('akubaryk', 'ARI', 'SEA', 2004, 7, 'SEA', 0);
INSERT INTO pl_games VALUES('GB', 'DAL', 2004, 7, '2004-10-24 20:15:00', 41, 20, -3.5);
INSERT INTO pl_picks VALUES('dschexnayder', 'GB', 'DAL', 2004, 7, 'GB', 0);
INSERT INTO pl_picks VALUES('jpnance', 'GB', 'DAL', 2004, 7, 'DAL', 0);
INSERT INTO pl_picks VALUES('dcurry', 'GB', 'DAL', 2004, 7, 'GB', 0);
INSERT INTO pl_picks VALUES('lzimmermann', 'GB', 'DAL', 2004, 7, 'GB', 0);
INSERT INTO pl_picks VALUES('dwaldo', 'GB', 'DAL', 2004, 7, 'GB', 0);
INSERT INTO pl_picks VALUES('jeff', 'GB', 'DAL', 2004, 7, 'DAL', 0);
INSERT INTO pl_picks VALUES('dnims', 'GB', 'DAL', 2004, 7, 'GB', 0);
INSERT INTO pl_picks VALUES('akubaryk', 'GB', 'DAL', 2004, 7, 'GB', 0);
INSERT INTO pl_games VALUES('OAK', 'NO', 2004, 7, '2004-10-24 20:15:00', 26, 31, -2.5);
INSERT INTO pl_picks VALUES('dschexnayder', 'OAK', 'NO', 2004, 7, 'NO', 0);
INSERT INTO pl_picks VALUES('jpnance', 'OAK', 'NO', 2004, 7, 'OAK', 0);
INSERT INTO pl_picks VALUES('dcurry', 'OAK', 'NO', 2004, 7, 'OAK', 0);
INSERT INTO pl_picks VALUES('lzimmermann', 'OAK', 'NO', 2004, 7, 'OAK', 0);
INSERT INTO pl_picks VALUES('dwaldo', 'OAK', 'NO', 2004, 7, 'NO', 0);
INSERT INTO pl_picks VALUES('jeff', 'OAK', 'NO', 2004, 7, 'NO', 0);
INSERT INTO pl_picks VALUES('dnims', 'OAK', 'NO', 2004, 7, 'NO', 0);
INSERT INTO pl_picks VALUES('akubaryk', 'OAK', 'NO', 2004, 7, 'NO', 0);
INSERT INTO pl_games VALUES('CIN', 'DEN', 2004, 7, '2004-10-26 01:00:00', 23, 10, 6.5);
INSERT INTO pl_picks VALUES('dschexnayder', 'CIN', 'DEN', 2004, 7, 'DEN', 0);
INSERT INTO pl_picks VALUES('jpnance', 'CIN', 'DEN', 2004, 7, 'DEN', 0);
INSERT INTO pl_picks VALUES('ksomandar', 'CIN', 'DEN', 2004, 7, 'DEN', 0);
INSERT INTO pl_picks VALUES('dcurry', 'CIN', 'DEN', 2004, 7, 'DEN', 0);
INSERT INTO pl_picks VALUES('lzimmermann', 'CIN', 'DEN', 2004, 7, 'DEN', 0);
INSERT INTO pl_picks VALUES('dwaldo', 'CIN', 'DEN', 2004, 7, 'DEN', 0);
INSERT INTO pl_picks VALUES('jeff', 'CIN', 'DEN', 2004, 7, 'DEN', 0);
INSERT INTO pl_picks VALUES('dnims', 'CIN', 'DEN', 2004, 7, 'DEN', 0);
INSERT INTO pl_picks VALUES('akubaryk', 'CIN', 'DEN', 2004, 7, 'DEN', 0);
INSERT INTO pl_games VALUES('MIN', 'NYG', 2004, 8, '2004-10-31 18:00:00', 13, 34, -6.5);
INSERT INTO pl_picks VALUES('dschexnayder', 'MIN', 'NYG', 2004, 8, 'MIN', 0);
INSERT INTO pl_picks VALUES('jpnance', 'MIN', 'NYG', 2004, 8, 'MIN', 0);
INSERT INTO pl_picks VALUES('dcurry', 'MIN', 'NYG', 2004, 8, 'NYG', 0);
INSERT INTO pl_picks VALUES('dwaldo', 'MIN', 'NYG', 2004, 8, 'MIN', 0);
INSERT INTO pl_picks VALUES('jeff', 'MIN', 'NYG', 2004, 8, 'MIN', 0);
INSERT INTO pl_picks VALUES('dnims', 'MIN', 'NYG', 2004, 8, 'NYG', 0);
INSERT INTO pl_picks VALUES('akubaryk', 'MIN', 'NYG', 2004, 8, 'MIN', 0);
INSERT INTO pl_games VALUES('PHI', 'BAL', 2004, 8, '2004-10-31 18:00:00', 15, 10, -7.5);
INSERT INTO pl_picks VALUES('dschexnayder', 'PHI', 'BAL', 2004, 8, 'BAL', 0);
INSERT INTO pl_picks VALUES('jpnance', 'PHI', 'BAL', 2004, 8, 'BAL', 0);
INSERT INTO pl_picks VALUES('dcurry', 'PHI', 'BAL', 2004, 8, 'PHI', 0);
INSERT INTO pl_picks VALUES('dwaldo', 'PHI', 'BAL', 2004, 8, 'BAL', 0);
INSERT INTO pl_picks VALUES('jeff', 'PHI', 'BAL', 2004, 8, 'BAL', 0);
INSERT INTO pl_picks VALUES('dnims', 'PHI', 'BAL', 2004, 8, 'PHI', 0);
INSERT INTO pl_picks VALUES('akubaryk', 'PHI', 'BAL', 2004, 8, 'PHI', 0);
INSERT INTO pl_games VALUES('WAS', 'GB', 2004, 8, '2004-10-31 18:00:00', 14, 28, 1.5);
INSERT INTO pl_picks VALUES('dschexnayder', 'WAS', 'GB', 2004, 8, 'GB', 0);
INSERT INTO pl_picks VALUES('jpnance', 'WAS', 'GB', 2004, 8, 'GB', 0);
INSERT INTO pl_picks VALUES('dcurry', 'WAS', 'GB', 2004, 8, 'WAS', 0);
INSERT INTO pl_picks VALUES('dwaldo', 'WAS', 'GB', 2004, 8, 'GB', 0);
INSERT INTO pl_picks VALUES('jeff', 'WAS', 'GB', 2004, 8, 'GB', 0);
INSERT INTO pl_picks VALUES('dnims', 'WAS', 'GB', 2004, 8, 'WAS', 0);
INSERT INTO pl_picks VALUES('akubaryk', 'WAS', 'GB', 2004, 8, 'GB', 0);
INSERT INTO pl_games VALUES('HOU', 'JAX', 2004, 8, '2004-10-31 18:00:00', 20, 6, -0.5);
INSERT INTO pl_picks VALUES('dschexnayder', 'HOU', 'JAX', 2004, 8, 'JAX', 0);
INSERT INTO pl_picks VALUES('jpnance', 'HOU', 'JAX', 2004, 8, 'JAX', 0);
INSERT INTO pl_picks VALUES('dcurry', 'HOU', 'JAX', 2004, 8, 'JAX', 0);
INSERT INTO pl_picks VALUES('dwaldo', 'HOU', 'JAX', 2004, 8, 'HOU', 0);
INSERT INTO pl_picks VALUES('jeff', 'HOU', 'JAX', 2004, 8, 'HOU', 0);
INSERT INTO pl_picks VALUES('dnims', 'HOU', 'JAX', 2004, 8, 'JAX', 0);
INSERT INTO pl_picks VALUES('akubaryk', 'HOU', 'JAX', 2004, 8, 'JAX', 0);
INSERT INTO pl_games VALUES('BUF', 'ARI', 2004, 8, '2004-10-31 18:00:00', 38, 14, -3.5);
INSERT INTO pl_picks VALUES('dschexnayder', 'BUF', 'ARI', 2004, 8, 'BUF', 0);
INSERT INTO pl_picks VALUES('jpnance', 'BUF', 'ARI', 2004, 8, 'ARI', 0);
INSERT INTO pl_picks VALUES('dcurry', 'BUF', 'ARI', 2004, 8, 'BUF', 0);
INSERT INTO pl_picks VALUES('dwaldo', 'BUF', 'ARI', 2004, 8, 'BUF', 0);
INSERT INTO pl_picks VALUES('jeff', 'BUF', 'ARI', 2004, 8, 'BUF', 0);
INSERT INTO pl_picks VALUES('dnims', 'BUF', 'ARI', 2004, 8, 'ARI', 0);
INSERT INTO pl_picks VALUES('akubaryk', 'BUF', 'ARI', 2004, 8, 'BUF', 0);
INSERT INTO pl_games VALUES('DAL', 'DET', 2004, 8, '2004-10-31 18:00:00', 31, 21, -3.5);
INSERT INTO pl_picks VALUES('dschexnayder', 'DAL', 'DET', 2004, 8, 'DET', 0);
INSERT INTO pl_picks VALUES('jpnance', 'DAL', 'DET', 2004, 8, 'DET', 0);
INSERT INTO pl_picks VALUES('dcurry', 'DAL', 'DET', 2004, 8, 'DET', 0);
INSERT INTO pl_picks VALUES('dwaldo', 'DAL', 'DET', 2004, 8, 'DET', 0);
INSERT INTO pl_picks VALUES('jeff', 'DAL', 'DET', 2004, 8, 'DET', 0);
INSERT INTO pl_picks VALUES('dnims', 'DAL', 'DET', 2004, 8, 'DAL', 0);
INSERT INTO pl_picks VALUES('akubaryk', 'DAL', 'DET', 2004, 8, 'DAL', 0);
INSERT INTO pl_games VALUES('TEN', 'CIN', 2004, 8, '2004-10-31 18:00:00', 27, 20, -3.5);
INSERT INTO pl_picks VALUES('dschexnayder', 'TEN', 'CIN', 2004, 8, 'TEN', 0);
INSERT INTO pl_picks VALUES('jpnance', 'TEN', 'CIN', 2004, 8, 'CIN', 0);
INSERT INTO pl_picks VALUES('dcurry', 'TEN', 'CIN', 2004, 8, 'CIN', 0);
INSERT INTO pl_picks VALUES('dwaldo', 'TEN', 'CIN', 2004, 8, 'TEN', 0);
INSERT INTO pl_picks VALUES('jeff', 'TEN', 'CIN', 2004, 8, 'CIN', 0);
INSERT INTO pl_picks VALUES('dnims', 'TEN', 'CIN', 2004, 8, 'CIN', 0);
INSERT INTO pl_picks VALUES('akubaryk', 'TEN', 'CIN', 2004, 8, 'TEN', 0);
INSERT INTO pl_games VALUES('KC', 'IND', 2004, 8, '2004-10-31 18:00:00', 45, 35, 1.5);
INSERT INTO pl_picks VALUES('dschexnayder', 'KC', 'IND', 2004, 8, 'KC', 0);
INSERT INTO pl_picks VALUES('jpnance', 'KC', 'IND', 2004, 8, 'KC', 0);
INSERT INTO pl_picks VALUES('dcurry', 'KC', 'IND', 2004, 8, 'IND', 0);
INSERT INTO pl_picks VALUES('dwaldo', 'KC', 'IND', 2004, 8, 'IND', 0);
INSERT INTO pl_picks VALUES('jeff', 'KC', 'IND', 2004, 8, 'IND', 0);
INSERT INTO pl_picks VALUES('dnims', 'KC', 'IND', 2004, 8, 'IND', 0);
INSERT INTO pl_picks VALUES('akubaryk', 'KC', 'IND', 2004, 8, 'IND', 0);
INSERT INTO pl_games VALUES('DEN', 'ATL', 2004, 8, '2004-10-31 21:05:00', 28, 41, -6.5);
INSERT INTO pl_picks VALUES('dschexnayder', 'DEN', 'ATL', 2004, 8, 'ATL', 0);
INSERT INTO pl_picks VALUES('jpnance', 'DEN', 'ATL', 2004, 8, 'DEN', 0);
INSERT INTO pl_picks VALUES('dcurry', 'DEN', 'ATL', 2004, 8, 'ATL', 0);
INSERT INTO pl_picks VALUES('dwaldo', 'DEN', 'ATL', 2004, 8, 'DEN', 0);
INSERT INTO pl_picks VALUES('jeff', 'DEN', 'ATL', 2004, 8, 'ATL', 0);
INSERT INTO pl_picks VALUES('dnims', 'DEN', 'ATL', 2004, 8, 'DEN', 0);
INSERT INTO pl_picks VALUES('akubaryk', 'DEN', 'ATL', 2004, 8, 'ATL', 0);
INSERT INTO pl_games VALUES('SEA', 'CAR', 2004, 8, '2004-10-31 21:05:00', 23, 17, -7.5);
INSERT INTO pl_picks VALUES('dschexnayder', 'SEA', 'CAR', 2004, 8, 'CAR', 0);
INSERT INTO pl_picks VALUES('jpnance', 'SEA', 'CAR', 2004, 8, 'CAR', 0);
INSERT INTO pl_picks VALUES('dcurry', 'SEA', 'CAR', 2004, 8, 'SEA', 0);
INSERT INTO pl_picks VALUES('dwaldo', 'SEA', 'CAR', 2004, 8, 'CAR', 0);
INSERT INTO pl_picks VALUES('jeff', 'SEA', 'CAR', 2004, 8, 'CAR', 0);
INSERT INTO pl_picks VALUES('dnims', 'SEA', 'CAR', 2004, 8, 'SEA', 0);
INSERT INTO pl_picks VALUES('akubaryk', 'SEA', 'CAR', 2004, 8, 'CAR', 0);
INSERT INTO pl_games VALUES('PIT', 'NE', 2004, 8, '2004-10-31 21:15:00', 34, 20, 2.5);
INSERT INTO pl_picks VALUES('dschexnayder', 'PIT', 'NE', 2004, 8, 'NE', 0);
INSERT INTO pl_picks VALUES('jpnance', 'PIT', 'NE', 2004, 8, 'PIT', 0);
INSERT INTO pl_picks VALUES('dcurry', 'PIT', 'NE', 2004, 8, 'NE', 0);
INSERT INTO pl_picks VALUES('dwaldo', 'PIT', 'NE', 2004, 8, 'NE', 0);
INSERT INTO pl_picks VALUES('jeff', 'PIT', 'NE', 2004, 8, 'PIT', 0);
INSERT INTO pl_picks VALUES('dnims', 'PIT', 'NE', 2004, 8, 'PIT', 0);
INSERT INTO pl_picks VALUES('akubaryk', 'PIT', 'NE', 2004, 8, 'NE', 0);
INSERT INTO pl_games VALUES('SD', 'OAK', 2004, 8, '2004-10-31 21:15:00', 42, 14, -5.5);
INSERT INTO pl_picks VALUES('dschexnayder', 'SD', 'OAK', 2004, 8, 'SD', 0);
INSERT INTO pl_picks VALUES('jpnance', 'SD', 'OAK', 2004, 8, 'SD', 0);
INSERT INTO pl_picks VALUES('dcurry', 'SD', 'OAK', 2004, 8, 'SD', 0);
INSERT INTO pl_picks VALUES('dwaldo', 'SD', 'OAK', 2004, 8, 'OAK', 0);
INSERT INTO pl_picks VALUES('jeff', 'SD', 'OAK', 2004, 8, 'SD', 0);
INSERT INTO pl_picks VALUES('dnims', 'SD', 'OAK', 2004, 8, 'SD', 0);
INSERT INTO pl_picks VALUES('akubaryk', 'SD', 'OAK', 2004, 8, 'SD', 0);
INSERT INTO pl_games VALUES('CHI', 'SF', 2004, 8, '2004-11-01 01:30:00', 23, 13, -1.5);
INSERT INTO pl_picks VALUES('dschexnayder', 'CHI', 'SF', 2004, 8, 'CHI', 0);
INSERT INTO pl_picks VALUES('jpnance', 'CHI', 'SF', 2004, 8, 'CHI', 0);
INSERT INTO pl_picks VALUES('dcurry', 'CHI', 'SF', 2004, 8, 'CHI', 0);
INSERT INTO pl_picks VALUES('dwaldo', 'CHI', 'SF', 2004, 8, 'CHI', 0);
INSERT INTO pl_picks VALUES('jeff', 'CHI', 'SF', 2004, 8, 'CHI', 0);
INSERT INTO pl_picks VALUES('dnims', 'CHI', 'SF', 2004, 8, 'CHI', 0);
INSERT INTO pl_picks VALUES('akubaryk', 'CHI', 'SF', 2004, 8, 'CHI', 0);
INSERT INTO pl_games VALUES('NYJ', 'MIA', 2004, 8, '2004-11-02 02:00:00', 41, 14, -6.5);
INSERT INTO pl_picks VALUES('dschexnayder', 'NYJ', 'MIA', 2004, 8, 'NYJ', 0);
INSERT INTO pl_picks VALUES('jpnance', 'NYJ', 'MIA', 2004, 8, 'NYJ', 0);
INSERT INTO pl_picks VALUES('dcurry', 'NYJ', 'MIA', 2004, 8, 'NYJ', 0);
INSERT INTO pl_picks VALUES('dwaldo', 'NYJ', 'MIA', 2004, 8, 'MIA', 0);
INSERT INTO pl_picks VALUES('jeff', 'NYJ', 'MIA', 2004, 8, 'NYJ', 0);
INSERT INTO pl_picks VALUES('dnims', 'NYJ', 'MIA', 2004, 8, 'NYJ', 0);
INSERT INTO pl_picks VALUES('akubaryk', 'NYJ', 'MIA', 2004, 8, 'NYJ', 0);
INSERT INTO pl_games VALUES('MIA', 'ARI', 2004, 9, '2004-11-07 18:00:00', 23, 24, -2.5);
INSERT INTO pl_picks VALUES('dschexnayder', 'MIA', 'ARI', 2004, 9, 'MIA', 0);
INSERT INTO pl_picks VALUES('jpnance', 'MIA', 'ARI', 2004, 9, 'ARI', 0);
INSERT INTO pl_picks VALUES('ksomandar', 'MIA', 'ARI', 2004, 9, 'MIA', 0);
INSERT INTO pl_picks VALUES('dcurry', 'MIA', 'ARI', 2004, 9, 'ARI', 0);
INSERT INTO pl_picks VALUES('dwaldo', 'MIA', 'ARI', 2004, 9, 'ARI', 0);
INSERT INTO pl_picks VALUES('jeff', 'MIA', 'ARI', 2004, 9, 'MIA', 0);
INSERT INTO pl_picks VALUES('dnims', 'MIA', 'ARI', 2004, 9, 'MIA', 0);
INSERT INTO pl_picks VALUES('akubaryk', 'MIA', 'ARI', 2004, 9, 'MIA', 0);
INSERT INTO pl_games VALUES('PIT', 'PHI', 2004, 9, '2004-11-07 18:00:00', 27, 3, -0.5);
INSERT INTO pl_picks VALUES('dschexnayder', 'PIT', 'PHI', 2004, 9, 'PHI', 0);
INSERT INTO pl_picks VALUES('jpnance', 'PIT', 'PHI', 2004, 9, 'PIT', 0);
INSERT INTO pl_picks VALUES('ksomandar', 'PIT', 'PHI', 2004, 9, 'PHI', 0);
INSERT INTO pl_picks VALUES('dcurry', 'PIT', 'PHI', 2004, 9, 'PHI', 0);
INSERT INTO pl_picks VALUES('dwaldo', 'PIT', 'PHI', 2004, 9, 'PHI', 0);
INSERT INTO pl_picks VALUES('jeff', 'PIT', 'PHI', 2004, 9, 'PIT', 0);
INSERT INTO pl_picks VALUES('dnims', 'PIT', 'PHI', 2004, 9, 'PIT', 0);
INSERT INTO pl_picks VALUES('akubaryk', 'PIT', 'PHI', 2004, 9, 'PHI', 0);
INSERT INTO pl_games VALUES('TB', 'KC', 2004, 9, '2004-11-07 18:00:00', 34, 31, 2.5);
INSERT INTO pl_picks VALUES('dschexnayder', 'TB', 'KC', 2004, 9, 'KC', 0);
INSERT INTO pl_picks VALUES('jpnance', 'TB', 'KC', 2004, 9, 'KC', 0);
INSERT INTO pl_picks VALUES('ksomandar', 'TB', 'KC', 2004, 9, 'KC', 0);
INSERT INTO pl_picks VALUES('dcurry', 'TB', 'KC', 2004, 9, 'KC', 0);
INSERT INTO pl_picks VALUES('dwaldo', 'TB', 'KC', 2004, 9, 'KC', 0);
INSERT INTO pl_picks VALUES('jeff', 'TB', 'KC', 2004, 9, 'KC', 0);
INSERT INTO pl_picks VALUES('dnims', 'TB', 'KC', 2004, 9, 'KC', 0);
INSERT INTO pl_picks VALUES('akubaryk', 'TB', 'KC', 2004, 9, 'KC', 0);
INSERT INTO pl_games VALUES('CAR', 'OAK', 2004, 9, '2004-11-07 18:00:00', 24, 27, -6.5);
INSERT INTO pl_picks VALUES('dschexnayder', 'CAR', 'OAK', 2004, 9, 'CAR', 0);
INSERT INTO pl_picks VALUES('jpnance', 'CAR', 'OAK', 2004, 9, 'OAK', 0);
INSERT INTO pl_picks VALUES('ksomandar', 'CAR', 'OAK', 2004, 9, 'CAR', 0);
INSERT INTO pl_picks VALUES('dcurry', 'CAR', 'OAK', 2004, 9, 'OAK', 0);
INSERT INTO pl_picks VALUES('dwaldo', 'CAR', 'OAK', 2004, 9, 'CAR', 0);
INSERT INTO pl_picks VALUES('jeff', 'CAR', 'OAK', 2004, 9, 'OAK', 0);
INSERT INTO pl_picks VALUES('dnims', 'CAR', 'OAK', 2004, 9, 'OAK', 0);
INSERT INTO pl_picks VALUES('akubaryk', 'CAR', 'OAK', 2004, 9, 'OAK', 0);
INSERT INTO pl_games VALUES('BUF', 'NYJ', 2004, 9, '2004-11-07 18:00:00', 22, 17, 2.5);
INSERT INTO pl_picks VALUES('dschexnayder', 'BUF', 'NYJ', 2004, 9, 'NYJ', 0);
INSERT INTO pl_picks VALUES('jpnance', 'BUF', 'NYJ', 2004, 9, 'NYJ', 0);
INSERT INTO pl_picks VALUES('ksomandar', 'BUF', 'NYJ', 2004, 9, 'NYJ', 0);
INSERT INTO pl_picks VALUES('dcurry', 'BUF', 'NYJ', 2004, 9, 'NYJ', 0);
INSERT INTO pl_picks VALUES('dwaldo', 'BUF', 'NYJ', 2004, 9, 'NYJ', 0);
INSERT INTO pl_picks VALUES('jeff', 'BUF', 'NYJ', 2004, 9, 'NYJ', 0);
INSERT INTO pl_picks VALUES('dnims', 'BUF', 'NYJ', 2004, 9, 'NYJ', 0);
INSERT INTO pl_picks VALUES('akubaryk', 'BUF', 'NYJ', 2004, 9, 'NYJ', 0);
INSERT INTO pl_games VALUES('CIN', 'DAL', 2004, 9, '2004-11-07 18:00:00', 26, 3, 0.5);
INSERT INTO pl_picks VALUES('dschexnayder', 'CIN', 'DAL', 2004, 9, 'DAL', 0);
INSERT INTO pl_picks VALUES('jpnance', 'CIN', 'DAL', 2004, 9, 'DAL', 0);
INSERT INTO pl_picks VALUES('ksomandar', 'CIN', 'DAL', 2004, 9, 'DAL', 0);
INSERT INTO pl_picks VALUES('dcurry', 'CIN', 'DAL', 2004, 9, 'CIN', 0);
INSERT INTO pl_picks VALUES('dwaldo', 'CIN', 'DAL', 2004, 9, 'CIN', 0);
INSERT INTO pl_picks VALUES('jeff', 'CIN', 'DAL', 2004, 9, 'CIN', 0);
INSERT INTO pl_picks VALUES('dnims', 'CIN', 'DAL', 2004, 9, 'CIN', 0);
INSERT INTO pl_picks VALUES('akubaryk', 'CIN', 'DAL', 2004, 9, 'DAL', 0);
INSERT INTO pl_games VALUES('DET', 'WAS', 2004, 9, '2004-11-07 18:00:00', 10, 17, -3.5);
INSERT INTO pl_picks VALUES('dschexnayder', 'DET', 'WAS', 2004, 9, 'DET', 0);
INSERT INTO pl_picks VALUES('jpnance', 'DET', 'WAS', 2004, 9, 'DET', 0);
INSERT INTO pl_picks VALUES('ksomandar', 'DET', 'WAS', 2004, 9, 'DET', 0);
INSERT INTO pl_picks VALUES('dcurry', 'DET', 'WAS', 2004, 9, 'DET', 0);
INSERT INTO pl_picks VALUES('dwaldo', 'DET', 'WAS', 2004, 9, 'DET', 0);
INSERT INTO pl_picks VALUES('jeff', 'DET', 'WAS', 2004, 9, 'DET', 0);
INSERT INTO pl_picks VALUES('dnims', 'DET', 'WAS', 2004, 9, 'DET', 0);
INSERT INTO pl_picks VALUES('akubaryk', 'DET', 'WAS', 2004, 9, 'WAS', 0);
INSERT INTO pl_games VALUES('SD', 'NO', 2004, 9, '2004-11-07 21:05:00', 43, 17, -6.5);
INSERT INTO pl_picks VALUES('dschexnayder', 'SD', 'NO', 2004, 9, 'NO', 0);
INSERT INTO pl_picks VALUES('jpnance', 'SD', 'NO', 2004, 9, 'SD', 0);
INSERT INTO pl_picks VALUES('ksomandar', 'SD', 'NO', 2004, 9, 'SD', 0);
INSERT INTO pl_picks VALUES('dcurry', 'SD', 'NO', 2004, 9, 'SD', 0);
INSERT INTO pl_picks VALUES('dwaldo', 'SD', 'NO', 2004, 9, 'NO', 0);
INSERT INTO pl_picks VALUES('jeff', 'SD', 'NO', 2004, 9, 'SD', 0);
INSERT INTO pl_picks VALUES('dnims', 'SD', 'NO', 2004, 9, 'SD', 0);
INSERT INTO pl_picks VALUES('akubaryk', 'SD', 'NO', 2004, 9, 'SD', 0);
INSERT INTO pl_games VALUES('SF', 'SEA', 2004, 9, '2004-11-07 21:05:00', 27, 42, 6.5);
INSERT INTO pl_picks VALUES('dschexnayder', 'SF', 'SEA', 2004, 9, 'SEA', 0);
INSERT INTO pl_picks VALUES('jpnance', 'SF', 'SEA', 2004, 9, 'SEA', 0);
INSERT INTO pl_picks VALUES('ksomandar', 'SF', 'SEA', 2004, 9, 'SEA', 0);
INSERT INTO pl_picks VALUES('dcurry', 'SF', 'SEA', 2004, 9, 'SEA', 0);
INSERT INTO pl_picks VALUES('dwaldo', 'SF', 'SEA', 2004, 9, 'SEA', 0);
INSERT INTO pl_picks VALUES('jeff', 'SF', 'SEA', 2004, 9, 'SEA', 0);
INSERT INTO pl_picks VALUES('dnims', 'SF', 'SEA', 2004, 9, 'SF', 0);
INSERT INTO pl_picks VALUES('akubaryk', 'SF', 'SEA', 2004, 9, 'SEA', 0);
INSERT INTO pl_games VALUES('NYG', 'CHI', 2004, 9, '2004-11-07 21:05:00', 21, 28, -9.5);
INSERT INTO pl_picks VALUES('dschexnayder', 'NYG', 'CHI', 2004, 9, 'NYG', 0);
INSERT INTO pl_picks VALUES('jpnance', 'NYG', 'CHI', 2004, 9, 'CHI', 0);
INSERT INTO pl_picks VALUES('ksomandar', 'NYG', 'CHI', 2004, 9, 'CHI', 0);
INSERT INTO pl_picks VALUES('dcurry', 'NYG', 'CHI', 2004, 9, 'NYG', 0);
INSERT INTO pl_picks VALUES('dwaldo', 'NYG', 'CHI', 2004, 9, 'CHI', 0);
INSERT INTO pl_picks VALUES('jeff', 'NYG', 'CHI', 2004, 9, 'CHI', 0);
INSERT INTO pl_picks VALUES('dnims', 'NYG', 'CHI', 2004, 9, 'NYG', 0);
INSERT INTO pl_picks VALUES('akubaryk', 'NYG', 'CHI', 2004, 9, 'NYG', 0);
INSERT INTO pl_games VALUES('DEN', 'HOU', 2004, 9, '2004-11-07 21:15:00', 31, 13, -6.5);
INSERT INTO pl_picks VALUES('dschexnayder', 'DEN', 'HOU', 2004, 9, 'DEN', 0);
INSERT INTO pl_picks VALUES('jpnance', 'DEN', 'HOU', 2004, 9, 'HOU', 0);
INSERT INTO pl_picks VALUES('ksomandar', 'DEN', 'HOU', 2004, 9, 'HOU', 0);
INSERT INTO pl_picks VALUES('dcurry', 'DEN', 'HOU', 2004, 9, 'HOU', 0);
INSERT INTO pl_picks VALUES('dwaldo', 'DEN', 'HOU', 2004, 9, 'HOU', 0);
INSERT INTO pl_picks VALUES('jeff', 'DEN', 'HOU', 2004, 9, 'HOU', 0);
INSERT INTO pl_picks VALUES('dnims', 'DEN', 'HOU', 2004, 9, 'HOU', 0);
INSERT INTO pl_picks VALUES('akubaryk', 'DEN', 'HOU', 2004, 9, 'HOU', 0);
INSERT INTO pl_games VALUES('STL', 'NE', 2004, 9, '2004-11-07 21:15:00', 22, 40, 0.5);
INSERT INTO pl_picks VALUES('dschexnayder', 'STL', 'NE', 2004, 9, 'NE', 0);
INSERT INTO pl_picks VALUES('jpnance', 'STL', 'NE', 2004, 9, 'NE', 0);
INSERT INTO pl_picks VALUES('ksomandar', 'STL', 'NE', 2004, 9, 'STL', 0);
INSERT INTO pl_picks VALUES('dcurry', 'STL', 'NE', 2004, 9, 'NE', 0);
INSERT INTO pl_picks VALUES('dwaldo', 'STL', 'NE', 2004, 9, 'NE', 0);
INSERT INTO pl_picks VALUES('jeff', 'STL', 'NE', 2004, 9, 'NE', 0);
INSERT INTO pl_picks VALUES('dnims', 'STL', 'NE', 2004, 9, 'STL', 0);
INSERT INTO pl_picks VALUES('akubaryk', 'STL', 'NE', 2004, 9, 'NE', 0);
INSERT INTO pl_games VALUES('BAL', 'CLE', 2004, 9, '2004-11-08 01:30:00', 27, 13, -5.5);
INSERT INTO pl_picks VALUES('dschexnayder', 'BAL', 'CLE', 2004, 9, 'BAL', 0);
INSERT INTO pl_picks VALUES('jpnance', 'BAL', 'CLE', 2004, 9, 'BAL', 0);
INSERT INTO pl_picks VALUES('ksomandar', 'BAL', 'CLE', 2004, 9, 'CLE', 0);
INSERT INTO pl_picks VALUES('dcurry', 'BAL', 'CLE', 2004, 9, 'BAL', 0);
INSERT INTO pl_picks VALUES('dwaldo', 'BAL', 'CLE', 2004, 9, 'BAL', 0);
INSERT INTO pl_picks VALUES('jeff', 'BAL', 'CLE', 2004, 9, 'BAL', 0);
INSERT INTO pl_picks VALUES('dnims', 'BAL', 'CLE', 2004, 9, 'BAL', 0);
INSERT INTO pl_picks VALUES('akubaryk', 'BAL', 'CLE', 2004, 9, 'BAL', 0);
INSERT INTO pl_games VALUES('IND', 'MIN', 2004, 9, '2004-11-09 02:00:00', 31, 28, -6.5);
INSERT INTO pl_picks VALUES('dschexnayder', 'IND', 'MIN', 2004, 9, 'IND', 0);
INSERT INTO pl_picks VALUES('jpnance', 'IND', 'MIN', 2004, 9, 'MIN', 0);
INSERT INTO pl_picks VALUES('ksomandar', 'IND', 'MIN', 2004, 9, 'MIN', 0);
INSERT INTO pl_picks VALUES('dcurry', 'IND', 'MIN', 2004, 9, 'IND', 0);
INSERT INTO pl_picks VALUES('dwaldo', 'IND', 'MIN', 2004, 9, 'MIN', 0);
INSERT INTO pl_picks VALUES('jeff', 'IND', 'MIN', 2004, 9, 'MIN', 0);
INSERT INTO pl_picks VALUES('dnims', 'IND', 'MIN', 2004, 9, 'IND', 0);
INSERT INTO pl_picks VALUES('akubaryk', 'IND', 'MIN', 2004, 9, 'MIN', 0);
