DELETE FROM pl_users WHERE season = 2017;
DELETE FROM pl_games WHERE season = 2017;
DELETE FROM pl_picks WHERE season = 2017;
INSERT INTO pl_users VALUES('jmckee', 2017, 'U', 3, 'John', 'McKee', 'John', MD5('aoeu'), 'longhorns', '', '', '', '', '');
INSERT INTO pl_users VALUES('jtodd', 2017, 'U', 9, 'Jeff', 'Todd', 'Jeffrey', MD5('aoeu'), 'broncos', '', '', '', '', '');
INSERT INTO pl_users VALUES('pgunter', 2017, 'U', 10, 'Paul', 'Gunter', 'Paul', MD5('aoeu'), 'longhorns', '', '', '', '', '');
INSERT INTO pl_users VALUES('ckoci', 2017, 'U', 5, 'Chris', 'Koci', 'Koci', MD5('aoeu'), 'buccaneers', '', '', '', '', '');
INSERT INTO pl_users VALUES('akubaryk', 2017, 'U', 18, 'Adam', 'Kubaryk', 'Adam', MD5('aoeu'), 'jaguars', '', '', '', '', '');
INSERT INTO pl_users VALUES('agarcia', 2017, 'U', 16, 'Anthony', 'Garcia', 'Anthony', MD5('aoeu'), 'colt45s', '', '', '', '', '');
INSERT INTO pl_users VALUES('rwilliams', 2017, 'U', 20, 'Rob', 'Williams', 'Rob', MD5('aoeu'), 'longhorns', '', '', '', '', '');
INSERT INTO pl_users VALUES('ewang', 2017, 'U', 19, 'Erica', 'Wang', 'Erica', MD5('aoeu'), 'longhorns', '', '', '', '', '');
INSERT INTO pl_users VALUES('thighland', 2017, 'U', 7, 'Trevor', 'Highland', 'Trevor', MD5('aoeu'), 'longhorns', '', '', '', '', '');
INSERT INTO pl_users VALUES('jpnance', 2017, 'U', 8, 'Patrick', 'Nance', 'Patrick', MD5('aoeu'), 'h1836', '', '', '', '', '');
INSERT INTO pl_users VALUES('ksomandar', 2017, 'U', 2, 'Keyon', 'Somandar', 'Keyon', MD5('aoeu'), 'cowboys', '', '', '', '', '');
INSERT INTO pl_users VALUES('avasudev', 2017, 'U', 4, 'Alok', 'Vasudev', 'Alok', MD5('aoeu'), 'longhorns', '', '', '', '', '');
INSERT INTO pl_users VALUES('lzimmermann', 2017, 'U', 14, 'Luke', 'Zimmermann', 'Luke', MD5('aoeu'), 'tottenham', '', '', '', '', '');
INSERT INTO pl_users VALUES('wrambo', 2017, 'U', 17, 'Wayne', 'Rambo', 'Wayne', MD5('aoeu'), 'longhorns', '', '', '', '', '');
INSERT INTO pl_users VALUES('dschexnayder', 2017, 'U', 11, 'David', 'Schexnayder', 'Schex', MD5('aoeu'), 'texans', '', '', '', '', '');
INSERT INTO pl_users VALUES('nnguyen', 2017, 'U', 13, 'Nam', 'Nguyen', 'Nam', MD5('aoeu'), 'longhorns', '', '', '', '', '');
INSERT INTO pl_users VALUES('qmartindale', 2017, 'U', 12, 'Quinn', 'Martindale', 'Quinn', MD5('aoeu'), 'longhorns', '', '', '', '', '');
INSERT INTO pl_users VALUES('jeff', 2017, 'U', 15, 'Jeff', 'Sneden', 'Jeff', MD5('aoeu'), 'steelers', '', '', '', '', '');
INSERT INTO pl_users VALUES('bludwiczak', 2017, 'U', 1, 'Brett', 'Ludwiczak', 'Brett', MD5('aoeu'), 'buckeyes', '', '', '', '', '');
INSERT INTO pl_users VALUES('zschank', 2017, 'U', 6, 'Zak', 'Schank', 'Zak', MD5('aoeu'), 'stallions', '', '', '', '', '');
INSERT INTO pl_games VALUES('NE', 'KC', 2017, 1, '2017-09-08 00:30:00', 27, 42, -8.5);
INSERT INTO pl_picks VALUES('jpnance', 'NE', 'KC', 2017, 1, 'NE', 0);
INSERT INTO pl_picks VALUES('rwilliams', 'NE', 'KC', 2017, 1, 'KC', 0);
INSERT INTO pl_picks VALUES('lzimmermann', 'NE', 'KC', 2017, 1, 'NE', 0);
INSERT INTO pl_picks VALUES('ksomandar', 'NE', 'KC', 2017, 1, 'KC', 0);
INSERT INTO pl_picks VALUES('wrambo', 'NE', 'KC', 2017, 1, 'NE', 0);
INSERT INTO pl_picks VALUES('dschexnayder', 'NE', 'KC', 2017, 1, 'NE', 0);
INSERT INTO pl_picks VALUES('nnguyen', 'NE', 'KC', 2017, 1, 'NE', 0);
INSERT INTO pl_picks VALUES('ckoci', 'NE', 'KC', 2017, 1, 'KC', 0);
INSERT INTO pl_picks VALUES('akubaryk', 'NE', 'KC', 2017, 1, 'KC', 0);
INSERT INTO pl_picks VALUES('qmartindale', 'NE', 'KC', 2017, 1, 'NE', 0);
INSERT INTO pl_picks VALUES('pgunter', 'NE', 'KC', 2017, 1, 'NE', 0);
INSERT INTO pl_picks VALUES('bludwiczak', 'NE', 'KC', 2017, 1, 'KC', 0);
INSERT INTO pl_picks VALUES('jeff', 'NE', 'KC', 2017, 1, 'NE', 0);
INSERT INTO pl_picks VALUES('zschank', 'NE', 'KC', 2017, 1, 'NE', 0);
INSERT INTO pl_picks VALUES('jmckee', 'NE', 'KC', 2017, 1, 'NE', 0);
INSERT INTO pl_picks VALUES('jtodd', 'NE', 'KC', 2017, 1, 'NE', 0);
INSERT INTO pl_picks VALUES('thighland', 'NE', 'KC', 2017, 1, 'NE', 0);
INSERT INTO pl_picks VALUES('agarcia', 'NE', 'KC', 2017, 1, 'NE', 0);
INSERT INTO pl_picks VALUES('avasudev', 'NE', 'KC', 2017, 1, 'NE', 0);
INSERT INTO pl_games VALUES('BUF', 'NYJ', 2017, 1, '2017-09-10 17:00:00', 21, 12, -7.5);
INSERT INTO pl_picks VALUES('nnguyen', 'BUF', 'NYJ', 2017, 1, 'BUF', 0);
INSERT INTO pl_picks VALUES('ckoci', 'BUF', 'NYJ', 2017, 1, 'BUF', 0);
INSERT INTO pl_picks VALUES('qmartindale', 'BUF', 'NYJ', 2017, 1, 'NYJ', 0);
INSERT INTO pl_picks VALUES('pgunter', 'BUF', 'NYJ', 2017, 1, 'BUF', 0);
INSERT INTO pl_picks VALUES('zschank', 'BUF', 'NYJ', 2017, 1, 'BUF', 0);
INSERT INTO pl_picks VALUES('jtodd', 'BUF', 'NYJ', 2017, 1, 'BUF', 0);
INSERT INTO pl_picks VALUES('thighland', 'BUF', 'NYJ', 2017, 1, 'NYJ', 0);
INSERT INTO pl_picks VALUES('rwilliams', 'BUF', 'NYJ', 2017, 1, 'BUF', 0);
INSERT INTO pl_picks VALUES('jeff', 'BUF', 'NYJ', 2017, 1, 'BUF', 0);
INSERT INTO pl_picks VALUES('wrambo', 'BUF', 'NYJ', 2017, 1, 'NYJ', 0);
INSERT INTO pl_picks VALUES('jpnance', 'BUF', 'NYJ', 2017, 1, 'NYJ', 0);
INSERT INTO pl_picks VALUES('lzimmermann', 'BUF', 'NYJ', 2017, 1, 'BUF', 0);
INSERT INTO pl_picks VALUES('dschexnayder', 'BUF', 'NYJ', 2017, 1, 'NYJ', 0);
INSERT INTO pl_picks VALUES('bludwiczak', 'BUF', 'NYJ', 2017, 1, 'NYJ', 0);
INSERT INTO pl_picks VALUES('avasudev', 'BUF', 'NYJ', 2017, 1, 'NYJ', 0);
INSERT INTO pl_picks VALUES('ksomandar', 'BUF', 'NYJ', 2017, 1, 'NYJ', 0);
INSERT INTO pl_picks VALUES('ewang', 'BUF', 'NYJ', 2017, 1, 'NYJ', 0);
INSERT INTO pl_picks VALUES('akubaryk', 'BUF', 'NYJ', 2017, 1, 'NYJ', 0);
INSERT INTO pl_games VALUES('CHI', 'ATL', 2017, 1, '2017-09-10 17:00:00', 17, 23, 6.5);
INSERT INTO pl_picks VALUES('nnguyen', 'CHI', 'ATL', 2017, 1, 'CHI', 0);
INSERT INTO pl_picks VALUES('ckoci', 'CHI', 'ATL', 2017, 1, 'CHI', 0);
INSERT INTO pl_picks VALUES('qmartindale', 'CHI', 'ATL', 2017, 1, 'ATL', 0);
INSERT INTO pl_picks VALUES('pgunter', 'CHI', 'ATL', 2017, 1, 'CHI', 0);
INSERT INTO pl_picks VALUES('zschank', 'CHI', 'ATL', 2017, 1, 'ATL', 0);
INSERT INTO pl_picks VALUES('jtodd', 'CHI', 'ATL', 2017, 1, 'CHI', 0);
INSERT INTO pl_picks VALUES('thighland', 'CHI', 'ATL', 2017, 1, 'CHI', 0);
INSERT INTO pl_picks VALUES('rwilliams', 'CHI', 'ATL', 2017, 1, 'ATL', 0);
INSERT INTO pl_picks VALUES('jeff', 'CHI', 'ATL', 2017, 1, 'ATL', 0);
INSERT INTO pl_picks VALUES('wrambo', 'CHI', 'ATL', 2017, 1, 'ATL', 0);
INSERT INTO pl_picks VALUES('jpnance', 'CHI', 'ATL', 2017, 1, 'ATL', 0);
INSERT INTO pl_picks VALUES('lzimmermann', 'CHI', 'ATL', 2017, 1, 'ATL', 0);
INSERT INTO pl_picks VALUES('dschexnayder', 'CHI', 'ATL', 2017, 1, 'ATL', 0);
INSERT INTO pl_picks VALUES('bludwiczak', 'CHI', 'ATL', 2017, 1, 'ATL', 0);
INSERT INTO pl_picks VALUES('avasudev', 'CHI', 'ATL', 2017, 1, 'ATL', 0);
INSERT INTO pl_picks VALUES('ksomandar', 'CHI', 'ATL', 2017, 1, 'ATL', 0);
INSERT INTO pl_picks VALUES('ewang', 'CHI', 'ATL', 2017, 1, 'ATL', 0);
INSERT INTO pl_picks VALUES('akubaryk', 'CHI', 'ATL', 2017, 1, 'ATL', 0);
INSERT INTO pl_games VALUES('CIN', 'BAL', 2017, 1, '2017-09-10 17:00:00', 0, 20, -2.5);
INSERT INTO pl_picks VALUES('nnguyen', 'CIN', 'BAL', 2017, 1, 'CIN', 0);
INSERT INTO pl_picks VALUES('ckoci', 'CIN', 'BAL', 2017, 1, 'CIN', 0);
INSERT INTO pl_picks VALUES('qmartindale', 'CIN', 'BAL', 2017, 1, 'CIN', 0);
INSERT INTO pl_picks VALUES('pgunter', 'CIN', 'BAL', 2017, 1, 'CIN', 0);
INSERT INTO pl_picks VALUES('zschank', 'CIN', 'BAL', 2017, 1, 'CIN', 0);
INSERT INTO pl_picks VALUES('jtodd', 'CIN', 'BAL', 2017, 1, 'CIN', 0);
INSERT INTO pl_picks VALUES('thighland', 'CIN', 'BAL', 2017, 1, 'BAL', 0);
INSERT INTO pl_picks VALUES('rwilliams', 'CIN', 'BAL', 2017, 1, 'BAL', 0);
INSERT INTO pl_picks VALUES('jeff', 'CIN', 'BAL', 2017, 1, 'BAL', 0);
INSERT INTO pl_picks VALUES('wrambo', 'CIN', 'BAL', 2017, 1, 'CIN', 0);
INSERT INTO pl_picks VALUES('jpnance', 'CIN', 'BAL', 2017, 1, 'CIN', 0);
INSERT INTO pl_picks VALUES('lzimmermann', 'CIN', 'BAL', 2017, 1, 'CIN', 0);
INSERT INTO pl_picks VALUES('dschexnayder', 'CIN', 'BAL', 2017, 1, 'CIN', 0);
INSERT INTO pl_picks VALUES('bludwiczak', 'CIN', 'BAL', 2017, 1, 'CIN', 0);
INSERT INTO pl_picks VALUES('avasudev', 'CIN', 'BAL', 2017, 1, 'BAL', 0);
INSERT INTO pl_picks VALUES('ksomandar', 'CIN', 'BAL', 2017, 1, 'CIN', 0);
INSERT INTO pl_picks VALUES('ewang', 'CIN', 'BAL', 2017, 1, 'BAL', 0);
INSERT INTO pl_picks VALUES('akubaryk', 'CIN', 'BAL', 2017, 1, 'CIN', 0);
INSERT INTO pl_games VALUES('CLE', 'PIT', 2017, 1, '2017-09-10 17:00:00', 18, 21, 9.5);
INSERT INTO pl_picks VALUES('nnguyen', 'CLE', 'PIT', 2017, 1, 'PIT', 0);
INSERT INTO pl_picks VALUES('ckoci', 'CLE', 'PIT', 2017, 1, 'CLE', 0);
INSERT INTO pl_picks VALUES('qmartindale', 'CLE', 'PIT', 2017, 1, 'PIT', 0);
INSERT INTO pl_picks VALUES('pgunter', 'CLE', 'PIT', 2017, 1, 'CLE', 0);
INSERT INTO pl_picks VALUES('zschank', 'CLE', 'PIT', 2017, 1, 'CLE', 0);
INSERT INTO pl_picks VALUES('jtodd', 'CLE', 'PIT', 2017, 1, 'CLE', 0);
INSERT INTO pl_picks VALUES('thighland', 'CLE', 'PIT', 2017, 1, 'PIT', 0);
INSERT INTO pl_picks VALUES('rwilliams', 'CLE', 'PIT', 2017, 1, 'CLE', 0);
INSERT INTO pl_picks VALUES('jeff', 'CLE', 'PIT', 2017, 1, 'PIT', 0);
INSERT INTO pl_picks VALUES('wrambo', 'CLE', 'PIT', 2017, 1, 'CLE', 0);
INSERT INTO pl_picks VALUES('jpnance', 'CLE', 'PIT', 2017, 1, 'CLE', 0);
INSERT INTO pl_picks VALUES('lzimmermann', 'CLE', 'PIT', 2017, 1, 'PIT', 0);
INSERT INTO pl_picks VALUES('dschexnayder', 'CLE', 'PIT', 2017, 1, 'CLE', 0);
INSERT INTO pl_picks VALUES('bludwiczak', 'CLE', 'PIT', 2017, 1, 'PIT', 0);
INSERT INTO pl_picks VALUES('avasudev', 'CLE', 'PIT', 2017, 1, 'PIT', 0);
INSERT INTO pl_picks VALUES('ksomandar', 'CLE', 'PIT', 2017, 1, 'CLE', 0);
INSERT INTO pl_picks VALUES('ewang', 'CLE', 'PIT', 2017, 1, 'PIT', 0);
INSERT INTO pl_picks VALUES('akubaryk', 'CLE', 'PIT', 2017, 1, 'PIT', 0);
INSERT INTO pl_games VALUES('DET', 'ARI', 2017, 1, '2017-09-10 17:00:00', 35, 23, 2.5);
INSERT INTO pl_picks VALUES('nnguyen', 'DET', 'ARI', 2017, 1, 'ARI', 0);
INSERT INTO pl_picks VALUES('ckoci', 'DET', 'ARI', 2017, 1, 'DET', 0);
INSERT INTO pl_picks VALUES('qmartindale', 'DET', 'ARI', 2017, 1, 'DET', 0);
INSERT INTO pl_picks VALUES('pgunter', 'DET', 'ARI', 2017, 1, 'DET', 0);
INSERT INTO pl_picks VALUES('zschank', 'DET', 'ARI', 2017, 1, 'DET', 0);
INSERT INTO pl_picks VALUES('jtodd', 'DET', 'ARI', 2017, 1, 'DET', 0);
INSERT INTO pl_picks VALUES('thighland', 'DET', 'ARI', 2017, 1, 'ARI', 0);
INSERT INTO pl_picks VALUES('rwilliams', 'DET', 'ARI', 2017, 1, 'DET', 0);
INSERT INTO pl_picks VALUES('jeff', 'DET', 'ARI', 2017, 1, 'ARI', 0);
INSERT INTO pl_picks VALUES('wrambo', 'DET', 'ARI', 2017, 1, 'ARI', 0);
INSERT INTO pl_picks VALUES('jpnance', 'DET', 'ARI', 2017, 1, 'DET', 0);
INSERT INTO pl_picks VALUES('lzimmermann', 'DET', 'ARI', 2017, 1, 'ARI', 0);
INSERT INTO pl_picks VALUES('dschexnayder', 'DET', 'ARI', 2017, 1, 'DET', 0);
INSERT INTO pl_picks VALUES('bludwiczak', 'DET', 'ARI', 2017, 1, 'ARI', 0);
INSERT INTO pl_picks VALUES('avasudev', 'DET', 'ARI', 2017, 1, 'ARI', 0);
INSERT INTO pl_picks VALUES('ksomandar', 'DET', 'ARI', 2017, 1, 'DET', 0);
INSERT INTO pl_picks VALUES('ewang', 'DET', 'ARI', 2017, 1, 'DET', 0);
INSERT INTO pl_picks VALUES('akubaryk', 'DET', 'ARI', 2017, 1, 'DET', 0);
INSERT INTO pl_games VALUES('HOU', 'JAX', 2017, 1, '2017-09-10 17:00:00', 7, 29, -4.5);
INSERT INTO pl_picks VALUES('nnguyen', 'HOU', 'JAX', 2017, 1, 'HOU', 0);
INSERT INTO pl_picks VALUES('ckoci', 'HOU', 'JAX', 2017, 1, 'HOU', 0);
INSERT INTO pl_picks VALUES('qmartindale', 'HOU', 'JAX', 2017, 1, 'HOU', 0);
INSERT INTO pl_picks VALUES('pgunter', 'HOU', 'JAX', 2017, 1, 'HOU', 0);
INSERT INTO pl_picks VALUES('zschank', 'HOU', 'JAX', 2017, 1, 'HOU', 0);
INSERT INTO pl_picks VALUES('jtodd', 'HOU', 'JAX', 2017, 1, 'HOU', 0);
INSERT INTO pl_picks VALUES('thighland', 'HOU', 'JAX', 2017, 1, 'HOU', 0);
INSERT INTO pl_picks VALUES('rwilliams', 'HOU', 'JAX', 2017, 1, 'HOU', 0);
INSERT INTO pl_picks VALUES('jeff', 'HOU', 'JAX', 2017, 1, 'JAX', 0);
INSERT INTO pl_picks VALUES('wrambo', 'HOU', 'JAX', 2017, 1, 'HOU', 0);
INSERT INTO pl_picks VALUES('jpnance', 'HOU', 'JAX', 2017, 1, 'JAX', 0);
INSERT INTO pl_picks VALUES('lzimmermann', 'HOU', 'JAX', 2017, 1, 'HOU', 0);
INSERT INTO pl_picks VALUES('dschexnayder', 'HOU', 'JAX', 2017, 1, 'HOU', 0);
INSERT INTO pl_picks VALUES('bludwiczak', 'HOU', 'JAX', 2017, 1, 'HOU', 0);
INSERT INTO pl_picks VALUES('avasudev', 'HOU', 'JAX', 2017, 1, 'HOU', 0);
INSERT INTO pl_picks VALUES('ksomandar', 'HOU', 'JAX', 2017, 1, 'HOU', 0);
INSERT INTO pl_picks VALUES('ewang', 'HOU', 'JAX', 2017, 1, 'HOU', 0);
INSERT INTO pl_picks VALUES('akubaryk', 'HOU', 'JAX', 2017, 1, 'HOU', 0);
INSERT INTO pl_games VALUES('MIA', 'TB', 2017, 11, '2017-11-18 17:00:00', NULL, NULL, NULL);
INSERT INTO pl_picks VALUES('pgunter', 'MIA', 'TB', 2017, 11, 'MIA', 0);
INSERT INTO pl_picks VALUES('nnguyen', 'MIA', 'TB', 2017, 11, 'MIA', 0);
INSERT INTO pl_picks VALUES('thighland', 'MIA', 'TB', 2017, 11, 'MIA', 0);
INSERT INTO pl_picks VALUES('avasudev', 'MIA', 'TB', 2017, 11, 'MIA', 0);
INSERT INTO pl_games VALUES('TEN', 'OAK', 2017, 1, '2017-09-10 17:00:00', 16, 26, -2.5);
INSERT INTO pl_picks VALUES('nnguyen', 'TEN', 'OAK', 2017, 1, 'TEN', 0);
INSERT INTO pl_picks VALUES('ckoci', 'TEN', 'OAK', 2017, 1, 'TEN', 0);
INSERT INTO pl_picks VALUES('qmartindale', 'TEN', 'OAK', 2017, 1, 'TEN', 0);
INSERT INTO pl_picks VALUES('pgunter', 'TEN', 'OAK', 2017, 1, 'TEN', 0);
INSERT INTO pl_picks VALUES('zschank', 'TEN', 'OAK', 2017, 1, 'OAK', 0);
INSERT INTO pl_picks VALUES('jtodd', 'TEN', 'OAK', 2017, 1, 'TEN', 0);
INSERT INTO pl_picks VALUES('thighland', 'TEN', 'OAK', 2017, 1, 'OAK', 0);
INSERT INTO pl_picks VALUES('rwilliams', 'TEN', 'OAK', 2017, 1, 'OAK', 0);
INSERT INTO pl_picks VALUES('jeff', 'TEN', 'OAK', 2017, 1, 'OAK', 0);
INSERT INTO pl_picks VALUES('wrambo', 'TEN', 'OAK', 2017, 1, 'OAK', 0);
INSERT INTO pl_picks VALUES('jpnance', 'TEN', 'OAK', 2017, 1, 'TEN', 0);
INSERT INTO pl_picks VALUES('lzimmermann', 'TEN', 'OAK', 2017, 1, 'TEN', 0);
INSERT INTO pl_picks VALUES('dschexnayder', 'TEN', 'OAK', 2017, 1, 'TEN', 0);
INSERT INTO pl_picks VALUES('bludwiczak', 'TEN', 'OAK', 2017, 1, 'TEN', 0);
INSERT INTO pl_picks VALUES('avasudev', 'TEN', 'OAK', 2017, 1, 'OAK', 0);
INSERT INTO pl_picks VALUES('ksomandar', 'TEN', 'OAK', 2017, 1, 'TEN', 0);
INSERT INTO pl_picks VALUES('ewang', 'TEN', 'OAK', 2017, 1, 'TEN', 0);
INSERT INTO pl_picks VALUES('akubaryk', 'TEN', 'OAK', 2017, 1, 'TEN', 0);
INSERT INTO pl_games VALUES('WAS', 'PHI', 2017, 1, '2017-09-10 17:00:00', 17, 30, 1.5);
INSERT INTO pl_picks VALUES('nnguyen', 'WAS', 'PHI', 2017, 1, 'WAS', 0);
INSERT INTO pl_picks VALUES('ckoci', 'WAS', 'PHI', 2017, 1, 'WAS', 0);
INSERT INTO pl_picks VALUES('qmartindale', 'WAS', 'PHI', 2017, 1, 'PHI', 0);
INSERT INTO pl_picks VALUES('pgunter', 'WAS', 'PHI', 2017, 1, 'WAS', 0);
INSERT INTO pl_picks VALUES('zschank', 'WAS', 'PHI', 2017, 1, 'PHI', 0);
INSERT INTO pl_picks VALUES('jtodd', 'WAS', 'PHI', 2017, 1, 'WAS', 0);
INSERT INTO pl_picks VALUES('thighland', 'WAS', 'PHI', 2017, 1, 'WAS', 0);
INSERT INTO pl_picks VALUES('rwilliams', 'WAS', 'PHI', 2017, 1, 'WAS', 0);
INSERT INTO pl_picks VALUES('jeff', 'WAS', 'PHI', 2017, 1, 'WAS', 0);
INSERT INTO pl_picks VALUES('wrambo', 'WAS', 'PHI', 2017, 1, 'WAS', 0);
INSERT INTO pl_picks VALUES('jpnance', 'WAS', 'PHI', 2017, 1, 'WAS', 0);
INSERT INTO pl_picks VALUES('bludwiczak', 'WAS', 'PHI', 2017, 1, 'PHI', 0);
INSERT INTO pl_picks VALUES('lzimmermann', 'WAS', 'PHI', 2017, 1, 'PHI', 0);
INSERT INTO pl_picks VALUES('dschexnayder', 'WAS', 'PHI', 2017, 1, 'WAS', 0);
INSERT INTO pl_picks VALUES('avasudev', 'WAS', 'PHI', 2017, 1, 'PHI', 0);
INSERT INTO pl_picks VALUES('ksomandar', 'WAS', 'PHI', 2017, 1, 'WAS', 0);
INSERT INTO pl_picks VALUES('ewang', 'WAS', 'PHI', 2017, 1, 'WAS', 0);
INSERT INTO pl_picks VALUES('akubaryk', 'WAS', 'PHI', 2017, 1, 'WAS', 0);
INSERT INTO pl_games VALUES('LAR', 'IND', 2017, 1, '2017-09-10 20:05:00', 46, 9, -4.5);
INSERT INTO pl_picks VALUES('nnguyen', 'LAR', 'IND', 2017, 1, 'LAR', 0);
INSERT INTO pl_picks VALUES('ckoci', 'LAR', 'IND', 2017, 1, 'LAR', 0);
INSERT INTO pl_picks VALUES('qmartindale', 'LAR', 'IND', 2017, 1, 'IND', 0);
INSERT INTO pl_picks VALUES('pgunter', 'LAR', 'IND', 2017, 1, 'LAR', 0);
INSERT INTO pl_picks VALUES('zschank', 'LAR', 'IND', 2017, 1, 'LAR', 0);
INSERT INTO pl_picks VALUES('jtodd', 'LAR', 'IND', 2017, 1, 'LAR', 0);
INSERT INTO pl_picks VALUES('thighland', 'LAR', 'IND', 2017, 1, 'LAR', 0);
INSERT INTO pl_picks VALUES('rwilliams', 'LAR', 'IND', 2017, 1, 'IND', 0);
INSERT INTO pl_picks VALUES('jeff', 'LAR', 'IND', 2017, 1, 'IND', 0);
INSERT INTO pl_picks VALUES('wrambo', 'LAR', 'IND', 2017, 1, 'IND', 0);
INSERT INTO pl_picks VALUES('jpnance', 'LAR', 'IND', 2017, 1, 'IND', 0);
INSERT INTO pl_picks VALUES('lzimmermann', 'LAR', 'IND', 2017, 1, 'LAR', 0);
INSERT INTO pl_picks VALUES('dschexnayder', 'LAR', 'IND', 2017, 1, 'IND', 0);
INSERT INTO pl_picks VALUES('avasudev', 'LAR', 'IND', 2017, 1, 'LAR', 0);
INSERT INTO pl_picks VALUES('ksomandar', 'LAR', 'IND', 2017, 1, 'LAR', 0);
INSERT INTO pl_picks VALUES('ewang', 'LAR', 'IND', 2017, 1, 'IND', 0);
INSERT INTO pl_picks VALUES('akubaryk', 'LAR', 'IND', 2017, 1, 'IND', 0);
INSERT INTO pl_picks VALUES('bludwiczak', 'LAR', 'IND', 2017, 1, 'LAR', 0);
INSERT INTO pl_games VALUES('GB', 'SEA', 2017, 1, '2017-09-10 20:25:00', 17, 9, -2.5);
INSERT INTO pl_picks VALUES('nnguyen', 'GB', 'SEA', 2017, 1, 'GB', 0);
INSERT INTO pl_picks VALUES('ckoci', 'GB', 'SEA', 2017, 1, 'GB', 0);
INSERT INTO pl_picks VALUES('qmartindale', 'GB', 'SEA', 2017, 1, 'GB', 0);
INSERT INTO pl_picks VALUES('pgunter', 'GB', 'SEA', 2017, 1, 'GB', 0);
INSERT INTO pl_picks VALUES('zschank', 'GB', 'SEA', 2017, 1, 'GB', 0);
INSERT INTO pl_picks VALUES('jtodd', 'GB', 'SEA', 2017, 1, 'GB', 0);
INSERT INTO pl_picks VALUES('thighland', 'GB', 'SEA', 2017, 1, 'GB', 0);
INSERT INTO pl_picks VALUES('rwilliams', 'GB', 'SEA', 2017, 1, 'SEA', 0);
INSERT INTO pl_picks VALUES('jeff', 'GB', 'SEA', 2017, 1, 'GB', 0);
INSERT INTO pl_picks VALUES('wrambo', 'GB', 'SEA', 2017, 1, 'GB', 0);
INSERT INTO pl_picks VALUES('jpnance', 'GB', 'SEA', 2017, 1, 'GB', 0);
INSERT INTO pl_picks VALUES('lzimmermann', 'GB', 'SEA', 2017, 1, 'GB', 0);
INSERT INTO pl_picks VALUES('dschexnayder', 'GB', 'SEA', 2017, 1, 'SEA', 0);
INSERT INTO pl_picks VALUES('avasudev', 'GB', 'SEA', 2017, 1, 'SEA', 0);
INSERT INTO pl_picks VALUES('ksomandar', 'GB', 'SEA', 2017, 1, 'GB', 0);
INSERT INTO pl_picks VALUES('ewang', 'GB', 'SEA', 2017, 1, 'SEA', 0);
INSERT INTO pl_picks VALUES('akubaryk', 'GB', 'SEA', 2017, 1, 'GB', 0);
INSERT INTO pl_picks VALUES('bludwiczak', 'GB', 'SEA', 2017, 1, 'SEA', 0);
INSERT INTO pl_games VALUES('SF', 'CAR', 2017, 1, '2017-09-10 20:25:00', 3, 23, 5.5);
INSERT INTO pl_picks VALUES('nnguyen', 'SF', 'CAR', 2017, 1, 'CAR', 0);
INSERT INTO pl_picks VALUES('ckoci', 'SF', 'CAR', 2017, 1, 'SF', 0);
INSERT INTO pl_picks VALUES('qmartindale', 'SF', 'CAR', 2017, 1, 'SF', 0);
INSERT INTO pl_picks VALUES('pgunter', 'SF', 'CAR', 2017, 1, 'SF', 0);
INSERT INTO pl_picks VALUES('zschank', 'SF', 'CAR', 2017, 1, 'CAR', 0);
INSERT INTO pl_picks VALUES('jtodd', 'SF', 'CAR', 2017, 1, 'CAR', 0);
INSERT INTO pl_picks VALUES('thighland', 'SF', 'CAR', 2017, 1, 'CAR', 0);
INSERT INTO pl_picks VALUES('rwilliams', 'SF', 'CAR', 2017, 1, 'SF', 0);
INSERT INTO pl_picks VALUES('jeff', 'SF', 'CAR', 2017, 1, 'CAR', 0);
INSERT INTO pl_picks VALUES('wrambo', 'SF', 'CAR', 2017, 1, 'CAR', 0);
INSERT INTO pl_picks VALUES('jpnance', 'SF', 'CAR', 2017, 1, 'SF', 0);
INSERT INTO pl_picks VALUES('lzimmermann', 'SF', 'CAR', 2017, 1, 'CAR', 0);
INSERT INTO pl_picks VALUES('dschexnayder', 'SF', 'CAR', 2017, 1, 'CAR', 0);
INSERT INTO pl_picks VALUES('avasudev', 'SF', 'CAR', 2017, 1, 'CAR', 0);
INSERT INTO pl_picks VALUES('ksomandar', 'SF', 'CAR', 2017, 1, 'CAR', 0);
INSERT INTO pl_picks VALUES('ewang', 'SF', 'CAR', 2017, 1, 'CAR', 0);
INSERT INTO pl_picks VALUES('akubaryk', 'SF', 'CAR', 2017, 1, 'SF', 0);
INSERT INTO pl_picks VALUES('bludwiczak', 'SF', 'CAR', 2017, 1, 'CAR', 0);
INSERT INTO pl_games VALUES('DAL', 'NYG', 2017, 1, '2017-09-11 00:30:00', 19, 3, -4.5);
INSERT INTO pl_picks VALUES('nnguyen', 'DAL', 'NYG', 2017, 1, 'DAL', 0);
INSERT INTO pl_picks VALUES('ckoci', 'DAL', 'NYG', 2017, 1, 'DAL', 0);
INSERT INTO pl_picks VALUES('qmartindale', 'DAL', 'NYG', 2017, 1, 'NYG', 0);
INSERT INTO pl_picks VALUES('pgunter', 'DAL', 'NYG', 2017, 1, 'DAL', 0);
INSERT INTO pl_picks VALUES('zschank', 'DAL', 'NYG', 2017, 1, 'DAL', 0);
INSERT INTO pl_picks VALUES('jtodd', 'DAL', 'NYG', 2017, 1, 'DAL', 0);
INSERT INTO pl_picks VALUES('thighland', 'DAL', 'NYG', 2017, 1, 'DAL', 0);
INSERT INTO pl_picks VALUES('rwilliams', 'DAL', 'NYG', 2017, 1, 'DAL', 0);
INSERT INTO pl_picks VALUES('jeff', 'DAL', 'NYG', 2017, 1, 'NYG', 0);
INSERT INTO pl_picks VALUES('wrambo', 'DAL', 'NYG', 2017, 1, 'DAL', 0);
INSERT INTO pl_picks VALUES('jpnance', 'DAL', 'NYG', 2017, 1, 'NYG', 0);
INSERT INTO pl_picks VALUES('lzimmermann', 'DAL', 'NYG', 2017, 1, 'DAL', 0);
INSERT INTO pl_picks VALUES('dschexnayder', 'DAL', 'NYG', 2017, 1, 'DAL', 0);
INSERT INTO pl_picks VALUES('avasudev', 'DAL', 'NYG', 2017, 1, 'DAL', 0);
INSERT INTO pl_picks VALUES('ksomandar', 'DAL', 'NYG', 2017, 1, 'NYG', 0);
INSERT INTO pl_picks VALUES('ewang', 'DAL', 'NYG', 2017, 1, 'DAL', 0);
INSERT INTO pl_picks VALUES('akubaryk', 'DAL', 'NYG', 2017, 1, 'NYG', 0);
INSERT INTO pl_picks VALUES('bludwiczak', 'DAL', 'NYG', 2017, 1, 'DAL', 0);
INSERT INTO pl_picks VALUES('jmckee', 'DAL', 'NYG', 2017, 1, 'DAL', 0);
INSERT INTO pl_games VALUES('MIN', 'NO', 2017, 1, '2017-09-11 23:10:00', 29, 19, -2.5);
INSERT INTO pl_picks VALUES('nnguyen', 'MIN', 'NO', 2017, 1, 'MIN', 0);
INSERT INTO pl_picks VALUES('ckoci', 'MIN', 'NO', 2017, 1, 'MIN', 0);
INSERT INTO pl_picks VALUES('qmartindale', 'MIN', 'NO', 2017, 1, 'MIN', 0);
INSERT INTO pl_picks VALUES('pgunter', 'MIN', 'NO', 2017, 1, 'MIN', 0);
INSERT INTO pl_picks VALUES('zschank', 'MIN', 'NO', 2017, 1, 'MIN', 0);
INSERT INTO pl_picks VALUES('jtodd', 'MIN', 'NO', 2017, 1, 'MIN', 0);
INSERT INTO pl_picks VALUES('thighland', 'MIN', 'NO', 2017, 1, 'MIN', 0);
INSERT INTO pl_picks VALUES('rwilliams', 'MIN', 'NO', 2017, 1, 'NO', 0);
INSERT INTO pl_picks VALUES('jeff', 'MIN', 'NO', 2017, 1, 'NO', 0);
INSERT INTO pl_picks VALUES('jpnance', 'MIN', 'NO', 2017, 1, 'MIN', 0);
INSERT INTO pl_picks VALUES('lzimmermann', 'MIN', 'NO', 2017, 1, 'NO', 0);
INSERT INTO pl_picks VALUES('dschexnayder', 'MIN', 'NO', 2017, 1, 'NO', 0);
INSERT INTO pl_picks VALUES('avasudev', 'MIN', 'NO', 2017, 1, 'NO', 0);
INSERT INTO pl_picks VALUES('ksomandar', 'MIN', 'NO', 2017, 1, 'MIN', 0);
INSERT INTO pl_picks VALUES('ewang', 'MIN', 'NO', 2017, 1, 'MIN', 0);
INSERT INTO pl_picks VALUES('akubaryk', 'MIN', 'NO', 2017, 1, 'MIN', 0);
INSERT INTO pl_picks VALUES('jmckee', 'MIN', 'NO', 2017, 1, 'MIN', 0);
INSERT INTO pl_picks VALUES('bludwiczak', 'MIN', 'NO', 2017, 1, 'MIN', 0);
INSERT INTO pl_games VALUES('DEN', 'LAC', 2017, 1, '2017-09-12 02:20:00', 24, 21, -2.5);
INSERT INTO pl_picks VALUES('nnguyen', 'DEN', 'LAC', 2017, 1, 'DEN', 0);
INSERT INTO pl_picks VALUES('ckoci', 'DEN', 'LAC', 2017, 1, 'DEN', 0);
INSERT INTO pl_picks VALUES('qmartindale', 'DEN', 'LAC', 2017, 1, 'DEN', 0);
INSERT INTO pl_picks VALUES('pgunter', 'DEN', 'LAC', 2017, 1, 'DEN', 0);
INSERT INTO pl_picks VALUES('zschank', 'DEN', 'LAC', 2017, 1, 'DEN', 0);
INSERT INTO pl_picks VALUES('jtodd', 'DEN', 'LAC', 2017, 1, 'LAC', 0);
INSERT INTO pl_picks VALUES('thighland', 'DEN', 'LAC', 2017, 1, 'DEN', 0);
INSERT INTO pl_picks VALUES('rwilliams', 'DEN', 'LAC', 2017, 1, 'DEN', 0);
INSERT INTO pl_picks VALUES('jeff', 'DEN', 'LAC', 2017, 1, 'DEN', 0);
INSERT INTO pl_picks VALUES('jpnance', 'DEN', 'LAC', 2017, 1, 'DEN', 0);
INSERT INTO pl_picks VALUES('lzimmermann', 'DEN', 'LAC', 2017, 1, 'DEN', 0);
INSERT INTO pl_picks VALUES('dschexnayder', 'DEN', 'LAC', 2017, 1, 'LAC', 0);
INSERT INTO pl_picks VALUES('avasudev', 'DEN', 'LAC', 2017, 1, 'DEN', 0);
INSERT INTO pl_picks VALUES('ksomandar', 'DEN', 'LAC', 2017, 1, 'DEN', 0);
INSERT INTO pl_picks VALUES('ewang', 'DEN', 'LAC', 2017, 1, 'DEN', 0);
INSERT INTO pl_picks VALUES('akubaryk', 'DEN', 'LAC', 2017, 1, 'DEN', 0);
INSERT INTO pl_picks VALUES('jmckee', 'DEN', 'LAC', 2017, 1, 'DEN', 0);
INSERT INTO pl_picks VALUES('bludwiczak', 'DEN', 'LAC', 2017, 1, 'LAC', 0);
INSERT INTO pl_games VALUES('CIN', 'HOU', 2017, 2, '2017-09-15 00:25:00', NULL, NULL, -6.5);
INSERT INTO pl_picks VALUES('dschexnayder', 'CIN', 'HOU', 2017, 2, 'HOU', 0);
INSERT INTO pl_picks VALUES('pgunter', 'CIN', 'HOU', 2017, 2, 'CIN', 0);
INSERT INTO pl_picks VALUES('nnguyen', 'CIN', 'HOU', 2017, 2, 'HOU', 0);
INSERT INTO pl_picks VALUES('jtodd', 'CIN', 'HOU', 2017, 2, 'CIN', 0);
INSERT INTO pl_picks VALUES('thighland', 'CIN', 'HOU', 2017, 2, 'CIN', 0);
INSERT INTO pl_picks VALUES('avasudev', 'CIN', 'HOU', 2017, 2, 'CIN', 0);
INSERT INTO pl_picks VALUES('zschank', 'CIN', 'HOU', 2017, 2, 'CIN', 0);
INSERT INTO pl_picks VALUES('jmckee', 'CIN', 'HOU', 2017, 2, 'CIN', 0);
INSERT INTO pl_picks VALUES('jpnance', 'CIN', 'HOU', 2017, 2, 'HOU', 0);
INSERT INTO pl_picks VALUES('ksomandar', 'CIN', 'HOU', 2017, 2, 'CIN', 0);
INSERT INTO pl_games VALUES('BAL', 'CLE', 2017, 2, '2017-09-17 17:00:00', NULL, NULL, NULL);
INSERT INTO pl_picks VALUES('pgunter', 'BAL', 'CLE', 2017, 2, 'BAL', 0);
INSERT INTO pl_picks VALUES('nnguyen', 'BAL', 'CLE', 2017, 2, 'BAL', 0);
INSERT INTO pl_picks VALUES('thighland', 'BAL', 'CLE', 2017, 2, 'BAL', 0);
INSERT INTO pl_picks VALUES('avasudev', 'BAL', 'CLE', 2017, 2, 'BAL', 0);
INSERT INTO pl_picks VALUES('jtodd', 'BAL', 'CLE', 2017, 2, 'BAL', 0);
INSERT INTO pl_picks VALUES('zschank', 'BAL', 'CLE', 2017, 2, 'BAL', 0);
INSERT INTO pl_picks VALUES('jmckee', 'BAL', 'CLE', 2017, 2, 'BAL', 0);
INSERT INTO pl_games VALUES('CAR', 'BUF', 2017, 2, '2017-09-17 17:00:00', NULL, NULL, NULL);
INSERT INTO pl_picks VALUES('pgunter', 'CAR', 'BUF', 2017, 2, 'CAR', 0);
INSERT INTO pl_picks VALUES('nnguyen', 'CAR', 'BUF', 2017, 2, 'CAR', 0);
INSERT INTO pl_picks VALUES('thighland', 'CAR', 'BUF', 2017, 2, 'CAR', 0);
INSERT INTO pl_picks VALUES('avasudev', 'CAR', 'BUF', 2017, 2, 'CAR', 0);
INSERT INTO pl_picks VALUES('jtodd', 'CAR', 'BUF', 2017, 2, 'CAR', 0);
INSERT INTO pl_picks VALUES('zschank', 'CAR', 'BUF', 2017, 2, 'CAR', 0);
INSERT INTO pl_picks VALUES('jmckee', 'CAR', 'BUF', 2017, 2, 'CAR', 0);
INSERT INTO pl_games VALUES('IND', 'ARI', 2017, 2, '2017-09-17 17:00:00', NULL, NULL, NULL);
INSERT INTO pl_picks VALUES('pgunter', 'IND', 'ARI', 2017, 2, 'IND', 0);
INSERT INTO pl_picks VALUES('nnguyen', 'IND', 'ARI', 2017, 2, 'IND', 0);
INSERT INTO pl_picks VALUES('thighland', 'IND', 'ARI', 2017, 2, 'IND', 0);
INSERT INTO pl_picks VALUES('avasudev', 'IND', 'ARI', 2017, 2, 'IND', 0);
INSERT INTO pl_picks VALUES('jtodd', 'IND', 'ARI', 2017, 2, 'IND', 0);
INSERT INTO pl_picks VALUES('zschank', 'IND', 'ARI', 2017, 2, 'ARI', 0);
INSERT INTO pl_picks VALUES('jmckee', 'IND', 'ARI', 2017, 2, 'IND', 0);
INSERT INTO pl_games VALUES('JAX', 'TEN', 2017, 2, '2017-09-17 17:00:00', NULL, NULL, NULL);
INSERT INTO pl_picks VALUES('pgunter', 'JAX', 'TEN', 2017, 2, 'JAX', 0);
INSERT INTO pl_picks VALUES('nnguyen', 'JAX', 'TEN', 2017, 2, 'TEN', 0);
INSERT INTO pl_picks VALUES('thighland', 'JAX', 'TEN', 2017, 2, 'JAX', 0);
INSERT INTO pl_picks VALUES('avasudev', 'JAX', 'TEN', 2017, 2, 'TEN', 0);
INSERT INTO pl_picks VALUES('jtodd', 'JAX', 'TEN', 2017, 2, 'JAX', 0);
INSERT INTO pl_picks VALUES('zschank', 'JAX', 'TEN', 2017, 2, 'JAX', 0);
INSERT INTO pl_picks VALUES('jmckee', 'JAX', 'TEN', 2017, 2, 'JAX', 0);
INSERT INTO pl_games VALUES('KC', 'PHI', 2017, 2, '2017-09-17 17:00:00', NULL, NULL, NULL);
INSERT INTO pl_picks VALUES('pgunter', 'KC', 'PHI', 2017, 2, 'KC', 0);
INSERT INTO pl_picks VALUES('nnguyen', 'KC', 'PHI', 2017, 2, 'KC', 0);
INSERT INTO pl_picks VALUES('thighland', 'KC', 'PHI', 2017, 2, 'KC', 0);
INSERT INTO pl_picks VALUES('avasudev', 'KC', 'PHI', 2017, 2, 'KC', 0);
INSERT INTO pl_picks VALUES('jtodd', 'KC', 'PHI', 2017, 2, 'KC', 0);
INSERT INTO pl_picks VALUES('zschank', 'KC', 'PHI', 2017, 2, 'KC', 0);
INSERT INTO pl_picks VALUES('jmckee', 'KC', 'PHI', 2017, 2, 'KC', 0);
INSERT INTO pl_games VALUES('NO', 'NE', 2017, 2, '2017-09-17 17:00:00', NULL, NULL, NULL);
INSERT INTO pl_picks VALUES('pgunter', 'NO', 'NE', 2017, 2, 'NO', 0);
INSERT INTO pl_picks VALUES('nnguyen', 'NO', 'NE', 2017, 2, 'NE', 0);
INSERT INTO pl_picks VALUES('thighland', 'NO', 'NE', 2017, 2, 'NO', 0);
INSERT INTO pl_picks VALUES('avasudev', 'NO', 'NE', 2017, 2, 'NE', 0);
INSERT INTO pl_picks VALUES('jtodd', 'NO', 'NE', 2017, 2, 'NO', 0);
INSERT INTO pl_picks VALUES('zschank', 'NO', 'NE', 2017, 2, 'NO', 0);
INSERT INTO pl_picks VALUES('jmckee', 'NO', 'NE', 2017, 2, 'NO', 0);
INSERT INTO pl_games VALUES('PIT', 'MIN', 2017, 2, '2017-09-17 17:00:00', NULL, NULL, NULL);
INSERT INTO pl_picks VALUES('pgunter', 'PIT', 'MIN', 2017, 2, 'PIT', 0);
INSERT INTO pl_picks VALUES('nnguyen', 'PIT', 'MIN', 2017, 2, 'PIT', 0);
INSERT INTO pl_picks VALUES('thighland', 'PIT', 'MIN', 2017, 2, 'PIT', 0);
INSERT INTO pl_picks VALUES('avasudev', 'PIT', 'MIN', 2017, 2, 'PIT', 0);
INSERT INTO pl_picks VALUES('jtodd', 'PIT', 'MIN', 2017, 2, 'PIT', 0);
INSERT INTO pl_picks VALUES('zschank', 'PIT', 'MIN', 2017, 2, 'PIT', 0);
INSERT INTO pl_picks VALUES('jmckee', 'PIT', 'MIN', 2017, 2, 'PIT', 0);
INSERT INTO pl_games VALUES('TB', 'CHI', 2017, 2, '2017-09-17 17:00:00', NULL, NULL, NULL);
INSERT INTO pl_picks VALUES('pgunter', 'TB', 'CHI', 2017, 2, 'TB', 0);
INSERT INTO pl_picks VALUES('nnguyen', 'TB', 'CHI', 2017, 2, 'TB', 0);
INSERT INTO pl_picks VALUES('thighland', 'TB', 'CHI', 2017, 2, 'TB', 0);
INSERT INTO pl_picks VALUES('avasudev', 'TB', 'CHI', 2017, 2, 'CHI', 0);
INSERT INTO pl_picks VALUES('jtodd', 'TB', 'CHI', 2017, 2, 'TB', 0);
INSERT INTO pl_picks VALUES('zschank', 'TB', 'CHI', 2017, 2, 'TB', 0);
INSERT INTO pl_picks VALUES('jmckee', 'TB', 'CHI', 2017, 2, 'TB', 0);
INSERT INTO pl_games VALUES('LAC', 'MIA', 2017, 2, '2017-09-17 20:05:00', NULL, NULL, NULL);
INSERT INTO pl_picks VALUES('pgunter', 'LAC', 'MIA', 2017, 2, 'LAC', 0);
INSERT INTO pl_picks VALUES('nnguyen', 'LAC', 'MIA', 2017, 2, 'LAC', 0);
INSERT INTO pl_picks VALUES('thighland', 'LAC', 'MIA', 2017, 2, 'LAC', 0);
INSERT INTO pl_picks VALUES('avasudev', 'LAC', 'MIA', 2017, 2, 'MIA', 0);
INSERT INTO pl_picks VALUES('jtodd', 'LAC', 'MIA', 2017, 2, 'LAC', 0);
INSERT INTO pl_picks VALUES('zschank', 'LAC', 'MIA', 2017, 2, 'LAC', 0);
INSERT INTO pl_picks VALUES('jmckee', 'LAC', 'MIA', 2017, 2, 'LAC', 0);
INSERT INTO pl_games VALUES('OAK', 'NYJ', 2017, 2, '2017-09-17 20:05:00', NULL, NULL, NULL);
INSERT INTO pl_picks VALUES('pgunter', 'OAK', 'NYJ', 2017, 2, 'OAK', 0);
INSERT INTO pl_picks VALUES('nnguyen', 'OAK', 'NYJ', 2017, 2, 'OAK', 0);
INSERT INTO pl_picks VALUES('thighland', 'OAK', 'NYJ', 2017, 2, 'OAK', 0);
INSERT INTO pl_picks VALUES('avasudev', 'OAK', 'NYJ', 2017, 2, 'OAK', 0);
INSERT INTO pl_picks VALUES('jtodd', 'OAK', 'NYJ', 2017, 2, 'OAK', 0);
INSERT INTO pl_picks VALUES('zschank', 'OAK', 'NYJ', 2017, 2, 'OAK', 0);
INSERT INTO pl_picks VALUES('jmckee', 'OAK', 'NYJ', 2017, 2, 'OAK', 0);
INSERT INTO pl_games VALUES('DEN', 'DAL', 2017, 2, '2017-09-17 20:25:00', NULL, NULL, NULL);
INSERT INTO pl_picks VALUES('pgunter', 'DEN', 'DAL', 2017, 2, 'DEN', 0);
INSERT INTO pl_picks VALUES('nnguyen', 'DEN', 'DAL', 2017, 2, 'DEN', 0);
INSERT INTO pl_picks VALUES('thighland', 'DEN', 'DAL', 2017, 2, 'DEN', 0);
INSERT INTO pl_picks VALUES('avasudev', 'DEN', 'DAL', 2017, 2, 'DAL', 0);
INSERT INTO pl_picks VALUES('jtodd', 'DEN', 'DAL', 2017, 2, 'DEN', 0);
INSERT INTO pl_picks VALUES('zschank', 'DEN', 'DAL', 2017, 2, 'DAL', 0);
INSERT INTO pl_picks VALUES('jmckee', 'DEN', 'DAL', 2017, 2, 'DEN', 0);
INSERT INTO pl_games VALUES('LAR', 'WAS', 2017, 2, '2017-09-17 20:25:00', NULL, NULL, NULL);
INSERT INTO pl_picks VALUES('pgunter', 'LAR', 'WAS', 2017, 2, 'LAR', 0);
INSERT INTO pl_picks VALUES('nnguyen', 'LAR', 'WAS', 2017, 2, 'LAR', 0);
INSERT INTO pl_picks VALUES('thighland', 'LAR', 'WAS', 2017, 2, 'LAR', 0);
INSERT INTO pl_picks VALUES('avasudev', 'LAR', 'WAS', 2017, 2, 'LAR', 0);
INSERT INTO pl_picks VALUES('jtodd', 'LAR', 'WAS', 2017, 2, 'LAR', 0);
INSERT INTO pl_picks VALUES('zschank', 'LAR', 'WAS', 2017, 2, 'LAR', 0);
INSERT INTO pl_picks VALUES('jmckee', 'LAR', 'WAS', 2017, 2, 'LAR', 0);
INSERT INTO pl_games VALUES('SEA', 'SF', 2017, 2, '2017-09-17 20:25:00', NULL, NULL, NULL);
INSERT INTO pl_picks VALUES('pgunter', 'SEA', 'SF', 2017, 2, 'SEA', 0);
INSERT INTO pl_picks VALUES('nnguyen', 'SEA', 'SF', 2017, 2, 'SEA', 0);
INSERT INTO pl_picks VALUES('thighland', 'SEA', 'SF', 2017, 2, 'SEA', 0);
INSERT INTO pl_picks VALUES('avasudev', 'SEA', 'SF', 2017, 2, 'SEA', 0);
INSERT INTO pl_picks VALUES('jtodd', 'SEA', 'SF', 2017, 2, 'SEA', 0);
INSERT INTO pl_picks VALUES('zschank', 'SEA', 'SF', 2017, 2, 'SEA', 0);
INSERT INTO pl_picks VALUES('jmckee', 'SEA', 'SF', 2017, 2, 'SEA', 0);
INSERT INTO pl_games VALUES('ATL', 'GB', 2017, 2, '2017-09-18 00:30:00', NULL, NULL, NULL);
INSERT INTO pl_picks VALUES('pgunter', 'ATL', 'GB', 2017, 2, 'ATL', 0);
INSERT INTO pl_picks VALUES('nnguyen', 'ATL', 'GB', 2017, 2, 'GB', 0);
INSERT INTO pl_picks VALUES('thighland', 'ATL', 'GB', 2017, 2, 'ATL', 0);
INSERT INTO pl_picks VALUES('avasudev', 'ATL', 'GB', 2017, 2, 'GB', 0);
INSERT INTO pl_picks VALUES('jtodd', 'ATL', 'GB', 2017, 2, 'ATL', 0);
INSERT INTO pl_picks VALUES('zschank', 'ATL', 'GB', 2017, 2, 'ATL', 0);
INSERT INTO pl_picks VALUES('jmckee', 'ATL', 'GB', 2017, 2, 'ATL', 0);
INSERT INTO pl_games VALUES('NYG', 'DET', 2017, 2, '2017-09-19 00:30:00', NULL, NULL, NULL);
INSERT INTO pl_picks VALUES('pgunter', 'NYG', 'DET', 2017, 2, 'NYG', 0);
INSERT INTO pl_picks VALUES('nnguyen', 'NYG', 'DET', 2017, 2, 'NYG', 0);
INSERT INTO pl_picks VALUES('thighland', 'NYG', 'DET', 2017, 2, 'NYG', 0);
INSERT INTO pl_picks VALUES('avasudev', 'NYG', 'DET', 2017, 2, 'NYG', 0);
INSERT INTO pl_picks VALUES('jtodd', 'NYG', 'DET', 2017, 2, 'NYG', 0);
INSERT INTO pl_picks VALUES('zschank', 'NYG', 'DET', 2017, 2, 'DET', 0);
INSERT INTO pl_picks VALUES('jmckee', 'NYG', 'DET', 2017, 2, 'NYG', 0);
INSERT INTO pl_games VALUES('SF', 'LAR', 2017, 3, '2017-09-22 00:25:00', NULL, NULL, NULL);
INSERT INTO pl_picks VALUES('dschexnayder', 'SF', 'LAR', 2017, 3, 'SF', 0);
INSERT INTO pl_picks VALUES('pgunter', 'SF', 'LAR', 2017, 3, 'SF', 0);
INSERT INTO pl_picks VALUES('nnguyen', 'SF', 'LAR', 2017, 3, 'LAR', 0);
INSERT INTO pl_picks VALUES('thighland', 'SF', 'LAR', 2017, 3, 'SF', 0);
INSERT INTO pl_picks VALUES('avasudev', 'SF', 'LAR', 2017, 3, 'SF', 0);
INSERT INTO pl_games VALUES('JAX', 'BAL', 2017, 3, '2017-09-24 13:30:00', NULL, NULL, NULL);
INSERT INTO pl_picks VALUES('pgunter', 'JAX', 'BAL', 2017, 3, 'JAX', 0);
INSERT INTO pl_picks VALUES('nnguyen', 'JAX', 'BAL', 2017, 3, 'JAX', 0);
INSERT INTO pl_picks VALUES('thighland', 'JAX', 'BAL', 2017, 3, 'JAX', 0);
INSERT INTO pl_picks VALUES('avasudev', 'JAX', 'BAL', 2017, 3, 'JAX', 0);
INSERT INTO pl_games VALUES('BUF', 'DEN', 2017, 3, '2017-09-24 17:00:00', NULL, NULL, NULL);
INSERT INTO pl_picks VALUES('pgunter', 'BUF', 'DEN', 2017, 3, 'BUF', 0);
INSERT INTO pl_picks VALUES('nnguyen', 'BUF', 'DEN', 2017, 3, 'BUF', 0);
INSERT INTO pl_picks VALUES('thighland', 'BUF', 'DEN', 2017, 3, 'BUF', 0);
INSERT INTO pl_picks VALUES('avasudev', 'BUF', 'DEN', 2017, 3, 'BUF', 0);
INSERT INTO pl_games VALUES('CAR', 'NO', 2017, 3, '2017-09-24 17:00:00', NULL, NULL, NULL);
INSERT INTO pl_picks VALUES('pgunter', 'CAR', 'NO', 2017, 3, 'CAR', 0);
INSERT INTO pl_picks VALUES('nnguyen', 'CAR', 'NO', 2017, 3, 'CAR', 0);
INSERT INTO pl_picks VALUES('thighland', 'CAR', 'NO', 2017, 3, 'CAR', 0);
INSERT INTO pl_picks VALUES('avasudev', 'CAR', 'NO', 2017, 3, 'CAR', 0);
INSERT INTO pl_games VALUES('CHI', 'PIT', 2017, 3, '2017-09-24 17:00:00', NULL, NULL, NULL);
INSERT INTO pl_picks VALUES('pgunter', 'CHI', 'PIT', 2017, 3, 'CHI', 0);
INSERT INTO pl_picks VALUES('nnguyen', 'CHI', 'PIT', 2017, 3, 'PIT', 0);
INSERT INTO pl_picks VALUES('thighland', 'CHI', 'PIT', 2017, 3, 'CHI', 0);
INSERT INTO pl_picks VALUES('avasudev', 'CHI', 'PIT', 2017, 3, 'CHI', 0);
INSERT INTO pl_games VALUES('DET', 'ATL', 2017, 3, '2017-09-24 17:00:00', NULL, NULL, NULL);
INSERT INTO pl_picks VALUES('pgunter', 'DET', 'ATL', 2017, 3, 'DET', 0);
INSERT INTO pl_picks VALUES('nnguyen', 'DET', 'ATL', 2017, 3, 'ATL', 0);
INSERT INTO pl_picks VALUES('thighland', 'DET', 'ATL', 2017, 3, 'DET', 0);
INSERT INTO pl_picks VALUES('avasudev', 'DET', 'ATL', 2017, 3, 'DET', 0);
INSERT INTO pl_games VALUES('IND', 'CLE', 2017, 3, '2017-09-24 17:00:00', NULL, NULL, NULL);
INSERT INTO pl_picks VALUES('pgunter', 'IND', 'CLE', 2017, 3, 'IND', 0);
INSERT INTO pl_picks VALUES('nnguyen', 'IND', 'CLE', 2017, 3, 'IND', 0);
INSERT INTO pl_picks VALUES('thighland', 'IND', 'CLE', 2017, 3, 'IND', 0);
INSERT INTO pl_picks VALUES('avasudev', 'IND', 'CLE', 2017, 3, 'CLE', 0);
INSERT INTO pl_games VALUES('MIN', 'TB', 2017, 3, '2017-09-24 17:00:00', NULL, NULL, NULL);
INSERT INTO pl_picks VALUES('pgunter', 'MIN', 'TB', 2017, 3, 'MIN', 0);
INSERT INTO pl_picks VALUES('nnguyen', 'MIN', 'TB', 2017, 3, 'MIN', 0);
INSERT INTO pl_picks VALUES('thighland', 'MIN', 'TB', 2017, 3, 'MIN', 0);
INSERT INTO pl_picks VALUES('avasudev', 'MIN', 'TB', 2017, 3, 'TB', 0);
INSERT INTO pl_games VALUES('NE', 'HOU', 2017, 3, '2017-09-24 17:00:00', NULL, NULL, NULL);
INSERT INTO pl_picks VALUES('pgunter', 'NE', 'HOU', 2017, 3, 'NE', 0);
INSERT INTO pl_picks VALUES('nnguyen', 'NE', 'HOU', 2017, 3, 'NE', 0);
INSERT INTO pl_picks VALUES('thighland', 'NE', 'HOU', 2017, 3, 'NE', 0);
INSERT INTO pl_picks VALUES('avasudev', 'NE', 'HOU', 2017, 3, 'NE', 0);
INSERT INTO pl_games VALUES('NYJ', 'MIA', 2017, 3, '2017-09-24 17:00:00', NULL, NULL, NULL);
INSERT INTO pl_picks VALUES('pgunter', 'NYJ', 'MIA', 2017, 3, 'NYJ', 0);
INSERT INTO pl_picks VALUES('nnguyen', 'NYJ', 'MIA', 2017, 3, 'MIA', 0);
INSERT INTO pl_picks VALUES('thighland', 'NYJ', 'MIA', 2017, 3, 'NYJ', 0);
INSERT INTO pl_picks VALUES('avasudev', 'NYJ', 'MIA', 2017, 3, 'MIA', 0);
INSERT INTO pl_games VALUES('PHI', 'NYG', 2017, 3, '2017-09-24 17:00:00', NULL, NULL, NULL);
INSERT INTO pl_picks VALUES('pgunter', 'PHI', 'NYG', 2017, 3, 'PHI', 0);
INSERT INTO pl_picks VALUES('nnguyen', 'PHI', 'NYG', 2017, 3, 'PHI', 0);
INSERT INTO pl_picks VALUES('thighland', 'PHI', 'NYG', 2017, 3, 'PHI', 0);
INSERT INTO pl_picks VALUES('avasudev', 'PHI', 'NYG', 2017, 3, 'NYG', 0);
INSERT INTO pl_games VALUES('TEN', 'SEA', 2017, 3, '2017-09-24 20:05:00', NULL, NULL, NULL);
INSERT INTO pl_picks VALUES('pgunter', 'TEN', 'SEA', 2017, 3, 'TEN', 0);
INSERT INTO pl_picks VALUES('nnguyen', 'TEN', 'SEA', 2017, 3, 'TEN', 0);
INSERT INTO pl_picks VALUES('thighland', 'TEN', 'SEA', 2017, 3, 'TEN', 0);
INSERT INTO pl_picks VALUES('avasudev', 'TEN', 'SEA', 2017, 3, 'TEN', 0);
INSERT INTO pl_games VALUES('GB', 'CIN', 2017, 3, '2017-09-24 20:25:00', NULL, NULL, NULL);
INSERT INTO pl_picks VALUES('pgunter', 'GB', 'CIN', 2017, 3, 'GB', 0);
INSERT INTO pl_picks VALUES('nnguyen', 'GB', 'CIN', 2017, 3, 'GB', 0);
INSERT INTO pl_picks VALUES('thighland', 'GB', 'CIN', 2017, 3, 'GB', 0);
INSERT INTO pl_picks VALUES('avasudev', 'GB', 'CIN', 2017, 3, 'CIN', 0);
INSERT INTO pl_games VALUES('LAC', 'KC', 2017, 3, '2017-09-24 20:25:00', NULL, NULL, NULL);
INSERT INTO pl_picks VALUES('pgunter', 'LAC', 'KC', 2017, 3, 'LAC', 0);
INSERT INTO pl_picks VALUES('nnguyen', 'LAC', 'KC', 2017, 3, 'LAC', 0);
INSERT INTO pl_picks VALUES('thighland', 'LAC', 'KC', 2017, 3, 'LAC', 0);
INSERT INTO pl_picks VALUES('avasudev', 'LAC', 'KC', 2017, 3, 'LAC', 0);
INSERT INTO pl_games VALUES('WAS', 'OAK', 2017, 3, '2017-09-25 00:30:00', NULL, NULL, NULL);
INSERT INTO pl_picks VALUES('pgunter', 'WAS', 'OAK', 2017, 3, 'WAS', 0);
INSERT INTO pl_picks VALUES('nnguyen', 'WAS', 'OAK', 2017, 3, 'WAS', 0);
INSERT INTO pl_picks VALUES('thighland', 'WAS', 'OAK', 2017, 3, 'WAS', 0);
INSERT INTO pl_picks VALUES('avasudev', 'WAS', 'OAK', 2017, 3, 'WAS', 0);
INSERT INTO pl_games VALUES('ARI', 'DAL', 2017, 3, '2017-09-26 00:30:00', NULL, NULL, NULL);
INSERT INTO pl_picks VALUES('pgunter', 'ARI', 'DAL', 2017, 3, 'ARI', 0);
INSERT INTO pl_picks VALUES('nnguyen', 'ARI', 'DAL', 2017, 3, 'ARI', 0);
INSERT INTO pl_picks VALUES('thighland', 'ARI', 'DAL', 2017, 3, 'ARI', 0);
INSERT INTO pl_picks VALUES('avasudev', 'ARI', 'DAL', 2017, 3, 'ARI', 0);
INSERT INTO pl_games VALUES('GB', 'CHI', 2017, 4, '2017-09-29 00:25:00', NULL, NULL, NULL);
INSERT INTO pl_picks VALUES('dschexnayder', 'GB', 'CHI', 2017, 4, 'GB', 0);
INSERT INTO pl_picks VALUES('pgunter', 'GB', 'CHI', 2017, 4, 'GB', 0);
INSERT INTO pl_picks VALUES('nnguyen', 'GB', 'CHI', 2017, 4, 'GB', 0);
INSERT INTO pl_picks VALUES('thighland', 'GB', 'CHI', 2017, 4, 'GB', 0);
INSERT INTO pl_picks VALUES('avasudev', 'GB', 'CHI', 2017, 4, 'GB', 0);
INSERT INTO pl_games VALUES('MIA', 'NO', 2017, 4, '2017-10-01 13:30:00', NULL, NULL, NULL);
INSERT INTO pl_picks VALUES('pgunter', 'MIA', 'NO', 2017, 4, 'MIA', 0);
INSERT INTO pl_picks VALUES('nnguyen', 'MIA', 'NO', 2017, 4, 'MIA', 0);
INSERT INTO pl_picks VALUES('thighland', 'MIA', 'NO', 2017, 4, 'MIA', 0);
INSERT INTO pl_picks VALUES('avasudev', 'MIA', 'NO', 2017, 4, 'MIA', 0);
INSERT INTO pl_games VALUES('ATL', 'BUF', 2017, 4, '2017-10-01 17:00:00', NULL, NULL, NULL);
INSERT INTO pl_picks VALUES('pgunter', 'ATL', 'BUF', 2017, 4, 'ATL', 0);
INSERT INTO pl_picks VALUES('nnguyen', 'ATL', 'BUF', 2017, 4, 'ATL', 0);
INSERT INTO pl_picks VALUES('thighland', 'ATL', 'BUF', 2017, 4, 'ATL', 0);
INSERT INTO pl_picks VALUES('avasudev', 'ATL', 'BUF', 2017, 4, 'BUF', 0);
INSERT INTO pl_games VALUES('BAL', 'PIT', 2017, 4, '2017-10-01 17:00:00', NULL, NULL, NULL);
INSERT INTO pl_picks VALUES('pgunter', 'BAL', 'PIT', 2017, 4, 'BAL', 0);
INSERT INTO pl_picks VALUES('nnguyen', 'BAL', 'PIT', 2017, 4, 'BAL', 0);
INSERT INTO pl_picks VALUES('thighland', 'BAL', 'PIT', 2017, 4, 'BAL', 0);
INSERT INTO pl_picks VALUES('avasudev', 'BAL', 'PIT', 2017, 4, 'BAL', 0);
INSERT INTO pl_games VALUES('CLE', 'CIN', 2017, 4, '2017-10-01 17:00:00', NULL, NULL, NULL);
INSERT INTO pl_picks VALUES('pgunter', 'CLE', 'CIN', 2017, 4, 'CLE', 0);
INSERT INTO pl_picks VALUES('nnguyen', 'CLE', 'CIN', 2017, 4, 'CIN', 0);
INSERT INTO pl_picks VALUES('thighland', 'CLE', 'CIN', 2017, 4, 'CLE', 0);
INSERT INTO pl_picks VALUES('avasudev', 'CLE', 'CIN', 2017, 4, 'CLE', 0);
INSERT INTO pl_games VALUES('DAL', 'LAR', 2017, 4, '2017-10-01 17:00:00', NULL, NULL, NULL);
INSERT INTO pl_picks VALUES('pgunter', 'DAL', 'LAR', 2017, 4, 'DAL', 0);
INSERT INTO pl_picks VALUES('nnguyen', 'DAL', 'LAR', 2017, 4, 'DAL', 0);
INSERT INTO pl_picks VALUES('thighland', 'DAL', 'LAR', 2017, 4, 'DAL', 0);
INSERT INTO pl_picks VALUES('avasudev', 'DAL', 'LAR', 2017, 4, 'DAL', 0);
INSERT INTO pl_games VALUES('HOU', 'TEN', 2017, 4, '2017-10-01 17:00:00', NULL, NULL, NULL);
INSERT INTO pl_picks VALUES('pgunter', 'HOU', 'TEN', 2017, 4, 'HOU', 0);
INSERT INTO pl_picks VALUES('nnguyen', 'HOU', 'TEN', 2017, 4, 'HOU', 0);
INSERT INTO pl_picks VALUES('thighland', 'HOU', 'TEN', 2017, 4, 'HOU', 0);
INSERT INTO pl_picks VALUES('avasudev', 'HOU', 'TEN', 2017, 4, 'TEN', 0);
INSERT INTO pl_games VALUES('MIN', 'DET', 2017, 4, '2017-10-01 17:00:00', NULL, NULL, NULL);
INSERT INTO pl_picks VALUES('pgunter', 'MIN', 'DET', 2017, 4, 'MIN', 0);
INSERT INTO pl_picks VALUES('nnguyen', 'MIN', 'DET', 2017, 4, 'MIN', 0);
INSERT INTO pl_picks VALUES('thighland', 'MIN', 'DET', 2017, 4, 'MIN', 0);
INSERT INTO pl_picks VALUES('avasudev', 'MIN', 'DET', 2017, 4, 'MIN', 0);
INSERT INTO pl_games VALUES('NE', 'CAR', 2017, 4, '2017-10-01 17:00:00', NULL, NULL, NULL);
INSERT INTO pl_picks VALUES('pgunter', 'NE', 'CAR', 2017, 4, 'NE', 0);
INSERT INTO pl_picks VALUES('nnguyen', 'NE', 'CAR', 2017, 4, 'NE', 0);
INSERT INTO pl_picks VALUES('thighland', 'NE', 'CAR', 2017, 4, 'NE', 0);
INSERT INTO pl_picks VALUES('avasudev', 'NE', 'CAR', 2017, 4, 'NE', 0);
INSERT INTO pl_games VALUES('NYJ', 'JAX', 2017, 4, '2017-10-01 17:00:00', NULL, NULL, NULL);
INSERT INTO pl_picks VALUES('pgunter', 'NYJ', 'JAX', 2017, 4, 'NYJ', 0);
INSERT INTO pl_picks VALUES('nnguyen', 'NYJ', 'JAX', 2017, 4, 'JAX', 0);
INSERT INTO pl_picks VALUES('thighland', 'NYJ', 'JAX', 2017, 4, 'NYJ', 0);
INSERT INTO pl_picks VALUES('avasudev', 'NYJ', 'JAX', 2017, 4, 'JAX', 0);
INSERT INTO pl_games VALUES('ARI', 'SF', 2017, 4, '2017-10-01 20:05:00', NULL, NULL, NULL);
INSERT INTO pl_picks VALUES('pgunter', 'ARI', 'SF', 2017, 4, 'ARI', 0);
INSERT INTO pl_picks VALUES('nnguyen', 'ARI', 'SF', 2017, 4, 'ARI', 0);
INSERT INTO pl_picks VALUES('thighland', 'ARI', 'SF', 2017, 4, 'ARI', 0);
INSERT INTO pl_picks VALUES('avasudev', 'ARI', 'SF', 2017, 4, 'SF', 0);
INSERT INTO pl_games VALUES('LAC', 'PHI', 2017, 4, '2017-10-01 20:05:00', NULL, NULL, NULL);
INSERT INTO pl_picks VALUES('pgunter', 'LAC', 'PHI', 2017, 4, 'LAC', 0);
INSERT INTO pl_picks VALUES('nnguyen', 'LAC', 'PHI', 2017, 4, 'LAC', 0);
INSERT INTO pl_picks VALUES('thighland', 'LAC', 'PHI', 2017, 4, 'LAC', 0);
INSERT INTO pl_picks VALUES('avasudev', 'LAC', 'PHI', 2017, 4, 'LAC', 0);
INSERT INTO pl_games VALUES('TB', 'NYG', 2017, 4, '2017-10-01 20:05:00', NULL, NULL, NULL);
INSERT INTO pl_picks VALUES('pgunter', 'TB', 'NYG', 2017, 4, 'TB', 0);
INSERT INTO pl_picks VALUES('nnguyen', 'TB', 'NYG', 2017, 4, 'TB', 0);
INSERT INTO pl_picks VALUES('thighland', 'TB', 'NYG', 2017, 4, 'TB', 0);
INSERT INTO pl_picks VALUES('avasudev', 'TB', 'NYG', 2017, 4, 'NYG', 0);
INSERT INTO pl_games VALUES('DEN', 'OAK', 2017, 4, '2017-10-01 20:25:00', NULL, NULL, NULL);
INSERT INTO pl_picks VALUES('pgunter', 'DEN', 'OAK', 2017, 4, 'DEN', 0);
INSERT INTO pl_picks VALUES('nnguyen', 'DEN', 'OAK', 2017, 4, 'DEN', 0);
INSERT INTO pl_picks VALUES('thighland', 'DEN', 'OAK', 2017, 4, 'DEN', 0);
INSERT INTO pl_picks VALUES('avasudev', 'DEN', 'OAK', 2017, 4, 'OAK', 0);
INSERT INTO pl_games VALUES('SEA', 'IND', 2017, 4, '2017-10-02 00:30:00', NULL, NULL, NULL);
INSERT INTO pl_picks VALUES('pgunter', 'SEA', 'IND', 2017, 4, 'SEA', 0);
INSERT INTO pl_picks VALUES('nnguyen', 'SEA', 'IND', 2017, 4, 'SEA', 0);
INSERT INTO pl_picks VALUES('thighland', 'SEA', 'IND', 2017, 4, 'SEA', 0);
INSERT INTO pl_picks VALUES('avasudev', 'SEA', 'IND', 2017, 4, 'SEA', 0);
INSERT INTO pl_games VALUES('KC', 'WAS', 2017, 4, '2017-10-03 00:30:00', NULL, NULL, NULL);
INSERT INTO pl_picks VALUES('pgunter', 'KC', 'WAS', 2017, 4, 'KC', 0);
INSERT INTO pl_picks VALUES('nnguyen', 'KC', 'WAS', 2017, 4, 'KC', 0);
INSERT INTO pl_picks VALUES('thighland', 'KC', 'WAS', 2017, 4, 'KC', 0);
INSERT INTO pl_picks VALUES('avasudev', 'KC', 'WAS', 2017, 4, 'WAS', 0);
INSERT INTO pl_games VALUES('TB', 'NE', 2017, 5, '2017-10-06 00:25:00', NULL, NULL, NULL);
INSERT INTO pl_picks VALUES('dschexnayder', 'TB', 'NE', 2017, 5, 'TB', 0);
INSERT INTO pl_picks VALUES('pgunter', 'TB', 'NE', 2017, 5, 'TB', 0);
INSERT INTO pl_picks VALUES('nnguyen', 'TB', 'NE', 2017, 5, 'TB', 0);
INSERT INTO pl_picks VALUES('thighland', 'TB', 'NE', 2017, 5, 'TB', 0);
INSERT INTO pl_picks VALUES('avasudev', 'TB', 'NE', 2017, 5, 'TB', 0);
INSERT INTO pl_games VALUES('CIN', 'BUF', 2017, 5, '2017-10-08 17:00:00', NULL, NULL, NULL);
INSERT INTO pl_picks VALUES('pgunter', 'CIN', 'BUF', 2017, 5, 'CIN', 0);
INSERT INTO pl_picks VALUES('nnguyen', 'CIN', 'BUF', 2017, 5, 'CIN', 0);
INSERT INTO pl_picks VALUES('thighland', 'CIN', 'BUF', 2017, 5, 'CIN', 0);
INSERT INTO pl_picks VALUES('avasudev', 'CIN', 'BUF', 2017, 5, 'BUF', 0);
INSERT INTO pl_games VALUES('CLE', 'NYJ', 2017, 5, '2017-10-08 17:00:00', NULL, NULL, NULL);
INSERT INTO pl_picks VALUES('pgunter', 'CLE', 'NYJ', 2017, 5, 'CLE', 0);
INSERT INTO pl_picks VALUES('nnguyen', 'CLE', 'NYJ', 2017, 5, 'NYJ', 0);
INSERT INTO pl_picks VALUES('thighland', 'CLE', 'NYJ', 2017, 5, 'CLE', 0);
INSERT INTO pl_picks VALUES('avasudev', 'CLE', 'NYJ', 2017, 5, 'NYJ', 0);
INSERT INTO pl_games VALUES('DET', 'CAR', 2017, 5, '2017-10-08 17:00:00', NULL, NULL, NULL);
INSERT INTO pl_picks VALUES('pgunter', 'DET', 'CAR', 2017, 5, 'DET', 0);
INSERT INTO pl_picks VALUES('nnguyen', 'DET', 'CAR', 2017, 5, 'CAR', 0);
INSERT INTO pl_picks VALUES('thighland', 'DET', 'CAR', 2017, 5, 'DET', 0);
INSERT INTO pl_picks VALUES('avasudev', 'DET', 'CAR', 2017, 5, 'DET', 0);
INSERT INTO pl_games VALUES('IND', 'SF', 2017, 5, '2017-10-08 17:00:00', NULL, NULL, NULL);
INSERT INTO pl_picks VALUES('pgunter', 'IND', 'SF', 2017, 5, 'IND', 0);
INSERT INTO pl_picks VALUES('nnguyen', 'IND', 'SF', 2017, 5, 'IND', 0);
INSERT INTO pl_picks VALUES('thighland', 'IND', 'SF', 2017, 5, 'IND', 0);
INSERT INTO pl_picks VALUES('avasudev', 'IND', 'SF', 2017, 5, 'IND', 0);
INSERT INTO pl_games VALUES('MIA', 'TEN', 2017, 5, '2017-10-08 17:00:00', NULL, NULL, NULL);
INSERT INTO pl_picks VALUES('pgunter', 'MIA', 'TEN', 2017, 5, 'MIA', 0);
INSERT INTO pl_picks VALUES('nnguyen', 'MIA', 'TEN', 2017, 5, 'MIA', 0);
INSERT INTO pl_picks VALUES('thighland', 'MIA', 'TEN', 2017, 5, 'MIA', 0);
INSERT INTO pl_picks VALUES('avasudev', 'MIA', 'TEN', 2017, 5, 'TEN', 0);
INSERT INTO pl_games VALUES('NYG', 'LAC', 2017, 5, '2017-10-08 17:00:00', NULL, NULL, NULL);
INSERT INTO pl_picks VALUES('pgunter', 'NYG', 'LAC', 2017, 5, 'NYG', 0);
INSERT INTO pl_picks VALUES('nnguyen', 'NYG', 'LAC', 2017, 5, 'NYG', 0);
INSERT INTO pl_picks VALUES('thighland', 'NYG', 'LAC', 2017, 5, 'NYG', 0);
INSERT INTO pl_picks VALUES('avasudev', 'NYG', 'LAC', 2017, 5, 'NYG', 0);
INSERT INTO pl_games VALUES('PHI', 'ARI', 2017, 5, '2017-10-08 17:00:00', NULL, NULL, NULL);
INSERT INTO pl_picks VALUES('pgunter', 'PHI', 'ARI', 2017, 5, 'PHI', 0);
INSERT INTO pl_picks VALUES('nnguyen', 'PHI', 'ARI', 2017, 5, 'ARI', 0);
INSERT INTO pl_picks VALUES('thighland', 'PHI', 'ARI', 2017, 5, 'PHI', 0);
INSERT INTO pl_picks VALUES('avasudev', 'PHI', 'ARI', 2017, 5, 'PHI', 0);
INSERT INTO pl_games VALUES('PIT', 'JAX', 2017, 5, '2017-10-08 17:00:00', NULL, NULL, NULL);
INSERT INTO pl_picks VALUES('pgunter', 'PIT', 'JAX', 2017, 5, 'PIT', 0);
INSERT INTO pl_picks VALUES('nnguyen', 'PIT', 'JAX', 2017, 5, 'PIT', 0);
INSERT INTO pl_picks VALUES('thighland', 'PIT', 'JAX', 2017, 5, 'PIT', 0);
INSERT INTO pl_picks VALUES('avasudev', 'PIT', 'JAX', 2017, 5, 'JAX', 0);
INSERT INTO pl_games VALUES('LAR', 'SEA', 2017, 5, '2017-10-08 20:05:00', NULL, NULL, NULL);
INSERT INTO pl_picks VALUES('pgunter', 'LAR', 'SEA', 2017, 5, 'LAR', 0);
INSERT INTO pl_picks VALUES('nnguyen', 'LAR', 'SEA', 2017, 5, 'SEA', 0);
INSERT INTO pl_picks VALUES('thighland', 'LAR', 'SEA', 2017, 5, 'LAR', 0);
INSERT INTO pl_picks VALUES('avasudev', 'LAR', 'SEA', 2017, 5, 'LAR', 0);
INSERT INTO pl_games VALUES('OAK', 'BAL', 2017, 5, '2017-10-08 20:05:00', NULL, NULL, NULL);
INSERT INTO pl_picks VALUES('pgunter', 'OAK', 'BAL', 2017, 5, 'OAK', 0);
INSERT INTO pl_picks VALUES('nnguyen', 'OAK', 'BAL', 2017, 5, 'OAK', 0);
INSERT INTO pl_picks VALUES('thighland', 'OAK', 'BAL', 2017, 5, 'OAK', 0);
INSERT INTO pl_picks VALUES('avasudev', 'OAK', 'BAL', 2017, 5, 'BAL', 0);
INSERT INTO pl_games VALUES('DAL', 'GB', 2017, 5, '2017-10-08 20:25:00', NULL, NULL, NULL);
INSERT INTO pl_picks VALUES('pgunter', 'DAL', 'GB', 2017, 5, 'DAL', 0);
INSERT INTO pl_picks VALUES('nnguyen', 'DAL', 'GB', 2017, 5, 'GB', 0);
INSERT INTO pl_picks VALUES('thighland', 'DAL', 'GB', 2017, 5, 'DAL', 0);
INSERT INTO pl_picks VALUES('avasudev', 'DAL', 'GB', 2017, 5, 'GB', 0);
INSERT INTO pl_games VALUES('HOU', 'KC', 2017, 5, '2017-10-09 00:30:00', NULL, NULL, NULL);
INSERT INTO pl_picks VALUES('pgunter', 'HOU', 'KC', 2017, 5, 'HOU', 0);
INSERT INTO pl_picks VALUES('nnguyen', 'HOU', 'KC', 2017, 5, 'HOU', 0);
INSERT INTO pl_picks VALUES('thighland', 'HOU', 'KC', 2017, 5, 'HOU', 0);
INSERT INTO pl_picks VALUES('avasudev', 'HOU', 'KC', 2017, 5, 'HOU', 0);
INSERT INTO pl_games VALUES('CHI', 'MIN', 2017, 5, '2017-10-10 00:30:00', NULL, NULL, NULL);
INSERT INTO pl_picks VALUES('pgunter', 'CHI', 'MIN', 2017, 5, 'CHI', 0);
INSERT INTO pl_picks VALUES('nnguyen', 'CHI', 'MIN', 2017, 5, 'MIN', 0);
INSERT INTO pl_picks VALUES('thighland', 'CHI', 'MIN', 2017, 5, 'CHI', 0);
INSERT INTO pl_picks VALUES('avasudev', 'CHI', 'MIN', 2017, 5, 'CHI', 0);
INSERT INTO pl_games VALUES('CAR', 'PHI', 2017, 6, '2017-10-13 00:25:00', NULL, NULL, NULL);
INSERT INTO pl_picks VALUES('dschexnayder', 'CAR', 'PHI', 2017, 6, 'CAR', 0);
INSERT INTO pl_picks VALUES('pgunter', 'CAR', 'PHI', 2017, 6, 'CAR', 0);
INSERT INTO pl_picks VALUES('nnguyen', 'CAR', 'PHI', 2017, 6, 'CAR', 0);
INSERT INTO pl_picks VALUES('thighland', 'CAR', 'PHI', 2017, 6, 'CAR', 0);
INSERT INTO pl_picks VALUES('avasudev', 'CAR', 'PHI', 2017, 6, 'CAR', 0);
INSERT INTO pl_games VALUES('ATL', 'MIA', 2017, 6, '2017-10-15 17:00:00', NULL, NULL, NULL);
INSERT INTO pl_picks VALUES('pgunter', 'ATL', 'MIA', 2017, 6, 'ATL', 0);
INSERT INTO pl_picks VALUES('nnguyen', 'ATL', 'MIA', 2017, 6, 'ATL', 0);
INSERT INTO pl_picks VALUES('thighland', 'ATL', 'MIA', 2017, 6, 'ATL', 0);
INSERT INTO pl_picks VALUES('avasudev', 'ATL', 'MIA', 2017, 6, 'MIA', 0);
INSERT INTO pl_games VALUES('BAL', 'CHI', 2017, 6, '2017-10-15 17:00:00', NULL, NULL, NULL);
INSERT INTO pl_picks VALUES('pgunter', 'BAL', 'CHI', 2017, 6, 'BAL', 0);
INSERT INTO pl_picks VALUES('nnguyen', 'BAL', 'CHI', 2017, 6, 'BAL', 0);
INSERT INTO pl_picks VALUES('thighland', 'BAL', 'CHI', 2017, 6, 'BAL', 0);
INSERT INTO pl_picks VALUES('avasudev', 'BAL', 'CHI', 2017, 6, 'BAL', 0);
INSERT INTO pl_games VALUES('HOU', 'CLE', 2017, 6, '2017-10-15 17:00:00', NULL, NULL, NULL);
INSERT INTO pl_picks VALUES('pgunter', 'HOU', 'CLE', 2017, 6, 'HOU', 0);
INSERT INTO pl_picks VALUES('nnguyen', 'HOU', 'CLE', 2017, 6, 'HOU', 0);
INSERT INTO pl_picks VALUES('thighland', 'HOU', 'CLE', 2017, 6, 'HOU', 0);
INSERT INTO pl_picks VALUES('avasudev', 'HOU', 'CLE', 2017, 6, 'CLE', 0);
INSERT INTO pl_games VALUES('MIN', 'GB', 2017, 6, '2017-10-15 17:00:00', NULL, NULL, NULL);
INSERT INTO pl_picks VALUES('pgunter', 'MIN', 'GB', 2017, 6, 'MIN', 0);
INSERT INTO pl_picks VALUES('nnguyen', 'MIN', 'GB', 2017, 6, 'MIN', 0);
INSERT INTO pl_picks VALUES('thighland', 'MIN', 'GB', 2017, 6, 'MIN', 0);
INSERT INTO pl_picks VALUES('avasudev', 'MIN', 'GB', 2017, 6, 'GB', 0);
INSERT INTO pl_games VALUES('NO', 'DET', 2017, 6, '2017-10-15 17:00:00', NULL, NULL, NULL);
INSERT INTO pl_picks VALUES('pgunter', 'NO', 'DET', 2017, 6, 'NO', 0);
INSERT INTO pl_picks VALUES('nnguyen', 'NO', 'DET', 2017, 6, 'NO', 0);
INSERT INTO pl_picks VALUES('thighland', 'NO', 'DET', 2017, 6, 'NO', 0);
INSERT INTO pl_picks VALUES('avasudev', 'NO', 'DET', 2017, 6, 'NO', 0);
INSERT INTO pl_games VALUES('NYJ', 'NE', 2017, 6, '2017-10-15 17:00:00', NULL, NULL, NULL);
INSERT INTO pl_picks VALUES('pgunter', 'NYJ', 'NE', 2017, 6, 'NYJ', 0);
INSERT INTO pl_picks VALUES('nnguyen', 'NYJ', 'NE', 2017, 6, 'NE', 0);
INSERT INTO pl_picks VALUES('thighland', 'NYJ', 'NE', 2017, 6, 'NYJ', 0);
INSERT INTO pl_picks VALUES('avasudev', 'NYJ', 'NE', 2017, 6, 'NYJ', 0);
INSERT INTO pl_games VALUES('WAS', 'SF', 2017, 6, '2017-10-15 17:00:00', NULL, NULL, NULL);
INSERT INTO pl_picks VALUES('pgunter', 'WAS', 'SF', 2017, 6, 'WAS', 0);
INSERT INTO pl_picks VALUES('nnguyen', 'WAS', 'SF', 2017, 6, 'WAS', 0);
INSERT INTO pl_picks VALUES('thighland', 'WAS', 'SF', 2017, 6, 'WAS', 0);
INSERT INTO pl_picks VALUES('avasudev', 'WAS', 'SF', 2017, 6, 'WAS', 0);
INSERT INTO pl_games VALUES('ARI', 'TB', 2017, 6, '2017-10-15 20:05:00', NULL, NULL, NULL);
INSERT INTO pl_picks VALUES('pgunter', 'ARI', 'TB', 2017, 6, 'ARI', 0);
INSERT INTO pl_picks VALUES('nnguyen', 'ARI', 'TB', 2017, 6, 'ARI', 0);
INSERT INTO pl_picks VALUES('thighland', 'ARI', 'TB', 2017, 6, 'ARI', 0);
INSERT INTO pl_picks VALUES('avasudev', 'ARI', 'TB', 2017, 6, 'TB', 0);
INSERT INTO pl_games VALUES('JAX', 'LAR', 2017, 6, '2017-10-15 20:05:00', NULL, NULL, NULL);
INSERT INTO pl_picks VALUES('pgunter', 'JAX', 'LAR', 2017, 6, 'JAX', 0);
INSERT INTO pl_picks VALUES('nnguyen', 'JAX', 'LAR', 2017, 6, 'JAX', 0);
INSERT INTO pl_picks VALUES('thighland', 'JAX', 'LAR', 2017, 6, 'JAX', 0);
INSERT INTO pl_picks VALUES('avasudev', 'JAX', 'LAR', 2017, 6, 'LAR', 0);
INSERT INTO pl_games VALUES('KC', 'PIT', 2017, 6, '2017-10-15 20:25:00', NULL, NULL, NULL);
INSERT INTO pl_picks VALUES('pgunter', 'KC', 'PIT', 2017, 6, 'KC', 0);
INSERT INTO pl_picks VALUES('nnguyen', 'KC', 'PIT', 2017, 6, 'PIT', 0);
INSERT INTO pl_picks VALUES('thighland', 'KC', 'PIT', 2017, 6, 'KC', 0);
INSERT INTO pl_picks VALUES('avasudev', 'KC', 'PIT', 2017, 6, 'KC', 0);
INSERT INTO pl_games VALUES('OAK', 'LAC', 2017, 6, '2017-10-15 20:25:00', NULL, NULL, NULL);
INSERT INTO pl_picks VALUES('pgunter', 'OAK', 'LAC', 2017, 6, 'OAK', 0);
INSERT INTO pl_picks VALUES('nnguyen', 'OAK', 'LAC', 2017, 6, 'OAK', 0);
INSERT INTO pl_picks VALUES('thighland', 'OAK', 'LAC', 2017, 6, 'OAK', 0);
INSERT INTO pl_picks VALUES('avasudev', 'OAK', 'LAC', 2017, 6, 'OAK', 0);
INSERT INTO pl_games VALUES('DEN', 'NYG', 2017, 6, '2017-10-16 00:30:00', NULL, NULL, NULL);
INSERT INTO pl_picks VALUES('pgunter', 'DEN', 'NYG', 2017, 6, 'DEN', 0);
INSERT INTO pl_picks VALUES('nnguyen', 'DEN', 'NYG', 2017, 6, 'DEN', 0);
INSERT INTO pl_picks VALUES('thighland', 'DEN', 'NYG', 2017, 6, 'DEN', 0);
INSERT INTO pl_picks VALUES('avasudev', 'DEN', 'NYG', 2017, 6, 'DEN', 0);
INSERT INTO pl_games VALUES('TEN', 'IND', 2017, 6, '2017-10-17 00:30:00', NULL, NULL, NULL);
INSERT INTO pl_picks VALUES('pgunter', 'TEN', 'IND', 2017, 6, 'TEN', 0);
INSERT INTO pl_picks VALUES('nnguyen', 'TEN', 'IND', 2017, 6, 'TEN', 0);
INSERT INTO pl_picks VALUES('thighland', 'TEN', 'IND', 2017, 6, 'TEN', 0);
INSERT INTO pl_picks VALUES('avasudev', 'TEN', 'IND', 2017, 6, 'TEN', 0);
INSERT INTO pl_games VALUES('OAK', 'KC', 2017, 7, '2017-10-20 00:25:00', NULL, NULL, NULL);
INSERT INTO pl_picks VALUES('dschexnayder', 'OAK', 'KC', 2017, 7, 'OAK', 0);
INSERT INTO pl_picks VALUES('pgunter', 'OAK', 'KC', 2017, 7, 'OAK', 0);
INSERT INTO pl_picks VALUES('nnguyen', 'OAK', 'KC', 2017, 7, 'OAK', 0);
INSERT INTO pl_picks VALUES('thighland', 'OAK', 'KC', 2017, 7, 'OAK', 0);
INSERT INTO pl_picks VALUES('avasudev', 'OAK', 'KC', 2017, 7, 'OAK', 0);
INSERT INTO pl_games VALUES('BUF', 'TB', 2017, 7, '2017-10-22 17:00:00', NULL, NULL, NULL);
INSERT INTO pl_picks VALUES('pgunter', 'BUF', 'TB', 2017, 7, 'BUF', 0);
INSERT INTO pl_picks VALUES('nnguyen', 'BUF', 'TB', 2017, 7, 'BUF', 0);
INSERT INTO pl_picks VALUES('thighland', 'BUF', 'TB', 2017, 7, 'BUF', 0);
INSERT INTO pl_picks VALUES('avasudev', 'BUF', 'TB', 2017, 7, 'BUF', 0);
INSERT INTO pl_games VALUES('CHI', 'CAR', 2017, 7, '2017-10-22 17:00:00', NULL, NULL, NULL);
INSERT INTO pl_picks VALUES('pgunter', 'CHI', 'CAR', 2017, 7, 'CHI', 0);
INSERT INTO pl_picks VALUES('nnguyen', 'CHI', 'CAR', 2017, 7, 'CAR', 0);
INSERT INTO pl_picks VALUES('thighland', 'CHI', 'CAR', 2017, 7, 'CHI', 0);
INSERT INTO pl_picks VALUES('avasudev', 'CHI', 'CAR', 2017, 7, 'CHI', 0);
INSERT INTO pl_games VALUES('CLE', 'TEN', 2017, 7, '2017-10-22 17:00:00', NULL, NULL, NULL);
INSERT INTO pl_picks VALUES('pgunter', 'CLE', 'TEN', 2017, 7, 'CLE', 0);
INSERT INTO pl_picks VALUES('nnguyen', 'CLE', 'TEN', 2017, 7, 'TEN', 0);
INSERT INTO pl_picks VALUES('thighland', 'CLE', 'TEN', 2017, 7, 'CLE', 0);
INSERT INTO pl_picks VALUES('avasudev', 'CLE', 'TEN', 2017, 7, 'CLE', 0);
INSERT INTO pl_games VALUES('GB', 'NO', 2017, 7, '2017-10-22 17:00:00', NULL, NULL, NULL);
INSERT INTO pl_picks VALUES('pgunter', 'GB', 'NO', 2017, 7, 'GB', 0);
INSERT INTO pl_picks VALUES('nnguyen', 'GB', 'NO', 2017, 7, 'GB', 0);
INSERT INTO pl_picks VALUES('thighland', 'GB', 'NO', 2017, 7, 'GB', 0);
INSERT INTO pl_picks VALUES('avasudev', 'GB', 'NO', 2017, 7, 'GB', 0);
INSERT INTO pl_games VALUES('IND', 'JAX', 2017, 7, '2017-10-22 17:00:00', NULL, NULL, NULL);
INSERT INTO pl_picks VALUES('pgunter', 'IND', 'JAX', 2017, 7, 'IND', 0);
INSERT INTO pl_picks VALUES('nnguyen', 'IND', 'JAX', 2017, 7, 'IND', 0);
INSERT INTO pl_picks VALUES('thighland', 'IND', 'JAX', 2017, 7, 'IND', 0);
INSERT INTO pl_picks VALUES('avasudev', 'IND', 'JAX', 2017, 7, 'IND', 0);
INSERT INTO pl_games VALUES('LAR', 'ARI', 2017, 7, '2017-10-22 17:00:00', NULL, NULL, NULL);
INSERT INTO pl_picks VALUES('pgunter', 'LAR', 'ARI', 2017, 7, 'LAR', 0);
INSERT INTO pl_picks VALUES('nnguyen', 'LAR', 'ARI', 2017, 7, 'ARI', 0);
INSERT INTO pl_picks VALUES('thighland', 'LAR', 'ARI', 2017, 7, 'LAR', 0);
INSERT INTO pl_picks VALUES('avasudev', 'LAR', 'ARI', 2017, 7, 'LAR', 0);
INSERT INTO pl_games VALUES('MIA', 'NYJ', 2017, 7, '2017-10-22 17:00:00', NULL, NULL, NULL);
INSERT INTO pl_picks VALUES('pgunter', 'MIA', 'NYJ', 2017, 7, 'MIA', 0);
INSERT INTO pl_picks VALUES('nnguyen', 'MIA', 'NYJ', 2017, 7, 'MIA', 0);
INSERT INTO pl_picks VALUES('thighland', 'MIA', 'NYJ', 2017, 7, 'MIA', 0);
INSERT INTO pl_picks VALUES('avasudev', 'MIA', 'NYJ', 2017, 7, 'NYJ', 0);
INSERT INTO pl_games VALUES('MIN', 'BAL', 2017, 7, '2017-10-22 17:00:00', NULL, NULL, NULL);
INSERT INTO pl_picks VALUES('pgunter', 'MIN', 'BAL', 2017, 7, 'MIN', 0);
INSERT INTO pl_picks VALUES('nnguyen', 'MIN', 'BAL', 2017, 7, 'MIN', 0);
INSERT INTO pl_picks VALUES('thighland', 'MIN', 'BAL', 2017, 7, 'MIN', 0);
INSERT INTO pl_picks VALUES('avasudev', 'MIN', 'BAL', 2017, 7, 'BAL', 0);
INSERT INTO pl_games VALUES('PIT', 'CIN', 2017, 7, '2017-10-22 17:00:00', NULL, NULL, NULL);
INSERT INTO pl_picks VALUES('pgunter', 'PIT', 'CIN', 2017, 7, 'PIT', 0);
INSERT INTO pl_picks VALUES('nnguyen', 'PIT', 'CIN', 2017, 7, 'PIT', 0);
INSERT INTO pl_picks VALUES('thighland', 'PIT', 'CIN', 2017, 7, 'PIT', 0);
INSERT INTO pl_picks VALUES('avasudev', 'PIT', 'CIN', 2017, 7, 'PIT', 0);
INSERT INTO pl_games VALUES('SF', 'DAL', 2017, 7, '2017-10-22 20:05:00', NULL, NULL, NULL);
INSERT INTO pl_picks VALUES('pgunter', 'SF', 'DAL', 2017, 7, 'SF', 0);
INSERT INTO pl_picks VALUES('nnguyen', 'SF', 'DAL', 2017, 7, 'DAL', 0);
INSERT INTO pl_picks VALUES('thighland', 'SF', 'DAL', 2017, 7, 'SF', 0);
INSERT INTO pl_picks VALUES('avasudev', 'SF', 'DAL', 2017, 7, 'DAL', 0);
INSERT INTO pl_games VALUES('LAC', 'DEN', 2017, 7, '2017-10-22 20:25:00', NULL, NULL, NULL);
INSERT INTO pl_picks VALUES('pgunter', 'LAC', 'DEN', 2017, 7, 'LAC', 0);
INSERT INTO pl_picks VALUES('nnguyen', 'LAC', 'DEN', 2017, 7, 'LAC', 0);
INSERT INTO pl_picks VALUES('thighland', 'LAC', 'DEN', 2017, 7, 'LAC', 0);
INSERT INTO pl_picks VALUES('avasudev', 'LAC', 'DEN', 2017, 7, 'DEN', 0);
INSERT INTO pl_games VALUES('NYG', 'SEA', 2017, 7, '2017-10-22 20:25:00', NULL, NULL, NULL);
INSERT INTO pl_picks VALUES('pgunter', 'NYG', 'SEA', 2017, 7, 'NYG', 0);
INSERT INTO pl_picks VALUES('nnguyen', 'NYG', 'SEA', 2017, 7, 'NYG', 0);
INSERT INTO pl_picks VALUES('thighland', 'NYG', 'SEA', 2017, 7, 'NYG', 0);
INSERT INTO pl_picks VALUES('avasudev', 'NYG', 'SEA', 2017, 7, 'SEA', 0);
INSERT INTO pl_games VALUES('NE', 'ATL', 2017, 7, '2017-10-23 00:30:00', NULL, NULL, NULL);
INSERT INTO pl_picks VALUES('pgunter', 'NE', 'ATL', 2017, 7, 'NE', 0);
INSERT INTO pl_picks VALUES('nnguyen', 'NE', 'ATL', 2017, 7, 'NE', 0);
INSERT INTO pl_picks VALUES('thighland', 'NE', 'ATL', 2017, 7, 'NE', 0);
INSERT INTO pl_picks VALUES('avasudev', 'NE', 'ATL', 2017, 7, 'ATL', 0);
INSERT INTO pl_games VALUES('PHI', 'WAS', 2017, 7, '2017-10-24 00:30:00', NULL, NULL, NULL);
INSERT INTO pl_picks VALUES('pgunter', 'PHI', 'WAS', 2017, 7, 'PHI', 0);
INSERT INTO pl_picks VALUES('nnguyen', 'PHI', 'WAS', 2017, 7, 'PHI', 0);
INSERT INTO pl_picks VALUES('thighland', 'PHI', 'WAS', 2017, 7, 'PHI', 0);
INSERT INTO pl_picks VALUES('avasudev', 'PHI', 'WAS', 2017, 7, 'PHI', 0);
INSERT INTO pl_games VALUES('BAL', 'MIA', 2017, 8, '2017-10-27 00:25:00', NULL, NULL, NULL);
INSERT INTO pl_picks VALUES('dschexnayder', 'BAL', 'MIA', 2017, 8, 'BAL', 0);
INSERT INTO pl_picks VALUES('pgunter', 'BAL', 'MIA', 2017, 8, 'BAL', 0);
INSERT INTO pl_picks VALUES('nnguyen', 'BAL', 'MIA', 2017, 8, 'BAL', 0);
INSERT INTO pl_picks VALUES('thighland', 'BAL', 'MIA', 2017, 8, 'BAL', 0);
INSERT INTO pl_picks VALUES('avasudev', 'BAL', 'MIA', 2017, 8, 'BAL', 0);
INSERT INTO pl_games VALUES('CLE', 'MIN', 2017, 8, '2017-10-29 13:30:00', NULL, NULL, NULL);
INSERT INTO pl_picks VALUES('pgunter', 'CLE', 'MIN', 2017, 8, 'CLE', 0);
INSERT INTO pl_picks VALUES('nnguyen', 'CLE', 'MIN', 2017, 8, 'MIN', 0);
INSERT INTO pl_picks VALUES('thighland', 'CLE', 'MIN', 2017, 8, 'CLE', 0);
INSERT INTO pl_picks VALUES('avasudev', 'CLE', 'MIN', 2017, 8, 'CLE', 0);
INSERT INTO pl_games VALUES('BUF', 'OAK', 2017, 8, '2017-10-29 17:00:00', NULL, NULL, NULL);
INSERT INTO pl_picks VALUES('pgunter', 'BUF', 'OAK', 2017, 8, 'BUF', 0);
INSERT INTO pl_picks VALUES('nnguyen', 'BUF', 'OAK', 2017, 8, 'BUF', 0);
INSERT INTO pl_picks VALUES('thighland', 'BUF', 'OAK', 2017, 8, 'BUF', 0);
INSERT INTO pl_picks VALUES('avasudev', 'BUF', 'OAK', 2017, 8, 'OAK', 0);
INSERT INTO pl_games VALUES('CIN', 'IND', 2017, 8, '2017-10-29 17:00:00', NULL, NULL, NULL);
INSERT INTO pl_picks VALUES('pgunter', 'CIN', 'IND', 2017, 8, 'CIN', 0);
INSERT INTO pl_picks VALUES('nnguyen', 'CIN', 'IND', 2017, 8, 'CIN', 0);
INSERT INTO pl_picks VALUES('thighland', 'CIN', 'IND', 2017, 8, 'CIN', 0);
INSERT INTO pl_picks VALUES('avasudev', 'CIN', 'IND', 2017, 8, 'IND', 0);
INSERT INTO pl_games VALUES('NE', 'LAC', 2017, 8, '2017-10-29 17:00:00', NULL, NULL, NULL);
INSERT INTO pl_picks VALUES('pgunter', 'NE', 'LAC', 2017, 8, 'NE', 0);
INSERT INTO pl_picks VALUES('nnguyen', 'NE', 'LAC', 2017, 8, 'NE', 0);
INSERT INTO pl_picks VALUES('thighland', 'NE', 'LAC', 2017, 8, 'NE', 0);
INSERT INTO pl_picks VALUES('avasudev', 'NE', 'LAC', 2017, 8, 'NE', 0);
INSERT INTO pl_games VALUES('NO', 'CHI', 2017, 8, '2017-10-29 17:00:00', NULL, NULL, NULL);
INSERT INTO pl_picks VALUES('pgunter', 'NO', 'CHI', 2017, 8, 'NO', 0);
INSERT INTO pl_picks VALUES('nnguyen', 'NO', 'CHI', 2017, 8, 'NO', 0);
INSERT INTO pl_picks VALUES('thighland', 'NO', 'CHI', 2017, 8, 'NO', 0);
INSERT INTO pl_picks VALUES('avasudev', 'NO', 'CHI', 2017, 8, 'NO', 0);
INSERT INTO pl_games VALUES('NYJ', 'ATL', 2017, 8, '2017-10-29 17:00:00', NULL, NULL, NULL);
INSERT INTO pl_picks VALUES('pgunter', 'NYJ', 'ATL', 2017, 8, 'NYJ', 0);
INSERT INTO pl_picks VALUES('nnguyen', 'NYJ', 'ATL', 2017, 8, 'ATL', 0);
INSERT INTO pl_picks VALUES('thighland', 'NYJ', 'ATL', 2017, 8, 'NYJ', 0);
INSERT INTO pl_picks VALUES('avasudev', 'NYJ', 'ATL', 2017, 8, 'NYJ', 0);
INSERT INTO pl_games VALUES('PHI', 'SF', 2017, 8, '2017-10-29 17:00:00', NULL, NULL, NULL);
INSERT INTO pl_picks VALUES('pgunter', 'PHI', 'SF', 2017, 8, 'PHI', 0);
INSERT INTO pl_picks VALUES('nnguyen', 'PHI', 'SF', 2017, 8, 'PHI', 0);
INSERT INTO pl_picks VALUES('thighland', 'PHI', 'SF', 2017, 8, 'PHI', 0);
INSERT INTO pl_picks VALUES('avasudev', 'PHI', 'SF', 2017, 8, 'PHI', 0);
INSERT INTO pl_games VALUES('TB', 'CAR', 2017, 8, '2017-10-29 17:00:00', NULL, NULL, NULL);
INSERT INTO pl_picks VALUES('pgunter', 'TB', 'CAR', 2017, 8, 'TB', 0);
INSERT INTO pl_picks VALUES('nnguyen', 'TB', 'CAR', 2017, 8, 'TB', 0);
INSERT INTO pl_picks VALUES('thighland', 'TB', 'CAR', 2017, 8, 'TB', 0);
INSERT INTO pl_picks VALUES('avasudev', 'TB', 'CAR', 2017, 8, 'CAR', 0);
INSERT INTO pl_games VALUES('SEA', 'HOU', 2017, 8, '2017-10-29 20:05:00', NULL, NULL, NULL);
INSERT INTO pl_picks VALUES('pgunter', 'SEA', 'HOU', 2017, 8, 'SEA', 0);
INSERT INTO pl_picks VALUES('nnguyen', 'SEA', 'HOU', 2017, 8, 'HOU', 0);
INSERT INTO pl_picks VALUES('thighland', 'SEA', 'HOU', 2017, 8, 'SEA', 0);
INSERT INTO pl_picks VALUES('avasudev', 'SEA', 'HOU', 2017, 8, 'SEA', 0);
INSERT INTO pl_games VALUES('WAS', 'DAL', 2017, 8, '2017-10-29 20:25:00', NULL, NULL, NULL);
INSERT INTO pl_picks VALUES('pgunter', 'WAS', 'DAL', 2017, 8, 'WAS', 0);
INSERT INTO pl_picks VALUES('nnguyen', 'WAS', 'DAL', 2017, 8, 'WAS', 0);
INSERT INTO pl_picks VALUES('thighland', 'WAS', 'DAL', 2017, 8, 'WAS', 0);
INSERT INTO pl_picks VALUES('avasudev', 'WAS', 'DAL', 2017, 8, 'DAL', 0);
INSERT INTO pl_games VALUES('DET', 'PIT', 2017, 8, '2017-10-30 00:30:00', NULL, NULL, NULL);
INSERT INTO pl_picks VALUES('pgunter', 'DET', 'PIT', 2017, 8, 'DET', 0);
INSERT INTO pl_picks VALUES('nnguyen', 'DET', 'PIT', 2017, 8, 'DET', 0);
INSERT INTO pl_picks VALUES('thighland', 'DET', 'PIT', 2017, 8, 'DET', 0);
INSERT INTO pl_picks VALUES('avasudev', 'DET', 'PIT', 2017, 8, 'DET', 0);
INSERT INTO pl_games VALUES('KC', 'DEN', 2017, 8, '2017-10-31 00:30:00', NULL, NULL, NULL);
INSERT INTO pl_picks VALUES('pgunter', 'KC', 'DEN', 2017, 8, 'KC', 0);
INSERT INTO pl_picks VALUES('nnguyen', 'KC', 'DEN', 2017, 8, 'KC', 0);
INSERT INTO pl_picks VALUES('thighland', 'KC', 'DEN', 2017, 8, 'KC', 0);
INSERT INTO pl_picks VALUES('avasudev', 'KC', 'DEN', 2017, 8, 'KC', 0);
INSERT INTO pl_games VALUES('NYJ', 'BUF', 2017, 9, '2017-11-03 00:25:00', NULL, NULL, NULL);
INSERT INTO pl_picks VALUES('dschexnayder', 'NYJ', 'BUF', 2017, 9, 'NYJ', 0);
INSERT INTO pl_picks VALUES('pgunter', 'NYJ', 'BUF', 2017, 9, 'NYJ', 0);
INSERT INTO pl_picks VALUES('nnguyen', 'NYJ', 'BUF', 2017, 9, 'NYJ', 0);
INSERT INTO pl_picks VALUES('thighland', 'NYJ', 'BUF', 2017, 9, 'NYJ', 0);
INSERT INTO pl_picks VALUES('avasudev', 'NYJ', 'BUF', 2017, 9, 'NYJ', 0);
INSERT INTO pl_games VALUES('CAR', 'ATL', 2017, 9, '2017-11-05 18:00:00', NULL, NULL, NULL);
INSERT INTO pl_picks VALUES('pgunter', 'CAR', 'ATL', 2017, 9, 'CAR', 0);
INSERT INTO pl_picks VALUES('nnguyen', 'CAR', 'ATL', 2017, 9, 'CAR', 0);
INSERT INTO pl_picks VALUES('thighland', 'CAR', 'ATL', 2017, 9, 'CAR', 0);
INSERT INTO pl_picks VALUES('avasudev', 'CAR', 'ATL', 2017, 9, 'CAR', 0);
INSERT INTO pl_games VALUES('HOU', 'IND', 2017, 9, '2017-11-05 18:00:00', NULL, NULL, NULL);
INSERT INTO pl_picks VALUES('pgunter', 'HOU', 'IND', 2017, 9, 'HOU', 0);
INSERT INTO pl_picks VALUES('nnguyen', 'HOU', 'IND', 2017, 9, 'HOU', 0);
INSERT INTO pl_picks VALUES('thighland', 'HOU', 'IND', 2017, 9, 'HOU', 0);
INSERT INTO pl_picks VALUES('avasudev', 'HOU', 'IND', 2017, 9, 'IND', 0);
INSERT INTO pl_games VALUES('JAX', 'CIN', 2017, 9, '2017-11-05 18:00:00', NULL, NULL, NULL);
INSERT INTO pl_picks VALUES('pgunter', 'JAX', 'CIN', 2017, 9, 'JAX', 0);
INSERT INTO pl_picks VALUES('nnguyen', 'JAX', 'CIN', 2017, 9, 'JAX', 0);
INSERT INTO pl_picks VALUES('thighland', 'JAX', 'CIN', 2017, 9, 'JAX', 0);
INSERT INTO pl_picks VALUES('avasudev', 'JAX', 'CIN', 2017, 9, 'JAX', 0);
INSERT INTO pl_games VALUES('NO', 'TB', 2017, 9, '2017-11-05 18:00:00', NULL, NULL, NULL);
INSERT INTO pl_picks VALUES('pgunter', 'NO', 'TB', 2017, 9, 'NO', 0);
INSERT INTO pl_picks VALUES('nnguyen', 'NO', 'TB', 2017, 9, 'TB', 0);
INSERT INTO pl_picks VALUES('thighland', 'NO', 'TB', 2017, 9, 'NO', 0);
INSERT INTO pl_picks VALUES('avasudev', 'NO', 'TB', 2017, 9, 'NO', 0);
INSERT INTO pl_games VALUES('NYG', 'LAR', 2017, 9, '2017-11-05 18:00:00', NULL, NULL, NULL);
INSERT INTO pl_picks VALUES('pgunter', 'NYG', 'LAR', 2017, 9, 'NYG', 0);
INSERT INTO pl_picks VALUES('nnguyen', 'NYG', 'LAR', 2017, 9, 'NYG', 0);
INSERT INTO pl_picks VALUES('thighland', 'NYG', 'LAR', 2017, 9, 'NYG', 0);
INSERT INTO pl_picks VALUES('avasudev', 'NYG', 'LAR', 2017, 9, 'NYG', 0);
INSERT INTO pl_games VALUES('PHI', 'DEN', 2017, 9, '2017-11-05 18:00:00', NULL, NULL, NULL);
INSERT INTO pl_picks VALUES('pgunter', 'PHI', 'DEN', 2017, 9, 'PHI', 0);
INSERT INTO pl_picks VALUES('nnguyen', 'PHI', 'DEN', 2017, 9, 'PHI', 0);
INSERT INTO pl_picks VALUES('thighland', 'PHI', 'DEN', 2017, 9, 'PHI', 0);
INSERT INTO pl_picks VALUES('avasudev', 'PHI', 'DEN', 2017, 9, 'PHI', 0);
INSERT INTO pl_games VALUES('TEN', 'BAL', 2017, 9, '2017-11-05 18:00:00', NULL, NULL, NULL);
INSERT INTO pl_picks VALUES('pgunter', 'TEN', 'BAL', 2017, 9, 'TEN', 0);
INSERT INTO pl_picks VALUES('nnguyen', 'TEN', 'BAL', 2017, 9, 'TEN', 0);
INSERT INTO pl_picks VALUES('thighland', 'TEN', 'BAL', 2017, 9, 'TEN', 0);
INSERT INTO pl_picks VALUES('avasudev', 'TEN', 'BAL', 2017, 9, 'BAL', 0);
INSERT INTO pl_games VALUES('SF', 'ARI', 2017, 9, '2017-11-05 21:05:00', NULL, NULL, NULL);
INSERT INTO pl_picks VALUES('pgunter', 'SF', 'ARI', 2017, 9, 'SF', 0);
INSERT INTO pl_picks VALUES('nnguyen', 'SF', 'ARI', 2017, 9, 'ARI', 0);
INSERT INTO pl_picks VALUES('thighland', 'SF', 'ARI', 2017, 9, 'SF', 0);
INSERT INTO pl_picks VALUES('avasudev', 'SF', 'ARI', 2017, 9, 'ARI', 0);
INSERT INTO pl_games VALUES('SEA', 'WAS', 2017, 9, '2017-11-05 21:05:00', NULL, NULL, NULL);
INSERT INTO pl_picks VALUES('pgunter', 'SEA', 'WAS', 2017, 9, 'SEA', 0);
INSERT INTO pl_picks VALUES('nnguyen', 'SEA', 'WAS', 2017, 9, 'SEA', 0);
INSERT INTO pl_picks VALUES('thighland', 'SEA', 'WAS', 2017, 9, 'SEA', 0);
INSERT INTO pl_picks VALUES('avasudev', 'SEA', 'WAS', 2017, 9, 'SEA', 0);
INSERT INTO pl_games VALUES('DAL', 'KC', 2017, 9, '2017-11-05 21:25:00', NULL, NULL, NULL);
INSERT INTO pl_picks VALUES('pgunter', 'DAL', 'KC', 2017, 9, 'DAL', 0);
INSERT INTO pl_picks VALUES('nnguyen', 'DAL', 'KC', 2017, 9, 'DAL', 0);
INSERT INTO pl_picks VALUES('thighland', 'DAL', 'KC', 2017, 9, 'DAL', 0);
INSERT INTO pl_picks VALUES('avasudev', 'DAL', 'KC', 2017, 9, 'DAL', 0);
INSERT INTO pl_games VALUES('MIA', 'OAK', 2017, 9, '2017-11-06 01:30:00', NULL, NULL, NULL);
INSERT INTO pl_picks VALUES('pgunter', 'MIA', 'OAK', 2017, 9, 'MIA', 0);
INSERT INTO pl_picks VALUES('nnguyen', 'MIA', 'OAK', 2017, 9, 'MIA', 0);
INSERT INTO pl_picks VALUES('thighland', 'MIA', 'OAK', 2017, 9, 'MIA', 0);
INSERT INTO pl_picks VALUES('avasudev', 'MIA', 'OAK', 2017, 9, 'MIA', 0);
INSERT INTO pl_games VALUES('GB', 'DET', 2017, 9, '2017-11-07 01:30:00', NULL, NULL, NULL);
INSERT INTO pl_picks VALUES('pgunter', 'GB', 'DET', 2017, 9, 'GB', 0);
INSERT INTO pl_picks VALUES('nnguyen', 'GB', 'DET', 2017, 9, 'GB', 0);
INSERT INTO pl_picks VALUES('thighland', 'GB', 'DET', 2017, 9, 'GB', 0);
INSERT INTO pl_picks VALUES('avasudev', 'GB', 'DET', 2017, 9, 'GB', 0);
INSERT INTO pl_games VALUES('ARI', 'SEA', 2017, 10, '2017-11-10 01:25:00', NULL, NULL, NULL);
INSERT INTO pl_picks VALUES('dschexnayder', 'ARI', 'SEA', 2017, 10, 'ARI', 0);
INSERT INTO pl_picks VALUES('pgunter', 'ARI', 'SEA', 2017, 10, 'ARI', 0);
INSERT INTO pl_picks VALUES('nnguyen', 'ARI', 'SEA', 2017, 10, 'ARI', 0);
INSERT INTO pl_picks VALUES('thighland', 'ARI', 'SEA', 2017, 10, 'ARI', 0);
INSERT INTO pl_picks VALUES('avasudev', 'ARI', 'SEA', 2017, 10, 'ARI', 0);
INSERT INTO pl_games VALUES('BUF', 'NO', 2017, 10, '2017-11-12 18:00:00', NULL, NULL, NULL);
INSERT INTO pl_picks VALUES('pgunter', 'BUF', 'NO', 2017, 10, 'BUF', 0);
INSERT INTO pl_picks VALUES('nnguyen', 'BUF', 'NO', 2017, 10, 'BUF', 0);
INSERT INTO pl_picks VALUES('thighland', 'BUF', 'NO', 2017, 10, 'BUF', 0);
INSERT INTO pl_picks VALUES('avasudev', 'BUF', 'NO', 2017, 10, 'BUF', 0);
INSERT INTO pl_games VALUES('CHI', 'GB', 2017, 10, '2017-11-12 18:00:00', NULL, NULL, NULL);
INSERT INTO pl_picks VALUES('pgunter', 'CHI', 'GB', 2017, 10, 'CHI', 0);
INSERT INTO pl_picks VALUES('nnguyen', 'CHI', 'GB', 2017, 10, 'CHI', 0);
INSERT INTO pl_picks VALUES('thighland', 'CHI', 'GB', 2017, 10, 'CHI', 0);
INSERT INTO pl_picks VALUES('avasudev', 'CHI', 'GB', 2017, 10, 'CHI', 0);
INSERT INTO pl_games VALUES('DET', 'CLE', 2017, 10, '2017-11-12 18:00:00', NULL, NULL, NULL);
INSERT INTO pl_picks VALUES('pgunter', 'DET', 'CLE', 2017, 10, 'DET', 0);
INSERT INTO pl_picks VALUES('nnguyen', 'DET', 'CLE', 2017, 10, 'DET', 0);
INSERT INTO pl_picks VALUES('thighland', 'DET', 'CLE', 2017, 10, 'DET', 0);
INSERT INTO pl_picks VALUES('avasudev', 'DET', 'CLE', 2017, 10, 'DET', 0);
INSERT INTO pl_games VALUES('IND', 'PIT', 2017, 10, '2017-11-12 18:00:00', NULL, NULL, NULL);
INSERT INTO pl_picks VALUES('pgunter', 'IND', 'PIT', 2017, 10, 'IND', 0);
INSERT INTO pl_picks VALUES('nnguyen', 'IND', 'PIT', 2017, 10, 'IND', 0);
INSERT INTO pl_picks VALUES('thighland', 'IND', 'PIT', 2017, 10, 'IND', 0);
INSERT INTO pl_picks VALUES('avasudev', 'IND', 'PIT', 2017, 10, 'IND', 0);
INSERT INTO pl_games VALUES('JAX', 'LAC', 2017, 10, '2017-11-12 18:00:00', NULL, NULL, NULL);
INSERT INTO pl_picks VALUES('pgunter', 'JAX', 'LAC', 2017, 10, 'JAX', 0);
INSERT INTO pl_picks VALUES('nnguyen', 'JAX', 'LAC', 2017, 10, 'JAX', 0);
INSERT INTO pl_picks VALUES('thighland', 'JAX', 'LAC', 2017, 10, 'JAX', 0);
INSERT INTO pl_picks VALUES('avasudev', 'JAX', 'LAC', 2017, 10, 'JAX', 0);
INSERT INTO pl_games VALUES('TB', 'NYJ', 2017, 10, '2017-11-12 18:00:00', NULL, NULL, NULL);
INSERT INTO pl_picks VALUES('pgunter', 'TB', 'NYJ', 2017, 10, 'TB', 0);
INSERT INTO pl_picks VALUES('nnguyen', 'TB', 'NYJ', 2017, 10, 'TB', 0);
INSERT INTO pl_picks VALUES('thighland', 'TB', 'NYJ', 2017, 10, 'TB', 0);
INSERT INTO pl_picks VALUES('avasudev', 'TB', 'NYJ', 2017, 10, 'TB', 0);
INSERT INTO pl_games VALUES('TEN', 'CIN', 2017, 10, '2017-11-12 18:00:00', NULL, NULL, NULL);
INSERT INTO pl_picks VALUES('pgunter', 'TEN', 'CIN', 2017, 10, 'TEN', 0);
INSERT INTO pl_picks VALUES('nnguyen', 'TEN', 'CIN', 2017, 10, 'TEN', 0);
INSERT INTO pl_picks VALUES('thighland', 'TEN', 'CIN', 2017, 10, 'TEN', 0);
INSERT INTO pl_picks VALUES('avasudev', 'TEN', 'CIN', 2017, 10, 'TEN', 0);
INSERT INTO pl_games VALUES('WAS', 'MIN', 2017, 10, '2017-11-12 18:00:00', NULL, NULL, NULL);
INSERT INTO pl_picks VALUES('pgunter', 'WAS', 'MIN', 2017, 10, 'WAS', 0);
INSERT INTO pl_picks VALUES('nnguyen', 'WAS', 'MIN', 2017, 10, 'WAS', 0);
INSERT INTO pl_picks VALUES('thighland', 'WAS', 'MIN', 2017, 10, 'WAS', 0);
INSERT INTO pl_picks VALUES('avasudev', 'WAS', 'MIN', 2017, 10, 'MIN', 0);
INSERT INTO pl_games VALUES('LAR', 'HOU', 2017, 10, '2017-11-12 21:05:00', NULL, NULL, NULL);
INSERT INTO pl_picks VALUES('pgunter', 'LAR', 'HOU', 2017, 10, 'LAR', 0);
INSERT INTO pl_picks VALUES('nnguyen', 'LAR', 'HOU', 2017, 10, 'LAR', 0);
INSERT INTO pl_picks VALUES('thighland', 'LAR', 'HOU', 2017, 10, 'LAR', 0);
INSERT INTO pl_picks VALUES('avasudev', 'LAR', 'HOU', 2017, 10, 'LAR', 0);
INSERT INTO pl_games VALUES('ATL', 'DAL', 2017, 10, '2017-11-12 21:25:00', NULL, NULL, NULL);
INSERT INTO pl_picks VALUES('pgunter', 'ATL', 'DAL', 2017, 10, 'ATL', 0);
INSERT INTO pl_picks VALUES('nnguyen', 'ATL', 'DAL', 2017, 10, 'ATL', 0);
INSERT INTO pl_picks VALUES('thighland', 'ATL', 'DAL', 2017, 10, 'ATL', 0);
INSERT INTO pl_picks VALUES('avasudev', 'ATL', 'DAL', 2017, 10, 'ATL', 0);
INSERT INTO pl_games VALUES('SF', 'NYG', 2017, 10, '2017-11-12 21:25:00', NULL, NULL, NULL);
INSERT INTO pl_picks VALUES('pgunter', 'SF', 'NYG', 2017, 10, 'SF', 0);
INSERT INTO pl_picks VALUES('nnguyen', 'SF', 'NYG', 2017, 10, 'SF', 0);
INSERT INTO pl_picks VALUES('thighland', 'SF', 'NYG', 2017, 10, 'SF', 0);
INSERT INTO pl_picks VALUES('avasudev', 'SF', 'NYG', 2017, 10, 'SF', 0);
INSERT INTO pl_games VALUES('DEN', 'NE', 2017, 10, '2017-11-13 01:30:00', NULL, NULL, NULL);
INSERT INTO pl_picks VALUES('pgunter', 'DEN', 'NE', 2017, 10, 'DEN', 0);
INSERT INTO pl_picks VALUES('nnguyen', 'DEN', 'NE', 2017, 10, 'DEN', 0);
INSERT INTO pl_picks VALUES('thighland', 'DEN', 'NE', 2017, 10, 'DEN', 0);
INSERT INTO pl_picks VALUES('avasudev', 'DEN', 'NE', 2017, 10, 'DEN', 0);
INSERT INTO pl_games VALUES('CAR', 'MIA', 2017, 10, '2017-11-14 01:30:00', NULL, NULL, NULL);
INSERT INTO pl_picks VALUES('pgunter', 'CAR', 'MIA', 2017, 10, 'CAR', 0);
INSERT INTO pl_picks VALUES('nnguyen', 'CAR', 'MIA', 2017, 10, 'CAR', 0);
INSERT INTO pl_picks VALUES('thighland', 'CAR', 'MIA', 2017, 10, 'CAR', 0);
INSERT INTO pl_picks VALUES('avasudev', 'CAR', 'MIA', 2017, 10, 'CAR', 0);
INSERT INTO pl_games VALUES('PIT', 'TEN', 2017, 11, '2017-11-17 01:25:00', NULL, NULL, NULL);
INSERT INTO pl_picks VALUES('dschexnayder', 'PIT', 'TEN', 2017, 11, 'PIT', 0);
INSERT INTO pl_picks VALUES('pgunter', 'PIT', 'TEN', 2017, 11, 'PIT', 0);
INSERT INTO pl_picks VALUES('nnguyen', 'PIT', 'TEN', 2017, 11, 'PIT', 0);
INSERT INTO pl_picks VALUES('thighland', 'PIT', 'TEN', 2017, 11, 'PIT', 0);
INSERT INTO pl_picks VALUES('avasudev', 'PIT', 'TEN', 2017, 11, 'PIT', 0);
INSERT INTO pl_games VALUES('CHI', 'DET', 2017, 11, '2017-11-19 18:00:00', NULL, NULL, NULL);
INSERT INTO pl_picks VALUES('pgunter', 'CHI', 'DET', 2017, 11, 'CHI', 0);
INSERT INTO pl_picks VALUES('nnguyen', 'CHI', 'DET', 2017, 11, 'DET', 0);
INSERT INTO pl_picks VALUES('thighland', 'CHI', 'DET', 2017, 11, 'CHI', 0);
INSERT INTO pl_picks VALUES('avasudev', 'CHI', 'DET', 2017, 11, 'DET', 0);
INSERT INTO pl_games VALUES('GB', 'BAL', 2017, 11, '2017-11-19 18:00:00', NULL, NULL, NULL);
INSERT INTO pl_picks VALUES('pgunter', 'GB', 'BAL', 2017, 11, 'GB', 0);
INSERT INTO pl_picks VALUES('nnguyen', 'GB', 'BAL', 2017, 11, 'GB', 0);
INSERT INTO pl_picks VALUES('thighland', 'GB', 'BAL', 2017, 11, 'GB', 0);
INSERT INTO pl_picks VALUES('avasudev', 'GB', 'BAL', 2017, 11, 'GB', 0);
INSERT INTO pl_games VALUES('CLE', 'JAX', 2017, 11, '2017-11-19 18:00:00', NULL, NULL, NULL);
INSERT INTO pl_picks VALUES('pgunter', 'CLE', 'JAX', 2017, 11, 'CLE', 0);
INSERT INTO pl_picks VALUES('nnguyen', 'CLE', 'JAX', 2017, 11, 'CLE', 0);
INSERT INTO pl_picks VALUES('thighland', 'CLE', 'JAX', 2017, 11, 'CLE', 0);
INSERT INTO pl_picks VALUES('avasudev', 'CLE', 'JAX', 2017, 11, 'CLE', 0);
INSERT INTO pl_games VALUES('HOU', 'ARI', 2017, 11, '2017-11-19 18:00:00', NULL, NULL, NULL);
INSERT INTO pl_picks VALUES('pgunter', 'HOU', 'ARI', 2017, 11, 'HOU', 0);
INSERT INTO pl_picks VALUES('nnguyen', 'HOU', 'ARI', 2017, 11, 'HOU', 0);
INSERT INTO pl_picks VALUES('thighland', 'HOU', 'ARI', 2017, 11, 'HOU', 0);
INSERT INTO pl_picks VALUES('avasudev', 'HOU', 'ARI', 2017, 11, 'ARI', 0);
INSERT INTO pl_games VALUES('MIN', 'LAR', 2017, 11, '2017-11-19 18:00:00', NULL, NULL, NULL);
INSERT INTO pl_picks VALUES('pgunter', 'MIN', 'LAR', 2017, 11, 'MIN', 0);
INSERT INTO pl_picks VALUES('nnguyen', 'MIN', 'LAR', 2017, 11, 'MIN', 0);
INSERT INTO pl_picks VALUES('thighland', 'MIN', 'LAR', 2017, 11, 'MIN', 0);
INSERT INTO pl_picks VALUES('avasudev', 'MIN', 'LAR', 2017, 11, 'MIN', 0);
INSERT INTO pl_games VALUES('NO', 'WAS', 2017, 11, '2017-11-19 18:00:00', NULL, NULL, NULL);
INSERT INTO pl_picks VALUES('pgunter', 'NO', 'WAS', 2017, 11, 'NO', 0);
INSERT INTO pl_picks VALUES('nnguyen', 'NO', 'WAS', 2017, 11, 'NO', 0);
INSERT INTO pl_picks VALUES('thighland', 'NO', 'WAS', 2017, 11, 'NO', 0);
INSERT INTO pl_picks VALUES('avasudev', 'NO', 'WAS', 2017, 11, 'WAS', 0);
INSERT INTO pl_games VALUES('NYG', 'KC', 2017, 11, '2017-11-19 18:00:00', NULL, NULL, NULL);
INSERT INTO pl_picks VALUES('pgunter', 'NYG', 'KC', 2017, 11, 'NYG', 0);
INSERT INTO pl_picks VALUES('nnguyen', 'NYG', 'KC', 2017, 11, 'NYG', 0);
INSERT INTO pl_picks VALUES('thighland', 'NYG', 'KC', 2017, 11, 'NYG', 0);
INSERT INTO pl_picks VALUES('avasudev', 'NYG', 'KC', 2017, 11, 'KC', 0);
INSERT INTO pl_games VALUES('LAC', 'BUF', 2017, 11, '2017-11-19 21:05:00', NULL, NULL, NULL);
INSERT INTO pl_picks VALUES('pgunter', 'LAC', 'BUF', 2017, 11, 'LAC', 0);
INSERT INTO pl_picks VALUES('nnguyen', 'LAC', 'BUF', 2017, 11, 'LAC', 0);
INSERT INTO pl_picks VALUES('thighland', 'LAC', 'BUF', 2017, 11, 'LAC', 0);
INSERT INTO pl_picks VALUES('avasudev', 'LAC', 'BUF', 2017, 11, 'BUF', 0);
INSERT INTO pl_games VALUES('DEN', 'CIN', 2017, 11, '2017-11-19 21:25:00', NULL, NULL, NULL);
INSERT INTO pl_picks VALUES('pgunter', 'DEN', 'CIN', 2017, 11, 'DEN', 0);
INSERT INTO pl_picks VALUES('nnguyen', 'DEN', 'CIN', 2017, 11, 'DEN', 0);
INSERT INTO pl_picks VALUES('thighland', 'DEN', 'CIN', 2017, 11, 'DEN', 0);
INSERT INTO pl_picks VALUES('avasudev', 'DEN', 'CIN', 2017, 11, 'DEN', 0);
INSERT INTO pl_games VALUES('OAK', 'NE', 2017, 11, '2017-11-19 21:25:00', NULL, NULL, NULL);
INSERT INTO pl_picks VALUES('pgunter', 'OAK', 'NE', 2017, 11, 'OAK', 0);
INSERT INTO pl_picks VALUES('nnguyen', 'OAK', 'NE', 2017, 11, 'NE', 0);
INSERT INTO pl_picks VALUES('thighland', 'OAK', 'NE', 2017, 11, 'OAK', 0);
INSERT INTO pl_picks VALUES('avasudev', 'OAK', 'NE', 2017, 11, 'NE', 0);
INSERT INTO pl_games VALUES('DAL', 'PHI', 2017, 11, '2017-11-20 01:30:00', NULL, NULL, NULL);
INSERT INTO pl_picks VALUES('pgunter', 'DAL', 'PHI', 2017, 11, 'DAL', 0);
INSERT INTO pl_picks VALUES('nnguyen', 'DAL', 'PHI', 2017, 11, 'DAL', 0);
INSERT INTO pl_picks VALUES('thighland', 'DAL', 'PHI', 2017, 11, 'DAL', 0);
INSERT INTO pl_picks VALUES('avasudev', 'DAL', 'PHI', 2017, 11, 'DAL', 0);
INSERT INTO pl_games VALUES('SEA', 'ATL', 2017, 11, '2017-11-21 01:30:00', NULL, NULL, NULL);
INSERT INTO pl_picks VALUES('pgunter', 'SEA', 'ATL', 2017, 11, 'SEA', 0);
INSERT INTO pl_picks VALUES('nnguyen', 'SEA', 'ATL', 2017, 11, 'SEA', 0);
INSERT INTO pl_picks VALUES('thighland', 'SEA', 'ATL', 2017, 11, 'SEA', 0);
INSERT INTO pl_picks VALUES('avasudev', 'SEA', 'ATL', 2017, 11, 'SEA', 0);
INSERT INTO pl_games VALUES('DET', 'MIN', 2017, 12, '2017-11-23 17:30:00', NULL, NULL, NULL);
INSERT INTO pl_picks VALUES('dschexnayder', 'DET', 'MIN', 2017, 12, 'DET', 0);
INSERT INTO pl_picks VALUES('pgunter', 'DET', 'MIN', 2017, 12, 'DET', 0);
INSERT INTO pl_picks VALUES('nnguyen', 'DET', 'MIN', 2017, 12, 'MIN', 0);
INSERT INTO pl_picks VALUES('thighland', 'DET', 'MIN', 2017, 12, 'DET', 0);
INSERT INTO pl_picks VALUES('avasudev', 'DET', 'MIN', 2017, 12, 'DET', 0);
INSERT INTO pl_games VALUES('DAL', 'LAC', 2017, 12, '2017-11-23 21:30:00', NULL, NULL, NULL);
INSERT INTO pl_picks VALUES('dschexnayder', 'DAL', 'LAC', 2017, 12, 'DAL', 0);
INSERT INTO pl_picks VALUES('pgunter', 'DAL', 'LAC', 2017, 12, 'DAL', 0);
INSERT INTO pl_picks VALUES('nnguyen', 'DAL', 'LAC', 2017, 12, 'DAL', 0);
INSERT INTO pl_picks VALUES('thighland', 'DAL', 'LAC', 2017, 12, 'DAL', 0);
INSERT INTO pl_picks VALUES('avasudev', 'DAL', 'LAC', 2017, 12, 'DAL', 0);
INSERT INTO pl_games VALUES('WAS', 'NYG', 2017, 12, '2017-11-24 01:30:00', NULL, NULL, NULL);
INSERT INTO pl_picks VALUES('dschexnayder', 'WAS', 'NYG', 2017, 12, 'WAS', 0);
INSERT INTO pl_picks VALUES('pgunter', 'WAS', 'NYG', 2017, 12, 'WAS', 0);
INSERT INTO pl_picks VALUES('nnguyen', 'WAS', 'NYG', 2017, 12, 'WAS', 0);
INSERT INTO pl_picks VALUES('thighland', 'WAS', 'NYG', 2017, 12, 'WAS', 0);
INSERT INTO pl_picks VALUES('avasudev', 'WAS', 'NYG', 2017, 12, 'WAS', 0);
INSERT INTO pl_games VALUES('ATL', 'TB', 2017, 12, '2017-11-26 18:00:00', NULL, NULL, NULL);
INSERT INTO pl_picks VALUES('pgunter', 'ATL', 'TB', 2017, 12, 'ATL', 0);
INSERT INTO pl_picks VALUES('nnguyen', 'ATL', 'TB', 2017, 12, 'ATL', 0);
INSERT INTO pl_picks VALUES('thighland', 'ATL', 'TB', 2017, 12, 'ATL', 0);
INSERT INTO pl_picks VALUES('avasudev', 'ATL', 'TB', 2017, 12, 'ATL', 0);
INSERT INTO pl_games VALUES('CIN', 'CLE', 2017, 12, '2017-11-26 18:00:00', NULL, NULL, NULL);
INSERT INTO pl_picks VALUES('pgunter', 'CIN', 'CLE', 2017, 12, 'CIN', 0);
INSERT INTO pl_picks VALUES('nnguyen', 'CIN', 'CLE', 2017, 12, 'CIN', 0);
INSERT INTO pl_picks VALUES('thighland', 'CIN', 'CLE', 2017, 12, 'CIN', 0);
INSERT INTO pl_picks VALUES('avasudev', 'CIN', 'CLE', 2017, 12, 'CIN', 0);
INSERT INTO pl_games VALUES('IND', 'TEN', 2017, 12, '2017-11-26 18:00:00', NULL, NULL, NULL);
INSERT INTO pl_picks VALUES('pgunter', 'IND', 'TEN', 2017, 12, 'IND', 0);
INSERT INTO pl_picks VALUES('nnguyen', 'IND', 'TEN', 2017, 12, 'TEN', 0);
INSERT INTO pl_picks VALUES('thighland', 'IND', 'TEN', 2017, 12, 'IND', 0);
INSERT INTO pl_picks VALUES('avasudev', 'IND', 'TEN', 2017, 12, 'IND', 0);
INSERT INTO pl_games VALUES('KC', 'BUF', 2017, 12, '2017-11-26 18:00:00', NULL, NULL, NULL);
INSERT INTO pl_picks VALUES('pgunter', 'KC', 'BUF', 2017, 12, 'KC', 0);
INSERT INTO pl_picks VALUES('nnguyen', 'KC', 'BUF', 2017, 12, 'KC', 0);
INSERT INTO pl_picks VALUES('thighland', 'KC', 'BUF', 2017, 12, 'KC', 0);
INSERT INTO pl_picks VALUES('avasudev', 'KC', 'BUF', 2017, 12, 'KC', 0);
INSERT INTO pl_games VALUES('NE', 'MIA', 2017, 12, '2017-11-26 18:00:00', NULL, NULL, NULL);
INSERT INTO pl_picks VALUES('pgunter', 'NE', 'MIA', 2017, 12, 'NE', 0);
INSERT INTO pl_picks VALUES('nnguyen', 'NE', 'MIA', 2017, 12, 'NE', 0);
INSERT INTO pl_picks VALUES('thighland', 'NE', 'MIA', 2017, 12, 'NE', 0);
INSERT INTO pl_picks VALUES('avasudev', 'NE', 'MIA', 2017, 12, 'MIA', 0);
INSERT INTO pl_games VALUES('NYJ', 'CAR', 2017, 12, '2017-11-26 18:00:00', NULL, NULL, NULL);
INSERT INTO pl_picks VALUES('pgunter', 'NYJ', 'CAR', 2017, 12, 'NYJ', 0);
INSERT INTO pl_picks VALUES('nnguyen', 'NYJ', 'CAR', 2017, 12, 'CAR', 0);
INSERT INTO pl_picks VALUES('thighland', 'NYJ', 'CAR', 2017, 12, 'NYJ', 0);
INSERT INTO pl_picks VALUES('avasudev', 'NYJ', 'CAR', 2017, 12, 'NYJ', 0);
INSERT INTO pl_games VALUES('PHI', 'CHI', 2017, 12, '2017-11-26 18:00:00', NULL, NULL, NULL);
INSERT INTO pl_picks VALUES('pgunter', 'PHI', 'CHI', 2017, 12, 'PHI', 0);
INSERT INTO pl_picks VALUES('nnguyen', 'PHI', 'CHI', 2017, 12, 'CHI', 0);
INSERT INTO pl_picks VALUES('thighland', 'PHI', 'CHI', 2017, 12, 'PHI', 0);
INSERT INTO pl_picks VALUES('avasudev', 'PHI', 'CHI', 2017, 12, 'PHI', 0);
INSERT INTO pl_games VALUES('LAR', 'NO', 2017, 12, '2017-11-26 21:05:00', NULL, NULL, NULL);
INSERT INTO pl_picks VALUES('pgunter', 'LAR', 'NO', 2017, 12, 'LAR', 0);
INSERT INTO pl_picks VALUES('nnguyen', 'LAR', 'NO', 2017, 12, 'LAR', 0);
INSERT INTO pl_picks VALUES('thighland', 'LAR', 'NO', 2017, 12, 'LAR', 0);
INSERT INTO pl_picks VALUES('avasudev', 'LAR', 'NO', 2017, 12, 'NO', 0);
INSERT INTO pl_games VALUES('SF', 'SEA', 2017, 12, '2017-11-26 21:05:00', NULL, NULL, NULL);
INSERT INTO pl_picks VALUES('pgunter', 'SF', 'SEA', 2017, 12, 'SF', 0);
INSERT INTO pl_picks VALUES('nnguyen', 'SF', 'SEA', 2017, 12, 'SEA', 0);
INSERT INTO pl_picks VALUES('thighland', 'SF', 'SEA', 2017, 12, 'SF', 0);
INSERT INTO pl_picks VALUES('avasudev', 'SF', 'SEA', 2017, 12, 'SF', 0);
INSERT INTO pl_games VALUES('ARI', 'JAX', 2017, 12, '2017-11-26 21:25:00', NULL, NULL, NULL);
INSERT INTO pl_picks VALUES('pgunter', 'ARI', 'JAX', 2017, 12, 'ARI', 0);
INSERT INTO pl_picks VALUES('nnguyen', 'ARI', 'JAX', 2017, 12, 'ARI', 0);
INSERT INTO pl_picks VALUES('thighland', 'ARI', 'JAX', 2017, 12, 'ARI', 0);
INSERT INTO pl_picks VALUES('avasudev', 'ARI', 'JAX', 2017, 12, 'ARI', 0);
INSERT INTO pl_games VALUES('OAK', 'DEN', 2017, 12, '2017-11-26 21:25:00', NULL, NULL, NULL);
INSERT INTO pl_picks VALUES('pgunter', 'OAK', 'DEN', 2017, 12, 'OAK', 0);
INSERT INTO pl_picks VALUES('nnguyen', 'OAK', 'DEN', 2017, 12, 'OAK', 0);
INSERT INTO pl_picks VALUES('thighland', 'OAK', 'DEN', 2017, 12, 'OAK', 0);
INSERT INTO pl_picks VALUES('avasudev', 'OAK', 'DEN', 2017, 12, 'OAK', 0);
INSERT INTO pl_games VALUES('PIT', 'GB', 2017, 12, '2017-11-27 01:30:00', NULL, NULL, NULL);
INSERT INTO pl_picks VALUES('pgunter', 'PIT', 'GB', 2017, 12, 'PIT', 0);
INSERT INTO pl_picks VALUES('nnguyen', 'PIT', 'GB', 2017, 12, 'GB', 0);
INSERT INTO pl_picks VALUES('thighland', 'PIT', 'GB', 2017, 12, 'PIT', 0);
INSERT INTO pl_picks VALUES('avasudev', 'PIT', 'GB', 2017, 12, 'PIT', 0);
INSERT INTO pl_games VALUES('BAL', 'HOU', 2017, 12, '2017-11-28 01:30:00', NULL, NULL, NULL);
INSERT INTO pl_picks VALUES('pgunter', 'BAL', 'HOU', 2017, 12, 'BAL', 0);
INSERT INTO pl_picks VALUES('nnguyen', 'BAL', 'HOU', 2017, 12, 'HOU', 0);
INSERT INTO pl_picks VALUES('thighland', 'BAL', 'HOU', 2017, 12, 'BAL', 0);
INSERT INTO pl_picks VALUES('avasudev', 'BAL', 'HOU', 2017, 12, 'BAL', 0);
INSERT INTO pl_games VALUES('DAL', 'WAS', 2017, 13, '2017-12-01 01:25:00', NULL, NULL, NULL);
INSERT INTO pl_picks VALUES('dschexnayder', 'DAL', 'WAS', 2017, 13, 'DAL', 0);
INSERT INTO pl_picks VALUES('pgunter', 'DAL', 'WAS', 2017, 13, 'DAL', 0);
INSERT INTO pl_picks VALUES('nnguyen', 'DAL', 'WAS', 2017, 13, 'DAL', 0);
INSERT INTO pl_picks VALUES('thighland', 'DAL', 'WAS', 2017, 13, 'DAL', 0);
INSERT INTO pl_picks VALUES('avasudev', 'DAL', 'WAS', 2017, 13, 'DAL', 0);
INSERT INTO pl_games VALUES('ATL', 'MIN', 2017, 13, '2017-12-03 18:00:00', NULL, NULL, NULL);
INSERT INTO pl_picks VALUES('pgunter', 'ATL', 'MIN', 2017, 13, 'ATL', 0);
INSERT INTO pl_picks VALUES('nnguyen', 'ATL', 'MIN', 2017, 13, 'ATL', 0);
INSERT INTO pl_picks VALUES('thighland', 'ATL', 'MIN', 2017, 13, 'ATL', 0);
INSERT INTO pl_picks VALUES('avasudev', 'ATL', 'MIN', 2017, 13, 'MIN', 0);
INSERT INTO pl_games VALUES('BAL', 'DET', 2017, 13, '2017-12-03 18:00:00', NULL, NULL, NULL);
INSERT INTO pl_picks VALUES('pgunter', 'BAL', 'DET', 2017, 13, 'BAL', 0);
INSERT INTO pl_picks VALUES('nnguyen', 'BAL', 'DET', 2017, 13, 'BAL', 0);
INSERT INTO pl_picks VALUES('thighland', 'BAL', 'DET', 2017, 13, 'BAL', 0);
INSERT INTO pl_picks VALUES('avasudev', 'BAL', 'DET', 2017, 13, 'BAL', 0);
INSERT INTO pl_games VALUES('BUF', 'NE', 2017, 13, '2017-12-03 18:00:00', NULL, NULL, NULL);
INSERT INTO pl_picks VALUES('pgunter', 'BUF', 'NE', 2017, 13, 'BUF', 0);
INSERT INTO pl_picks VALUES('nnguyen', 'BUF', 'NE', 2017, 13, 'NE', 0);
INSERT INTO pl_picks VALUES('thighland', 'BUF', 'NE', 2017, 13, 'BUF', 0);
INSERT INTO pl_picks VALUES('avasudev', 'BUF', 'NE', 2017, 13, 'BUF', 0);
INSERT INTO pl_games VALUES('CHI', 'SF', 2017, 13, '2017-12-03 18:00:00', NULL, NULL, NULL);
INSERT INTO pl_picks VALUES('pgunter', 'CHI', 'SF', 2017, 13, 'CHI', 0);
INSERT INTO pl_picks VALUES('nnguyen', 'CHI', 'SF', 2017, 13, 'CHI', 0);
INSERT INTO pl_picks VALUES('thighland', 'CHI', 'SF', 2017, 13, 'CHI', 0);
INSERT INTO pl_picks VALUES('avasudev', 'CHI', 'SF', 2017, 13, 'SF', 0);
INSERT INTO pl_games VALUES('GB', 'TB', 2017, 13, '2017-12-03 18:00:00', NULL, NULL, NULL);
INSERT INTO pl_picks VALUES('pgunter', 'GB', 'TB', 2017, 13, 'GB', 0);
INSERT INTO pl_picks VALUES('nnguyen', 'GB', 'TB', 2017, 13, 'GB', 0);
INSERT INTO pl_picks VALUES('thighland', 'GB', 'TB', 2017, 13, 'GB', 0);
INSERT INTO pl_picks VALUES('avasudev', 'GB', 'TB', 2017, 13, 'TB', 0);
INSERT INTO pl_games VALUES('JAX', 'IND', 2017, 13, '2017-12-03 18:00:00', NULL, NULL, NULL);
INSERT INTO pl_picks VALUES('pgunter', 'JAX', 'IND', 2017, 13, 'JAX', 0);
INSERT INTO pl_picks VALUES('nnguyen', 'JAX', 'IND', 2017, 13, 'JAX', 0);
INSERT INTO pl_picks VALUES('thighland', 'JAX', 'IND', 2017, 13, 'JAX', 0);
INSERT INTO pl_picks VALUES('avasudev', 'JAX', 'IND', 2017, 13, 'JAX', 0);
INSERT INTO pl_games VALUES('MIA', 'DEN', 2017, 13, '2017-12-03 18:00:00', NULL, NULL, NULL);
INSERT INTO pl_picks VALUES('pgunter', 'MIA', 'DEN', 2017, 13, 'MIA', 0);
INSERT INTO pl_picks VALUES('nnguyen', 'MIA', 'DEN', 2017, 13, 'DEN', 0);
INSERT INTO pl_picks VALUES('thighland', 'MIA', 'DEN', 2017, 13, 'MIA', 0);
INSERT INTO pl_picks VALUES('avasudev', 'MIA', 'DEN', 2017, 13, 'DEN', 0);
INSERT INTO pl_games VALUES('NO', 'CAR', 2017, 13, '2017-12-03 18:00:00', NULL, NULL, NULL);
INSERT INTO pl_picks VALUES('pgunter', 'NO', 'CAR', 2017, 13, 'NO', 0);
INSERT INTO pl_picks VALUES('nnguyen', 'NO', 'CAR', 2017, 13, 'CAR', 0);
INSERT INTO pl_picks VALUES('thighland', 'NO', 'CAR', 2017, 13, 'NO', 0);
INSERT INTO pl_picks VALUES('avasudev', 'NO', 'CAR', 2017, 13, 'NO', 0);
INSERT INTO pl_games VALUES('NYJ', 'KC', 2017, 13, '2017-12-03 18:00:00', NULL, NULL, NULL);
INSERT INTO pl_picks VALUES('pgunter', 'NYJ', 'KC', 2017, 13, 'NYJ', 0);
INSERT INTO pl_picks VALUES('nnguyen', 'NYJ', 'KC', 2017, 13, 'KC', 0);
INSERT INTO pl_picks VALUES('thighland', 'NYJ', 'KC', 2017, 13, 'NYJ', 0);
INSERT INTO pl_picks VALUES('avasudev', 'NYJ', 'KC', 2017, 13, 'KC', 0);
INSERT INTO pl_games VALUES('TEN', 'HOU', 2017, 13, '2017-12-03 18:00:00', NULL, NULL, NULL);
INSERT INTO pl_picks VALUES('pgunter', 'TEN', 'HOU', 2017, 13, 'TEN', 0);
INSERT INTO pl_picks VALUES('nnguyen', 'TEN', 'HOU', 2017, 13, 'TEN', 0);
INSERT INTO pl_picks VALUES('thighland', 'TEN', 'HOU', 2017, 13, 'TEN', 0);
INSERT INTO pl_picks VALUES('avasudev', 'TEN', 'HOU', 2017, 13, 'TEN', 0);
INSERT INTO pl_games VALUES('LAC', 'CLE', 2017, 13, '2017-12-03 21:05:00', NULL, NULL, NULL);
INSERT INTO pl_picks VALUES('pgunter', 'LAC', 'CLE', 2017, 13, 'LAC', 0);
INSERT INTO pl_picks VALUES('nnguyen', 'LAC', 'CLE', 2017, 13, 'LAC', 0);
INSERT INTO pl_picks VALUES('thighland', 'LAC', 'CLE', 2017, 13, 'LAC', 0);
INSERT INTO pl_picks VALUES('avasudev', 'LAC', 'CLE', 2017, 13, 'LAC', 0);
INSERT INTO pl_games VALUES('ARI', 'LAR', 2017, 13, '2017-12-03 21:25:00', NULL, NULL, NULL);
INSERT INTO pl_picks VALUES('pgunter', 'ARI', 'LAR', 2017, 13, 'ARI', 0);
INSERT INTO pl_picks VALUES('nnguyen', 'ARI', 'LAR', 2017, 13, 'ARI', 0);
INSERT INTO pl_picks VALUES('thighland', 'ARI', 'LAR', 2017, 13, 'LAR', 0);
INSERT INTO pl_picks VALUES('avasudev', 'ARI', 'LAR', 2017, 13, 'LAR', 0);
INSERT INTO pl_games VALUES('OAK', 'NYG', 2017, 13, '2017-12-03 21:25:00', NULL, NULL, NULL);
INSERT INTO pl_picks VALUES('pgunter', 'OAK', 'NYG', 2017, 13, 'OAK', 0);
INSERT INTO pl_picks VALUES('nnguyen', 'OAK', 'NYG', 2017, 13, 'OAK', 0);
INSERT INTO pl_picks VALUES('thighland', 'OAK', 'NYG', 2017, 13, 'OAK', 0);
INSERT INTO pl_picks VALUES('avasudev', 'OAK', 'NYG', 2017, 13, 'OAK', 0);
INSERT INTO pl_games VALUES('SEA', 'PHI', 2017, 13, '2017-12-04 01:30:00', NULL, NULL, NULL);
INSERT INTO pl_picks VALUES('pgunter', 'SEA', 'PHI', 2017, 13, 'SEA', 0);
INSERT INTO pl_picks VALUES('nnguyen', 'SEA', 'PHI', 2017, 13, 'SEA', 0);
INSERT INTO pl_picks VALUES('thighland', 'SEA', 'PHI', 2017, 13, 'SEA', 0);
INSERT INTO pl_picks VALUES('avasudev', 'SEA', 'PHI', 2017, 13, 'SEA', 0);
INSERT INTO pl_games VALUES('CIN', 'PIT', 2017, 13, '2017-12-05 01:30:00', NULL, NULL, NULL);
INSERT INTO pl_picks VALUES('pgunter', 'CIN', 'PIT', 2017, 13, 'CIN', 0);
INSERT INTO pl_picks VALUES('nnguyen', 'CIN', 'PIT', 2017, 13, 'PIT', 0);
INSERT INTO pl_picks VALUES('thighland', 'CIN', 'PIT', 2017, 13, 'CIN', 0);
INSERT INTO pl_picks VALUES('avasudev', 'CIN', 'PIT', 2017, 13, 'CIN', 0);
INSERT INTO pl_games VALUES('ATL', 'NO', 2017, 14, '2017-12-08 01:25:00', NULL, NULL, NULL);
INSERT INTO pl_picks VALUES('dschexnayder', 'ATL', 'NO', 2017, 14, 'ATL', 0);
INSERT INTO pl_picks VALUES('pgunter', 'ATL', 'NO', 2017, 14, 'ATL', 0);
INSERT INTO pl_picks VALUES('nnguyen', 'ATL', 'NO', 2017, 14, 'ATL', 0);
INSERT INTO pl_picks VALUES('thighland', 'ATL', 'NO', 2017, 14, 'ATL', 0);
INSERT INTO pl_picks VALUES('avasudev', 'ATL', 'NO', 2017, 14, 'ATL', 0);
INSERT INTO pl_games VALUES('BUF', 'IND', 2017, 14, '2017-12-10 18:00:00', NULL, NULL, NULL);
INSERT INTO pl_picks VALUES('pgunter', 'BUF', 'IND', 2017, 14, 'BUF', 0);
INSERT INTO pl_picks VALUES('nnguyen', 'BUF', 'IND', 2017, 14, 'BUF', 0);
INSERT INTO pl_picks VALUES('thighland', 'BUF', 'IND', 2017, 14, 'BUF', 0);
INSERT INTO pl_picks VALUES('avasudev', 'BUF', 'IND', 2017, 14, 'BUF', 0);
INSERT INTO pl_games VALUES('CAR', 'MIN', 2017, 14, '2017-12-10 18:00:00', NULL, NULL, NULL);
INSERT INTO pl_picks VALUES('pgunter', 'CAR', 'MIN', 2017, 14, 'CAR', 0);
INSERT INTO pl_picks VALUES('nnguyen', 'CAR', 'MIN', 2017, 14, 'CAR', 0);
INSERT INTO pl_picks VALUES('thighland', 'CAR', 'MIN', 2017, 14, 'CAR', 0);
INSERT INTO pl_picks VALUES('avasudev', 'CAR', 'MIN', 2017, 14, 'CAR', 0);
INSERT INTO pl_games VALUES('CIN', 'CHI', 2017, 14, '2017-12-10 18:00:00', NULL, NULL, NULL);
INSERT INTO pl_picks VALUES('pgunter', 'CIN', 'CHI', 2017, 14, 'CIN', 0);
INSERT INTO pl_picks VALUES('nnguyen', 'CIN', 'CHI', 2017, 14, 'CIN', 0);
INSERT INTO pl_picks VALUES('thighland', 'CIN', 'CHI', 2017, 14, 'CIN', 0);
INSERT INTO pl_picks VALUES('avasudev', 'CIN', 'CHI', 2017, 14, 'CIN', 0);
INSERT INTO pl_games VALUES('CLE', 'GB', 2017, 14, '2017-12-10 18:00:00', NULL, NULL, NULL);
INSERT INTO pl_picks VALUES('pgunter', 'CLE', 'GB', 2017, 14, 'CLE', 0);
INSERT INTO pl_picks VALUES('nnguyen', 'CLE', 'GB', 2017, 14, 'GB', 0);
INSERT INTO pl_picks VALUES('thighland', 'CLE', 'GB', 2017, 14, 'CLE', 0);
INSERT INTO pl_picks VALUES('avasudev', 'CLE', 'GB', 2017, 14, 'GB', 0);
INSERT INTO pl_games VALUES('HOU', 'SF', 2017, 14, '2017-12-10 18:00:00', NULL, NULL, NULL);
INSERT INTO pl_picks VALUES('pgunter', 'HOU', 'SF', 2017, 14, 'HOU', 0);
INSERT INTO pl_picks VALUES('nnguyen', 'HOU', 'SF', 2017, 14, 'HOU', 0);
INSERT INTO pl_picks VALUES('thighland', 'HOU', 'SF', 2017, 14, 'HOU', 0);
INSERT INTO pl_picks VALUES('avasudev', 'HOU', 'SF', 2017, 14, 'HOU', 0);
INSERT INTO pl_games VALUES('JAX', 'SEA', 2017, 14, '2017-12-10 18:00:00', NULL, NULL, NULL);
INSERT INTO pl_picks VALUES('pgunter', 'JAX', 'SEA', 2017, 14, 'JAX', 0);
INSERT INTO pl_picks VALUES('nnguyen', 'JAX', 'SEA', 2017, 14, 'JAX', 0);
INSERT INTO pl_picks VALUES('thighland', 'JAX', 'SEA', 2017, 14, 'JAX', 0);
INSERT INTO pl_picks VALUES('avasudev', 'JAX', 'SEA', 2017, 14, 'JAX', 0);
INSERT INTO pl_games VALUES('KC', 'OAK', 2017, 14, '2017-12-10 18:00:00', NULL, NULL, NULL);
INSERT INTO pl_picks VALUES('pgunter', 'KC', 'OAK', 2017, 14, 'KC', 0);
INSERT INTO pl_picks VALUES('nnguyen', 'KC', 'OAK', 2017, 14, 'KC', 0);
INSERT INTO pl_picks VALUES('thighland', 'KC', 'OAK', 2017, 14, 'KC', 0);
INSERT INTO pl_picks VALUES('avasudev', 'KC', 'OAK', 2017, 14, 'KC', 0);
INSERT INTO pl_games VALUES('TB', 'DET', 2017, 14, '2017-12-10 18:00:00', NULL, NULL, NULL);
INSERT INTO pl_picks VALUES('pgunter', 'TB', 'DET', 2017, 14, 'TB', 0);
INSERT INTO pl_picks VALUES('nnguyen', 'TB', 'DET', 2017, 14, 'TB', 0);
INSERT INTO pl_picks VALUES('thighland', 'TB', 'DET', 2017, 14, 'TB', 0);
INSERT INTO pl_picks VALUES('avasudev', 'TB', 'DET', 2017, 14, 'TB', 0);
INSERT INTO pl_games VALUES('ARI', 'TEN', 2017, 14, '2017-12-10 21:05:00', NULL, NULL, NULL);
INSERT INTO pl_picks VALUES('pgunter', 'ARI', 'TEN', 2017, 14, 'ARI', 0);
INSERT INTO pl_picks VALUES('nnguyen', 'ARI', 'TEN', 2017, 14, 'TEN', 0);
INSERT INTO pl_picks VALUES('thighland', 'ARI', 'TEN', 2017, 14, 'ARI', 0);
INSERT INTO pl_picks VALUES('avasudev', 'ARI', 'TEN', 2017, 14, 'ARI', 0);
INSERT INTO pl_games VALUES('DEN', 'NYJ', 2017, 14, '2017-12-10 21:05:00', NULL, NULL, NULL);
INSERT INTO pl_picks VALUES('pgunter', 'DEN', 'NYJ', 2017, 14, 'DEN', 0);
INSERT INTO pl_picks VALUES('nnguyen', 'DEN', 'NYJ', 2017, 14, 'DEN', 0);
INSERT INTO pl_picks VALUES('thighland', 'DEN', 'NYJ', 2017, 14, 'DEN', 0);
INSERT INTO pl_picks VALUES('avasudev', 'DEN', 'NYJ', 2017, 14, 'NYJ', 0);
INSERT INTO pl_games VALUES('LAC', 'WAS', 2017, 14, '2017-12-10 21:05:00', NULL, NULL, NULL);
INSERT INTO pl_picks VALUES('pgunter', 'LAC', 'WAS', 2017, 14, 'LAC', 0);
INSERT INTO pl_picks VALUES('nnguyen', 'LAC', 'WAS', 2017, 14, 'LAC', 0);
INSERT INTO pl_picks VALUES('thighland', 'LAC', 'WAS', 2017, 14, 'LAC', 0);
INSERT INTO pl_picks VALUES('avasudev', 'LAC', 'WAS', 2017, 14, 'LAC', 0);
INSERT INTO pl_games VALUES('LAR', 'PHI', 2017, 14, '2017-12-10 21:25:00', NULL, NULL, NULL);
INSERT INTO pl_picks VALUES('pgunter', 'LAR', 'PHI', 2017, 14, 'LAR', 0);
INSERT INTO pl_picks VALUES('nnguyen', 'LAR', 'PHI', 2017, 14, 'LAR', 0);
INSERT INTO pl_picks VALUES('thighland', 'LAR', 'PHI', 2017, 14, 'LAR', 0);
INSERT INTO pl_picks VALUES('avasudev', 'LAR', 'PHI', 2017, 14, 'LAR', 0);
INSERT INTO pl_games VALUES('NYG', 'DAL', 2017, 14, '2017-12-10 21:25:00', NULL, NULL, NULL);
INSERT INTO pl_picks VALUES('pgunter', 'NYG', 'DAL', 2017, 14, 'NYG', 0);
INSERT INTO pl_picks VALUES('nnguyen', 'NYG', 'DAL', 2017, 14, 'DAL', 0);
INSERT INTO pl_picks VALUES('thighland', 'NYG', 'DAL', 2017, 14, 'NYG', 0);
INSERT INTO pl_picks VALUES('avasudev', 'NYG', 'DAL', 2017, 14, 'NYG', 0);
INSERT INTO pl_games VALUES('PIT', 'BAL', 2017, 14, '2017-12-11 01:30:00', NULL, NULL, NULL);
INSERT INTO pl_picks VALUES('pgunter', 'PIT', 'BAL', 2017, 14, 'PIT', 0);
INSERT INTO pl_picks VALUES('nnguyen', 'PIT', 'BAL', 2017, 14, 'PIT', 0);
INSERT INTO pl_picks VALUES('thighland', 'PIT', 'BAL', 2017, 14, 'PIT', 0);
INSERT INTO pl_picks VALUES('avasudev', 'PIT', 'BAL', 2017, 14, 'PIT', 0);
INSERT INTO pl_games VALUES('MIA', 'NE', 2017, 14, '2017-12-12 01:30:00', NULL, NULL, NULL);
INSERT INTO pl_picks VALUES('pgunter', 'MIA', 'NE', 2017, 14, 'MIA', 0);
INSERT INTO pl_picks VALUES('nnguyen', 'MIA', 'NE', 2017, 14, 'NE', 0);
INSERT INTO pl_picks VALUES('thighland', 'MIA', 'NE', 2017, 14, 'MIA', 0);
INSERT INTO pl_picks VALUES('avasudev', 'MIA', 'NE', 2017, 14, 'MIA', 0);
INSERT INTO pl_games VALUES('IND', 'DEN', 2017, 15, '2017-12-15 01:25:00', NULL, NULL, NULL);
INSERT INTO pl_picks VALUES('dschexnayder', 'IND', 'DEN', 2017, 15, 'IND', 0);
INSERT INTO pl_picks VALUES('pgunter', 'IND', 'DEN', 2017, 15, 'IND', 0);
INSERT INTO pl_picks VALUES('nnguyen', 'IND', 'DEN', 2017, 15, 'DEN', 0);
INSERT INTO pl_picks VALUES('thighland', 'IND', 'DEN', 2017, 15, 'IND', 0);
INSERT INTO pl_picks VALUES('avasudev', 'IND', 'DEN', 2017, 15, 'IND', 0);
INSERT INTO pl_games VALUES('DET', 'CHI', 2017, 15, '2017-12-16 21:30:00', NULL, NULL, NULL);
INSERT INTO pl_picks VALUES('pgunter', 'DET', 'CHI', 2017, 15, 'DET', 0);
INSERT INTO pl_picks VALUES('nnguyen', 'DET', 'CHI', 2017, 15, 'DET', 0);
INSERT INTO pl_picks VALUES('thighland', 'DET', 'CHI', 2017, 15, 'DET', 0);
INSERT INTO pl_picks VALUES('avasudev', 'DET', 'CHI', 2017, 15, 'DET', 0);
INSERT INTO pl_games VALUES('KC', 'LAC', 2017, 15, '2017-12-17 01:25:00', NULL, NULL, NULL);
INSERT INTO pl_picks VALUES('pgunter', 'KC', 'LAC', 2017, 15, 'KC', 0);
INSERT INTO pl_picks VALUES('nnguyen', 'KC', 'LAC', 2017, 15, 'KC', 0);
INSERT INTO pl_picks VALUES('thighland', 'KC', 'LAC', 2017, 15, 'KC', 0);
INSERT INTO pl_picks VALUES('avasudev', 'KC', 'LAC', 2017, 15, 'LAC', 0);
INSERT INTO pl_games VALUES('BUF', 'MIA', 2017, 15, '2017-12-17 18:00:00', NULL, NULL, NULL);
INSERT INTO pl_picks VALUES('pgunter', 'BUF', 'MIA', 2017, 15, 'BUF', 0);
INSERT INTO pl_picks VALUES('nnguyen', 'BUF', 'MIA', 2017, 15, 'BUF', 0);
INSERT INTO pl_picks VALUES('thighland', 'BUF', 'MIA', 2017, 15, 'BUF', 0);
INSERT INTO pl_picks VALUES('avasudev', 'BUF', 'MIA', 2017, 15, 'BUF', 0);
INSERT INTO pl_games VALUES('CAR', 'GB', 2017, 15, '2017-12-17 18:00:00', NULL, NULL, NULL);
INSERT INTO pl_picks VALUES('pgunter', 'CAR', 'GB', 2017, 15, 'CAR', 0);
INSERT INTO pl_picks VALUES('nnguyen', 'CAR', 'GB', 2017, 15, 'GB', 0);
INSERT INTO pl_picks VALUES('thighland', 'CAR', 'GB', 2017, 15, 'CAR', 0);
INSERT INTO pl_picks VALUES('avasudev', 'CAR', 'GB', 2017, 15, 'CAR', 0);
INSERT INTO pl_games VALUES('CLE', 'BAL', 2017, 15, '2017-12-17 18:00:00', NULL, NULL, NULL);
INSERT INTO pl_picks VALUES('pgunter', 'CLE', 'BAL', 2017, 15, 'CLE', 0);
INSERT INTO pl_picks VALUES('nnguyen', 'CLE', 'BAL', 2017, 15, 'BAL', 0);
INSERT INTO pl_picks VALUES('thighland', 'CLE', 'BAL', 2017, 15, 'CLE', 0);
INSERT INTO pl_picks VALUES('avasudev', 'CLE', 'BAL', 2017, 15, 'CLE', 0);
INSERT INTO pl_games VALUES('JAX', 'HOU', 2017, 15, '2017-12-17 18:00:00', NULL, NULL, NULL);
INSERT INTO pl_picks VALUES('pgunter', 'JAX', 'HOU', 2017, 15, 'JAX', 0);
INSERT INTO pl_picks VALUES('nnguyen', 'JAX', 'HOU', 2017, 15, 'JAX', 0);
INSERT INTO pl_picks VALUES('thighland', 'JAX', 'HOU', 2017, 15, 'JAX', 0);
INSERT INTO pl_picks VALUES('avasudev', 'JAX', 'HOU', 2017, 15, 'JAX', 0);
INSERT INTO pl_games VALUES('MIN', 'CIN', 2017, 15, '2017-12-17 18:00:00', NULL, NULL, NULL);
INSERT INTO pl_picks VALUES('pgunter', 'MIN', 'CIN', 2017, 15, 'MIN', 0);
INSERT INTO pl_picks VALUES('nnguyen', 'MIN', 'CIN', 2017, 15, 'MIN', 0);
INSERT INTO pl_picks VALUES('thighland', 'MIN', 'CIN', 2017, 15, 'MIN', 0);
INSERT INTO pl_picks VALUES('avasudev', 'MIN', 'CIN', 2017, 15, 'CIN', 0);
INSERT INTO pl_games VALUES('NO', 'NYJ', 2017, 15, '2017-12-17 18:00:00', NULL, NULL, NULL);
INSERT INTO pl_picks VALUES('pgunter', 'NO', 'NYJ', 2017, 15, 'NO', 0);
INSERT INTO pl_picks VALUES('nnguyen', 'NO', 'NYJ', 2017, 15, 'NO', 0);
INSERT INTO pl_picks VALUES('thighland', 'NO', 'NYJ', 2017, 15, 'NO', 0);
INSERT INTO pl_picks VALUES('avasudev', 'NO', 'NYJ', 2017, 15, 'NYJ', 0);
INSERT INTO pl_games VALUES('NYG', 'PHI', 2017, 15, '2017-12-17 18:00:00', NULL, NULL, NULL);
INSERT INTO pl_picks VALUES('pgunter', 'NYG', 'PHI', 2017, 15, 'NYG', 0);
INSERT INTO pl_picks VALUES('nnguyen', 'NYG', 'PHI', 2017, 15, 'NYG', 0);
INSERT INTO pl_picks VALUES('thighland', 'NYG', 'PHI', 2017, 15, 'NYG', 0);
INSERT INTO pl_picks VALUES('avasudev', 'NYG', 'PHI', 2017, 15, 'NYG', 0);
INSERT INTO pl_games VALUES('WAS', 'ARI', 2017, 15, '2017-12-17 18:00:00', NULL, NULL, NULL);
INSERT INTO pl_picks VALUES('pgunter', 'WAS', 'ARI', 2017, 15, 'WAS', 0);
INSERT INTO pl_picks VALUES('nnguyen', 'WAS', 'ARI', 2017, 15, 'ARI', 0);
INSERT INTO pl_picks VALUES('thighland', 'WAS', 'ARI', 2017, 15, 'WAS', 0);
INSERT INTO pl_picks VALUES('avasudev', 'WAS', 'ARI', 2017, 15, 'WAS', 0);
INSERT INTO pl_games VALUES('SEA', 'LAR', 2017, 15, '2017-12-17 21:05:00', NULL, NULL, NULL);
INSERT INTO pl_picks VALUES('pgunter', 'SEA', 'LAR', 2017, 15, 'SEA', 0);
INSERT INTO pl_picks VALUES('nnguyen', 'SEA', 'LAR', 2017, 15, 'SEA', 0);
INSERT INTO pl_picks VALUES('thighland', 'SEA', 'LAR', 2017, 15, 'SEA', 0);
INSERT INTO pl_picks VALUES('avasudev', 'SEA', 'LAR', 2017, 15, 'SEA', 0);
INSERT INTO pl_games VALUES('PIT', 'NE', 2017, 15, '2017-12-17 21:25:00', NULL, NULL, NULL);
INSERT INTO pl_picks VALUES('pgunter', 'PIT', 'NE', 2017, 15, 'PIT', 0);
INSERT INTO pl_picks VALUES('nnguyen', 'PIT', 'NE', 2017, 15, 'PIT', 0);
INSERT INTO pl_picks VALUES('thighland', 'PIT', 'NE', 2017, 15, 'PIT', 0);
INSERT INTO pl_picks VALUES('avasudev', 'PIT', 'NE', 2017, 15, 'NE', 0);
INSERT INTO pl_games VALUES('SF', 'TEN', 2017, 15, '2017-12-17 21:25:00', NULL, NULL, NULL);
INSERT INTO pl_picks VALUES('pgunter', 'SF', 'TEN', 2017, 15, 'SF', 0);
INSERT INTO pl_picks VALUES('nnguyen', 'SF', 'TEN', 2017, 15, 'TEN', 0);
INSERT INTO pl_picks VALUES('thighland', 'SF', 'TEN', 2017, 15, 'SF', 0);
INSERT INTO pl_picks VALUES('avasudev', 'SF', 'TEN', 2017, 15, 'SF', 0);
INSERT INTO pl_games VALUES('OAK', 'DAL', 2017, 15, '2017-12-18 01:30:00', NULL, NULL, NULL);
INSERT INTO pl_picks VALUES('pgunter', 'OAK', 'DAL', 2017, 15, 'OAK', 0);
INSERT INTO pl_picks VALUES('nnguyen', 'OAK', 'DAL', 2017, 15, 'DAL', 0);
INSERT INTO pl_picks VALUES('thighland', 'OAK', 'DAL', 2017, 15, 'OAK', 0);
INSERT INTO pl_picks VALUES('avasudev', 'OAK', 'DAL', 2017, 15, 'OAK', 0);
INSERT INTO pl_games VALUES('TB', 'ATL', 2017, 15, '2017-12-19 01:30:00', NULL, NULL, NULL);
INSERT INTO pl_picks VALUES('pgunter', 'TB', 'ATL', 2017, 15, 'TB', 0);
INSERT INTO pl_picks VALUES('nnguyen', 'TB', 'ATL', 2017, 15, 'TB', 0);
INSERT INTO pl_picks VALUES('thighland', 'TB', 'ATL', 2017, 15, 'TB', 0);
INSERT INTO pl_picks VALUES('avasudev', 'TB', 'ATL', 2017, 15, 'TB', 0);
INSERT INTO pl_games VALUES('BAL', 'IND', 2017, 16, '2017-12-23 21:30:00', NULL, NULL, NULL);
INSERT INTO pl_picks VALUES('dschexnayder', 'BAL', 'IND', 2017, 16, 'BAL', 0);
INSERT INTO pl_picks VALUES('pgunter', 'BAL', 'IND', 2017, 16, 'BAL', 0);
INSERT INTO pl_picks VALUES('nnguyen', 'BAL', 'IND', 2017, 16, 'BAL', 0);
INSERT INTO pl_picks VALUES('thighland', 'BAL', 'IND', 2017, 16, 'BAL', 0);
INSERT INTO pl_picks VALUES('avasudev', 'BAL', 'IND', 2017, 16, 'BAL', 0);
INSERT INTO pl_games VALUES('GB', 'MIN', 2017, 16, '2017-12-24 01:30:00', NULL, NULL, NULL);
INSERT INTO pl_picks VALUES('pgunter', 'GB', 'MIN', 2017, 16, 'GB', 0);
INSERT INTO pl_picks VALUES('nnguyen', 'GB', 'MIN', 2017, 16, 'GB', 0);
INSERT INTO pl_picks VALUES('thighland', 'GB', 'MIN', 2017, 16, 'GB', 0);
INSERT INTO pl_picks VALUES('avasudev', 'GB', 'MIN', 2017, 16, 'GB', 0);
INSERT INTO pl_games VALUES('CAR', 'TB', 2017, 16, '2017-12-24 18:00:00', NULL, NULL, NULL);
INSERT INTO pl_picks VALUES('pgunter', 'CAR', 'TB', 2017, 16, 'CAR', 0);
INSERT INTO pl_picks VALUES('nnguyen', 'CAR', 'TB', 2017, 16, 'CAR', 0);
INSERT INTO pl_picks VALUES('thighland', 'CAR', 'TB', 2017, 16, 'TB', 0);
INSERT INTO pl_picks VALUES('avasudev', 'CAR', 'TB', 2017, 16, 'CAR', 0);
INSERT INTO pl_games VALUES('CHI', 'CLE', 2017, 16, '2017-12-24 18:00:00', NULL, NULL, NULL);
INSERT INTO pl_picks VALUES('pgunter', 'CHI', 'CLE', 2017, 16, 'CHI', 0);
INSERT INTO pl_picks VALUES('nnguyen', 'CHI', 'CLE', 2017, 16, 'CHI', 0);
INSERT INTO pl_picks VALUES('thighland', 'CHI', 'CLE', 2017, 16, 'CHI', 0);
INSERT INTO pl_picks VALUES('avasudev', 'CHI', 'CLE', 2017, 16, 'CLE', 0);
INSERT INTO pl_games VALUES('CIN', 'DET', 2017, 16, '2017-12-24 18:00:00', NULL, NULL, NULL);
INSERT INTO pl_picks VALUES('pgunter', 'CIN', 'DET', 2017, 16, 'CIN', 0);
INSERT INTO pl_picks VALUES('nnguyen', 'CIN', 'DET', 2017, 16, 'CIN', 0);
INSERT INTO pl_picks VALUES('thighland', 'CIN', 'DET', 2017, 16, 'CIN', 0);
INSERT INTO pl_picks VALUES('avasudev', 'CIN', 'DET', 2017, 16, 'DET', 0);
INSERT INTO pl_games VALUES('KC', 'MIA', 2017, 16, '2017-12-24 18:00:00', NULL, NULL, NULL);
INSERT INTO pl_picks VALUES('pgunter', 'KC', 'MIA', 2017, 16, 'KC', 0);
INSERT INTO pl_picks VALUES('nnguyen', 'KC', 'MIA', 2017, 16, 'KC', 0);
INSERT INTO pl_picks VALUES('thighland', 'KC', 'MIA', 2017, 16, 'KC', 0);
INSERT INTO pl_picks VALUES('avasudev', 'KC', 'MIA', 2017, 16, 'MIA', 0);
INSERT INTO pl_games VALUES('NE', 'BUF', 2017, 16, '2017-12-24 18:00:00', NULL, NULL, NULL);
INSERT INTO pl_picks VALUES('pgunter', 'NE', 'BUF', 2017, 16, 'NE', 0);
INSERT INTO pl_picks VALUES('nnguyen', 'NE', 'BUF', 2017, 16, 'NE', 0);
INSERT INTO pl_picks VALUES('thighland', 'NE', 'BUF', 2017, 16, 'NE', 0);
INSERT INTO pl_picks VALUES('avasudev', 'NE', 'BUF', 2017, 16, 'NE', 0);
INSERT INTO pl_games VALUES('NO', 'ATL', 2017, 16, '2017-12-24 18:00:00', NULL, NULL, NULL);
INSERT INTO pl_picks VALUES('pgunter', 'NO', 'ATL', 2017, 16, 'NO', 0);
INSERT INTO pl_picks VALUES('nnguyen', 'NO', 'ATL', 2017, 16, 'ATL', 0);
INSERT INTO pl_picks VALUES('thighland', 'NO', 'ATL', 2017, 16, 'NO', 0);
INSERT INTO pl_picks VALUES('avasudev', 'NO', 'ATL', 2017, 16, 'NO', 0);
INSERT INTO pl_games VALUES('NYJ', 'LAC', 2017, 16, '2017-12-24 18:00:00', NULL, NULL, NULL);
INSERT INTO pl_picks VALUES('pgunter', 'NYJ', 'LAC', 2017, 16, 'NYJ', 0);
INSERT INTO pl_picks VALUES('nnguyen', 'NYJ', 'LAC', 2017, 16, 'NYJ', 0);
INSERT INTO pl_picks VALUES('thighland', 'NYJ', 'LAC', 2017, 16, 'NYJ', 0);
INSERT INTO pl_picks VALUES('avasudev', 'NYJ', 'LAC', 2017, 16, 'NYJ', 0);
INSERT INTO pl_games VALUES('TEN', 'LAR', 2017, 16, '2017-12-24 18:00:00', NULL, NULL, NULL);
INSERT INTO pl_picks VALUES('pgunter', 'TEN', 'LAR', 2017, 16, 'TEN', 0);
INSERT INTO pl_picks VALUES('nnguyen', 'TEN', 'LAR', 2017, 16, 'TEN', 0);
INSERT INTO pl_picks VALUES('thighland', 'TEN', 'LAR', 2017, 16, 'TEN', 0);
INSERT INTO pl_picks VALUES('avasudev', 'TEN', 'LAR', 2017, 16, 'TEN', 0);
INSERT INTO pl_games VALUES('WAS', 'DEN', 2017, 16, '2017-12-24 18:00:00', NULL, NULL, NULL);
INSERT INTO pl_picks VALUES('pgunter', 'WAS', 'DEN', 2017, 16, 'WAS', 0);
INSERT INTO pl_picks VALUES('nnguyen', 'WAS', 'DEN', 2017, 16, 'DEN', 0);
INSERT INTO pl_picks VALUES('thighland', 'WAS', 'DEN', 2017, 16, 'WAS', 0);
INSERT INTO pl_picks VALUES('avasudev', 'WAS', 'DEN', 2017, 16, 'WAS', 0);
INSERT INTO pl_games VALUES('SF', 'JAX', 2017, 16, '2017-12-24 21:05:00', NULL, NULL, NULL);
INSERT INTO pl_picks VALUES('pgunter', 'SF', 'JAX', 2017, 16, 'SF', 0);
INSERT INTO pl_picks VALUES('nnguyen', 'SF', 'JAX', 2017, 16, 'JAX', 0);
INSERT INTO pl_picks VALUES('thighland', 'SF', 'JAX', 2017, 16, 'SF', 0);
INSERT INTO pl_picks VALUES('avasudev', 'SF', 'JAX', 2017, 16, 'SF', 0);
INSERT INTO pl_games VALUES('ARI', 'NYG', 2017, 16, '2017-12-24 21:25:00', NULL, NULL, NULL);
INSERT INTO pl_picks VALUES('pgunter', 'ARI', 'NYG', 2017, 16, 'ARI', 0);
INSERT INTO pl_picks VALUES('nnguyen', 'ARI', 'NYG', 2017, 16, 'ARI', 0);
INSERT INTO pl_picks VALUES('thighland', 'ARI', 'NYG', 2017, 16, 'ARI', 0);
INSERT INTO pl_picks VALUES('avasudev', 'ARI', 'NYG', 2017, 16, 'NYG', 0);
INSERT INTO pl_games VALUES('DAL', 'SEA', 2017, 16, '2017-12-24 21:25:00', NULL, NULL, NULL);
INSERT INTO pl_picks VALUES('pgunter', 'DAL', 'SEA', 2017, 16, 'DAL', 0);
INSERT INTO pl_picks VALUES('nnguyen', 'DAL', 'SEA', 2017, 16, 'DAL', 0);
INSERT INTO pl_picks VALUES('thighland', 'DAL', 'SEA', 2017, 16, 'DAL', 0);
INSERT INTO pl_picks VALUES('avasudev', 'DAL', 'SEA', 2017, 16, 'DAL', 0);
INSERT INTO pl_games VALUES('HOU', 'PIT', 2017, 16, '2017-12-25 21:30:00', NULL, NULL, NULL);
INSERT INTO pl_picks VALUES('pgunter', 'HOU', 'PIT', 2017, 16, 'HOU', 0);
INSERT INTO pl_picks VALUES('nnguyen', 'HOU', 'PIT', 2017, 16, 'HOU', 0);
INSERT INTO pl_picks VALUES('thighland', 'HOU', 'PIT', 2017, 16, 'HOU', 0);
INSERT INTO pl_picks VALUES('avasudev', 'HOU', 'PIT', 2017, 16, 'PIT', 0);
INSERT INTO pl_games VALUES('PHI', 'OAK', 2017, 16, '2017-12-26 01:30:00', NULL, NULL, NULL);
INSERT INTO pl_picks VALUES('pgunter', 'PHI', 'OAK', 2017, 16, 'PHI', 0);
INSERT INTO pl_picks VALUES('nnguyen', 'PHI', 'OAK', 2017, 16, 'PHI', 0);
INSERT INTO pl_picks VALUES('thighland', 'PHI', 'OAK', 2017, 16, 'PHI', 0);
INSERT INTO pl_picks VALUES('avasudev', 'PHI', 'OAK', 2017, 16, 'PHI', 0);
INSERT INTO pl_games VALUES('ATL', 'CAR', 2017, 17, '2017-12-31 18:00:00', NULL, NULL, NULL);
INSERT INTO pl_picks VALUES('pgunter', 'ATL', 'CAR', 2017, 17, 'ATL', 0);
INSERT INTO pl_picks VALUES('nnguyen', 'ATL', 'CAR', 2017, 17, 'ATL', 0);
INSERT INTO pl_picks VALUES('thighland', 'ATL', 'CAR', 2017, 17, 'ATL', 0);
INSERT INTO pl_picks VALUES('avasudev', 'ATL', 'CAR', 2017, 17, 'CAR', 0);
INSERT INTO pl_games VALUES('BAL', 'CIN', 2017, 17, '2017-12-31 18:00:00', NULL, NULL, NULL);
INSERT INTO pl_picks VALUES('pgunter', 'BAL', 'CIN', 2017, 17, 'BAL', 0);
INSERT INTO pl_picks VALUES('nnguyen', 'BAL', 'CIN', 2017, 17, 'BAL', 0);
INSERT INTO pl_picks VALUES('thighland', 'BAL', 'CIN', 2017, 17, 'BAL', 0);
INSERT INTO pl_picks VALUES('avasudev', 'BAL', 'CIN', 2017, 17, 'BAL', 0);
INSERT INTO pl_games VALUES('DET', 'GB', 2017, 17, '2017-12-31 18:00:00', NULL, NULL, NULL);
INSERT INTO pl_picks VALUES('pgunter', 'DET', 'GB', 2017, 17, 'DET', 0);
INSERT INTO pl_picks VALUES('nnguyen', 'DET', 'GB', 2017, 17, 'GB', 0);
INSERT INTO pl_picks VALUES('thighland', 'DET', 'GB', 2017, 17, 'DET', 0);
INSERT INTO pl_picks VALUES('avasudev', 'DET', 'GB', 2017, 17, 'GB', 0);
INSERT INTO pl_games VALUES('IND', 'HOU', 2017, 17, '2017-12-31 18:00:00', NULL, NULL, NULL);
INSERT INTO pl_picks VALUES('pgunter', 'IND', 'HOU', 2017, 17, 'IND', 0);
INSERT INTO pl_picks VALUES('nnguyen', 'IND', 'HOU', 2017, 17, 'HOU', 0);
INSERT INTO pl_picks VALUES('thighland', 'IND', 'HOU', 2017, 17, 'HOU', 0);
INSERT INTO pl_picks VALUES('avasudev', 'IND', 'HOU', 2017, 17, 'IND', 0);
INSERT INTO pl_games VALUES('MIA', 'BUF', 2017, 17, '2017-12-31 18:00:00', NULL, NULL, NULL);
INSERT INTO pl_picks VALUES('dschexnayder', 'MIA', 'BUF', 2017, 17, 'MIA', 0);
INSERT INTO pl_picks VALUES('pgunter', 'MIA', 'BUF', 2017, 17, 'MIA', 0);
INSERT INTO pl_picks VALUES('nnguyen', 'MIA', 'BUF', 2017, 17, 'MIA', 0);
INSERT INTO pl_picks VALUES('thighland', 'MIA', 'BUF', 2017, 17, 'MIA', 0);
INSERT INTO pl_picks VALUES('avasudev', 'MIA', 'BUF', 2017, 17, 'MIA', 0);
INSERT INTO pl_games VALUES('MIN', 'CHI', 2017, 17, '2017-12-31 18:00:00', NULL, NULL, NULL);
INSERT INTO pl_picks VALUES('pgunter', 'MIN', 'CHI', 2017, 17, 'MIN', 0);
INSERT INTO pl_picks VALUES('nnguyen', 'MIN', 'CHI', 2017, 17, 'MIN', 0);
INSERT INTO pl_picks VALUES('thighland', 'MIN', 'CHI', 2017, 17, 'MIN', 0);
INSERT INTO pl_picks VALUES('avasudev', 'MIN', 'CHI', 2017, 17, 'MIN', 0);
INSERT INTO pl_games VALUES('NE', 'NYJ', 2017, 17, '2017-12-31 18:00:00', NULL, NULL, NULL);
INSERT INTO pl_picks VALUES('pgunter', 'NE', 'NYJ', 2017, 17, 'NE', 0);
INSERT INTO pl_picks VALUES('nnguyen', 'NE', 'NYJ', 2017, 17, 'NE', 0);
INSERT INTO pl_picks VALUES('thighland', 'NE', 'NYJ', 2017, 17, 'NE', 0);
INSERT INTO pl_picks VALUES('avasudev', 'NE', 'NYJ', 2017, 17, 'NYJ', 0);
INSERT INTO pl_games VALUES('NYG', 'WAS', 2017, 17, '2017-12-31 18:00:00', NULL, NULL, NULL);
INSERT INTO pl_picks VALUES('pgunter', 'NYG', 'WAS', 2017, 17, 'NYG', 0);
INSERT INTO pl_picks VALUES('nnguyen', 'NYG', 'WAS', 2017, 17, 'NYG', 0);
INSERT INTO pl_picks VALUES('thighland', 'NYG', 'WAS', 2017, 17, 'NYG', 0);
INSERT INTO pl_picks VALUES('avasudev', 'NYG', 'WAS', 2017, 17, 'NYG', 0);
INSERT INTO pl_games VALUES('PHI', 'DAL', 2017, 17, '2017-12-31 18:00:00', NULL, NULL, NULL);
INSERT INTO pl_picks VALUES('pgunter', 'PHI', 'DAL', 2017, 17, 'PHI', 0);
INSERT INTO pl_picks VALUES('nnguyen', 'PHI', 'DAL', 2017, 17, 'DAL', 0);
INSERT INTO pl_picks VALUES('thighland', 'PHI', 'DAL', 2017, 17, 'PHI', 0);
INSERT INTO pl_picks VALUES('avasudev', 'PHI', 'DAL', 2017, 17, 'DAL', 0);
INSERT INTO pl_games VALUES('PIT', 'CLE', 2017, 17, '2017-12-31 18:00:00', NULL, NULL, NULL);
INSERT INTO pl_picks VALUES('pgunter', 'PIT', 'CLE', 2017, 17, 'PIT', 0);
INSERT INTO pl_picks VALUES('nnguyen', 'PIT', 'CLE', 2017, 17, 'PIT', 0);
INSERT INTO pl_picks VALUES('thighland', 'PIT', 'CLE', 2017, 17, 'PIT', 0);
INSERT INTO pl_picks VALUES('avasudev', 'PIT', 'CLE', 2017, 17, 'PIT', 0);
INSERT INTO pl_games VALUES('TB', 'NO', 2017, 17, '2017-12-31 18:00:00', NULL, NULL, NULL);
INSERT INTO pl_picks VALUES('pgunter', 'TB', 'NO', 2017, 17, 'TB', 0);
INSERT INTO pl_picks VALUES('nnguyen', 'TB', 'NO', 2017, 17, 'TB', 0);
INSERT INTO pl_picks VALUES('thighland', 'TB', 'NO', 2017, 17, 'TB', 0);
INSERT INTO pl_picks VALUES('avasudev', 'TB', 'NO', 2017, 17, 'TB', 0);
INSERT INTO pl_games VALUES('TEN', 'JAX', 2017, 17, '2017-12-31 18:00:00', NULL, NULL, NULL);
INSERT INTO pl_picks VALUES('pgunter', 'TEN', 'JAX', 2017, 17, 'TEN', 0);
INSERT INTO pl_picks VALUES('nnguyen', 'TEN', 'JAX', 2017, 17, 'TEN', 0);
INSERT INTO pl_picks VALUES('thighland', 'TEN', 'JAX', 2017, 17, 'TEN', 0);
INSERT INTO pl_picks VALUES('avasudev', 'TEN', 'JAX', 2017, 17, 'TEN', 0);
INSERT INTO pl_games VALUES('DEN', 'KC', 2017, 17, '2017-12-31 21:25:00', NULL, NULL, NULL);
INSERT INTO pl_picks VALUES('pgunter', 'DEN', 'KC', 2017, 17, 'DEN', 0);
INSERT INTO pl_picks VALUES('nnguyen', 'DEN', 'KC', 2017, 17, 'DEN', 0);
INSERT INTO pl_picks VALUES('thighland', 'DEN', 'KC', 2017, 17, 'DEN', 0);
INSERT INTO pl_picks VALUES('avasudev', 'DEN', 'KC', 2017, 17, 'DEN', 0);
INSERT INTO pl_games VALUES('LAC', 'OAK', 2017, 17, '2017-12-31 21:25:00', NULL, NULL, NULL);
INSERT INTO pl_picks VALUES('pgunter', 'LAC', 'OAK', 2017, 17, 'LAC', 0);
INSERT INTO pl_picks VALUES('nnguyen', 'LAC', 'OAK', 2017, 17, 'LAC', 0);
INSERT INTO pl_picks VALUES('thighland', 'LAC', 'OAK', 2017, 17, 'LAC', 0);
INSERT INTO pl_picks VALUES('avasudev', 'LAC', 'OAK', 2017, 17, 'LAC', 0);
INSERT INTO pl_games VALUES('LAR', 'SF', 2017, 17, '2017-12-31 21:25:00', NULL, NULL, NULL);
INSERT INTO pl_picks VALUES('pgunter', 'LAR', 'SF', 2017, 17, 'LAR', 0);
INSERT INTO pl_picks VALUES('nnguyen', 'LAR', 'SF', 2017, 17, 'LAR', 0);
INSERT INTO pl_picks VALUES('thighland', 'LAR', 'SF', 2017, 17, 'LAR', 0);
INSERT INTO pl_picks VALUES('avasudev', 'LAR', 'SF', 2017, 17, 'LAR', 0);
INSERT INTO pl_games VALUES('SEA', 'ARI', 2017, 17, '2017-12-31 21:25:00', NULL, NULL, NULL);
INSERT INTO pl_picks VALUES('pgunter', 'SEA', 'ARI', 2017, 17, 'SEA', 0);
INSERT INTO pl_picks VALUES('nnguyen', 'SEA', 'ARI', 2017, 17, 'SEA', 0);
INSERT INTO pl_picks VALUES('thighland', 'SEA', 'ARI', 2017, 17, 'SEA', 0);
INSERT INTO pl_picks VALUES('avasudev', 'SEA', 'ARI', 2017, 17, 'SEA', 0);
